sample,SLC7A1,OSGIN2,CHD2,HSPA4L,ALDH18A1,PDGFA,OPTN,RUSC2,SH3TC1,SLC1A4,AFG3L2,DUSP8,TXNRD1,PPFIA1,NEDD4L,TRAF3,PALLD,INSIG2,RALGPS1,CALCRL,AMPD3,MAFG,MAFF,TUBA1A,PYCARD,EPS8,TLR8,ATP8B2,BMP1,TIAM1,GALNT2,DAB2,MCAT,PPP1R10,ANKRD28,COL6A3,ADAMTS2,MXRA8,MBOAT7,CHAF1A,ZMYM3,ZZEF1,SEMA7A,JADE2,ANKMY2,KLF7,SHTN1,LIG1,PBX2,SPTBN1,KLHL18,FERMT2,CDK2AP2,POLM,ASF1B,MCM5,TAF12,KIF15,VAV3,MMP2,WDR19,ANKS1A,CHD4,PPP1R13B,SLIT2,__T,__E,__platform
GSM363420,1.0733633495775714,-0.09975405392499022,0.1081407682616419,-0.3308310070028255,1.5800504420752706,-1.6425415230112665,-1.7651604488689834,-0.9126829908513704,1.9623616079128694,0.5794451220151756,1.5340670916558439,-1.088688306456076,1.0685354714280584,-0.5565280749457594,-0.5354933057256791,1.7295433269124798,0.9017762855770898,-1.6749961150217685,-0.10865304436013536,-1.1807634568173677,-0.3346493186006904,0.5702454134253332,0.17998374801872777,-0.5632287100644406,0.00924666157495378,0.31277148435697033,1.055886351627042,-0.5783616056510609,-0.35150185098692527,-0.899936755277246,-0.21167907628228552,-0.1827129409747969,1.4380367575737631,-0.2064583916564802,0.15094550148588634,-1.541146471390912,-0.8031029874145218,-1.0924605674504309,2.146116892929287,0.9865724474057257,2.3038916680307757,-0.012338248663485563,-0.16288827575590153,1.4830171287377605,0.24607771922827673,-1.0409899439357173,-0.46224603657692726,0.8334229816993441,-0.2928123337792289,-2.594517754220199,2.000663278811374,-2.1366712055133736,-0.17372805048308101,0.34596411896093454,0.878115444386696,1.0855193124566918,0.8063300977204152,1.6650563520315114,-0.6452998719411481,-1.6628434648901704,-0.0795111835260593,-0.6626951126158325,0.5225681397317542,-0.3099650804453616,-0.8741117270936595,7.3,1.0,GPL571
GSM362952,-0.6041685919777929,-0.9182753885169678,2.556823903507927,-0.6688754511562764,0.15368608380593404,-1.1006179725286347,-1.2170063996224343,0.28587635463302474,0.35749862090674533,-0.027587162594210783,0.5595016959030322,-1.1489716404984702,-1.405490758871448,-0.2568214409963418,-0.2172750322994513,-0.22828707166925155,-0.966339406086861,0.24425128502660587,-0.5893186695370736,-0.7620640186921392,-0.4152841500022708,-1.461811100456813,-0.27018867873217567,-0.07020076814254841,-1.1086634920739442,-0.5647068111624459,-0.9124235321124946,0.29267613887903154,0.26695861055453723,-1.4905781115623713,0.3626560645130263,-0.9862625040038887,-0.13163567242405855,1.881646101172992,1.8897150140874392,-0.3509281042094796,-1.1309971065364277,-1.3575480438014216,-1.6408939622749437,-0.7495367104512914,-0.15926255774517678,0.9812476602373146,0.924785049452876,-0.3186269183434509,-0.09732924715745236,-0.10171610756731635,-0.8865231070748153,-0.8807313933626343,1.39999261338206,-0.5086820893540808,-1.1768607522419898,1.8029542467571935,-1.1069097294746222,-0.6945963416670747,-1.091857681306572,-0.7456009211648752,-0.8183784470802071,-0.9289444372964546,-0.2577669166847143,-0.8186971951448575,1.8880320913832744,-0.7921600810929657,0.12320805941183276,1.7088699848343485,-0.8665829775131142,54.3,0.0,GPL571
GSM363424,-1.057862152912307,-0.2156508800619075,-0.40529279235451326,-0.8458704195573764,-1.1551065746422886,0.5462343731027943,-0.04834196662879294,2.1986215048013324,-1.7377391676845824,0.12537533769426623,-0.10845885624215557,0.22462718518177596,-0.14252631962764373,-0.6872824397570256,0.5733293737284435,-0.6551396294995702,-0.038316391993928875,1.167079597779927,-0.7514709286329083,1.496907201372718,-0.16304185689989334,-1.1747269492326764,-0.5276267331738232,-0.2023239119580063,0.6413140058321369,0.020687799974284,1.2165647094833307,0.9435077120391571,1.479887532974215,2.3569226356491915,0.19300151072796162,-1.024225475485578,0.6283114448476147,-0.812766579812222,0.8539665081241679,0.40134251018585676,1.2098817786730007,0.17800475699671583,-0.40545100684879587,-0.2510834952071876,-0.6658504153024547,-0.8431816380029468,1.039069565507421,-0.7392144505568072,-0.6207035007399802,-0.21831561828891102,0.14399469131121959,-1.1901749385044644,-0.6643500429613832,-0.0044830971447188655,-0.5332650283596514,0.3229212321148303,-0.23341673821888997,0.12717961185453094,-1.4191170604934025,-1.024276458402905,-0.8836213955002131,-0.9945231089367684,-0.43187592556804005,0.4739017804026535,-1.8546501415862657,-0.887928687911668,0.8057507421404256,-0.5724355114676407,0.509923404129969,63.8,0.0,GPL571
GSM363444,0.5879112393776418,0.04801439939957965,1.6155290423783062,0.19537025040584896,-0.9018752211814284,1.0831975249540056,-0.5329101461627425,0.6040779507793234,0.5079545259385702,-0.44552407283122786,-0.0865585102701827,0.894202788295501,0.5869942354606712,-0.45809501379570516,-1.8508613862545888,1.0750360715726572,0.8494744105053786,-1.2584723311155652,0.7860799567222384,2.600067397630807,0.8107787992576381,-0.013908424717691594,0.5943626484836257,1.1036090569126755,0.8150539101615368,-0.034538106736728136,-0.2596677033213229,-0.06944067626269165,0.6481648433150068,1.977356873773171,0.30817983164626217,0.7853428318082825,0.2665898912117529,-0.6794833143124681,-0.7721049805124686,1.4337418673542819,1.2640555896583594,1.4667941005464664,-0.6525395979340273,-0.837698503623719,-1.7875806713221436,0.863473468449503,-1.1402179302913231,0.7626653917468854,-0.7235419505667224,0.7598247216533548,0.9788329787348659,-1.509797547631223,-0.4137269728621795,1.1210731593226555,-0.27950442865747344,0.5439280888292504,0.05192430559131569,-0.9667429236774752,-0.5865306987386741,-1.4977782561878765,-0.9950117952416848,-1.3661355815652123,0.18031381534429777,2.050813909301884,0.044296811663813454,-0.34523991593902387,-0.2059614613367066,0.8711518591549022,1.5764962613739264,7.3,1.0,GPL571
GSM363446,0.2158825194113403,-0.5198800486713151,1.8393334149545781,-0.7199010276322699,0.6743607544422957,-0.6765038895422274,-0.14262446309919774,0.8480325078248193,0.9286738159349667,-0.7080896245075098,-1.9196174681243494,-0.1220019855619844,-0.6319971268459903,-0.8430123573974093,-1.3112738791405512,-1.6757915233338454,-0.9904787330430358,-0.27824321421969195,-0.32003009639577684,-1.1807634568173677,0.16776770782453249,-1.017454762040322,-0.37619258350226586,-1.201592110183336,-1.1880649868127198,-1.6618614911545546,1.9295749224706085,-0.3141142000071032,0.39758172527665736,0.04620033896005389,1.7292312775707022,0.25024570997113665,-1.007731912422841,-0.32928806770527186,1.0221191153099152,-1.6680592586097056,-0.1102484574438875,-0.437682284850747,1.6368118378352428,-0.24091098061036878,0.9598830663481985,-0.4491734327491812,1.0508921016509951,-0.15956836070639985,0.36544377706288733,-0.29766806308555094,-0.7292479861143913,-0.331061938176488,0.8701666494004102,-1.0861050015938483,-1.0003316394056918,1.2197813151688268,-0.2872821393463267,-0.2596954311994708,-0.7998909802673424,-0.8935702329726788,-0.5987802304470183,-0.1711464538972739,-0.33864335952083974,-1.0795618410036516,0.5010479290534812,-1.1841019719620975,0.38218702058899434,-0.7342922772647155,-0.8816404766742053,52.1,0.0,GPL571
GSM363422,-0.4408389100413679,-0.6763407639561528,0.48992469795058036,0.0630226614212427,-0.24683289360665087,-0.36151857644706,1.2299532762141616,1.0566313319651714,-0.1788488183270718,-0.710498482779769,0.6383429414021352,0.12343730303918792,1.1773868586003267,-0.4287120104673315,0.27981748799058775,0.11888634203274118,1.214246462287572,-0.6962388136167305,-0.28528318373238365,0.15055032548500608,2.696393318186876,2.0705721515619055,-1.2978758853668817,0.5306118437340581,-0.35002544828267373,-1.0997844850735865,-0.45047325327566684,0.1850197884314908,-0.03160850881030675,-0.5296286949103965,-0.18833211933938582,-0.5478805714177136,-0.5364983287871329,0.2717933257249877,0.2672212404973077,0.6065072232027668,-0.31838994175605334,-0.20313484033742743,-0.6979232167047832,0.5542405770409413,0.5179110069487377,-0.5284033435882534,-0.3638713901966526,-0.7820379083821665,0.7143599461179064,0.6140753332513618,0.17599834964618974,0.8028857897445589,-1.1897791109763807,-0.6091034653957796,-0.0036776898507606993,-0.47698100412251476,-0.4823622407267742,-0.011561782895869033,1.6818259785661163,0.2272973039714321,-0.056149854563558435,-0.06367029759787135,-0.23867108990396207,0.8363766253974576,-0.5981662985106618,-0.8382708917834514,0.5177274114854526,-1.4451496946167246,-0.36341154721331775,51.6,0.0,GPL571
GSM363428,0.7864021722864913,0.029181165152330754,-1.4782372844113543,-0.14426874301247733,-0.28300880124391725,1.9029033987961559,0.14680087490297747,-0.028789668222761494,-1.2236814921591836,0.7119323269894468,1.3282038395192959,1.2171492206654657,-0.5224248695599987,0.3367152262368191,1.1722122112945745,-1.026975635431759,0.4826907481435042,0.8800755770671725,2.708742457429991,0.5792784926671274,0.8810758317615803,1.5188713044268285,1.8079008569879709,2.45821897350484,2.31896538971874,2.05422840931089,-1.9568328581783712,-0.06944067626269165,-1.2925214325564767,-0.4666763246480325,-1.2047029782535814,2.33007421900369,0.4491099412115017,-1.136827852792014,0.5963710247757895,1.4718814614407585,3.151585214516631,0.4357626257066662,-0.32476901792300655,-0.9106015249009166,-0.751143268870773,0.7564060213696759,-0.48603759701358096,0.9217239493839365,0.8153619950548848,3.328252832826258,0.979747368973009,-0.17430435280858736,-1.284312374259414,2.321945447821303,1.1989268913465212,0.9987744584544067,0.13199449645642541,-0.7292816903546747,-0.2945639976994432,-0.7751947835264359,-0.11184505443429499,0.07659519452169011,3.464796021633612,1.673683747124001,1.069895474520465,2.0507487472473884,-0.4843033354990765,-0.8874000286943781,2.7032991152622476,3.8,1.0,GPL571
GSM363426,0.5879112393776418,-0.4778674491966827,-0.4974475340035685,0.1124536886323601,1.254467273339879,-0.48676864189041413,-1.0701011144243588,0.2399139018563374,2.2145145598643525,0.5806495511513058,-0.8158400311368929,-0.8927674708182994,-0.3681586652231411,-0.4419343619650991,-1.136352654306879,0.9080892933990211,-0.26093462947865004,1.0743552218573449,-1.8952234704695992,0.6845801477644898,-1.0769032794511253,-1.3819268148987927,-1.012904349166769,0.5459103130179535,-0.4569423124853814,0.8355767345545528,-0.9425507242105499,-0.3287946114317639,-1.7350405559007995,-0.9999199315762958,1.6794244360925181,-0.29298633432637067,-0.8816271506048361,0.8833283086062095,-0.16210456508332283,0.6900197826679833,-0.6833503526047829,0.054623028372521816,0.4391885647180599,-1.2700303739885033,0.8280668381062555,-1.277875473147047,0.06962160173438103,2.0259573975950023,1.8566012995506505,0.9816876795541674,-0.5326540849138612,-0.12951647127490276,1.8616666898805934,0.4432288710411891,-1.1511169232866942,1.3424044743781147,-1.0646909015639285,-1.2602343356494783,-0.8239541699134324,-0.16358829472084888,0.8588427147413958,-1.1238588224496089,0.050012879663873945,0.3869468984497215,-0.9076862864853452,1.704917667068742,0.05785822808675654,-0.5724355114676407,-0.4989290396631388,1.8,1.0,GPL571
GSM363448,-0.9455729965810146,-0.5734823307596392,-0.2538957167882129,-0.6114716776207854,-2.3437435398667357,-0.19658532195234607,-1.188502389061614,0.5439732048405768,-0.2596492117700882,-2.1413602965018934,-1.1990960856464277,1.8974897048581894,-1.122909674291784,-0.2215618370022926,-0.9199246981567424,-0.3781597475296743,-1.0159591337189975,-1.8030440627243836,0.4733577427516986,-0.8372794866188267,-0.0472585092463455,-1.2021871723932462,-1.4713368204452113,-1.5687553729968178,-1.034765071227955,-1.205327329010187,1.4174126568036916,0.16544590653194033,3.0073782418675683,-8.816858580291316e-05,-0.31129275923865385,-0.09684431500430926,-2.2853722624210704,-0.3684890281463773,-0.503776352024574,-1.2695662583268617,-0.43244007014628133,0.7265037288013011,0.27026065040468833,1.4816348244508906,0.2387707589069705,0.002651193927689588,3.446926093415255,-1.3448604969440394,-2.6793088981645874,-0.07418566753582817,0.5390112741885635,1.3525552449307052,1.0922098957163715,-0.21160218523072302,1.4232659722426495,-1.5834411383830875,-1.6091681994466696,2.048214308398547,0.22359668601303623,-1.0551033983628646,-0.9806901724177821,0.4518509266857067,0.25894369032386444,-0.8460537872199366,-0.8675323420994405,-1.1273502049584223,1.967525521252925,2.174754999898897,-0.645739656483777,51.7,0.0,GPL571
GSM362950,-0.19130745152738565,-0.34748351979265046,-1.1951905779178311,0.031131676123747964,1.0257838572043052,0.09731829695928712,1.6399725050505791,-1.9486059649720973,-0.2735803140878494,0.3361504365169694,0.25946695608699666,0.9609450509852948,0.4320071610100904,-0.8665187600601088,1.31550925988713,1.5284483441124186,-0.07586645614797878,-0.013316425869456514,-0.12023534858126642,0.8776331821096552,0.25253765878516776,1.5463315275873961,-1.4190232051041278,0.5785934064880933,0.6051509488223974,-0.9390157344259729,0.10185860185532666,-0.09390802863713628,-0.15956584568095417,-0.6147995487947723,0.3050669040538746,0.887481302699494,-0.6161434415142951,0.3031540940778721,0.032880904951213354,0.599273851910504,0.7508300119023347,-0.0003490289352873292,0.023172059319459183,-1.0428442146595571,-0.3324328968081245,0.30672274363440044,-0.5215052054443015,-0.4608619746919676,1.1863149747870623,-0.24908493361821948,1.025466880880108,-0.6323622321303762,-0.8446227775941436,0.7424008871654144,-0.20227294179159347,-0.5539769413004415,0.5876666735614989,0.3432960152157336,-1.1351714226695349,-1.4225605226855764,0.5119411841179524,-0.5154344800089211,-0.4116568148590079,0.5628107046466624,0.6850868408222104,-1.0723719306736126,-0.19385964072095166,0.1384219058843683,0.35432924613202743,57.5,0.0,GPL571
GSM363438,0.22949332623937624,-0.8443911618546829,-0.31972053225182123,-0.5923370864422874,-0.8463193630241986,-0.49296914017968896,-0.043956734234819085,-0.15607030668127972,-0.020034251904590957,0.3602390192395636,-0.2508111050599811,0.07607182629159268,1.2098260137178902,0.270603468747977,-0.25977001912345077,1.4943001394859934,0.8769664217610221,0.47826994806931394,-0.49086908365746024,-0.8448010334114957,0.6557118157930643,0.9821487608338765,-1.1904953065088684,0.6356149738189756,0.08078662218117738,-0.6309778992156598,1.3069462857774918,0.6547929540207548,-0.35416762883839564,0.6590601788671884,-1.0910811211314733,-0.0814783503569585,-1.6017517115129267,-1.4635025231345469,-1.4375599791624452,1.0950885750347026,1.1557079676876423,0.46508105627083113,-1.3106020701099936,-0.929251134995084,0.06818505177033629,-0.5112725520554809,0.10114836478391082,0.9293709954241792,-0.5674478749368459,0.027838904345566635,1.0035215151647008,-0.9580922796480923,-0.8929886332273238,-0.9019991455174023,0.12504145492570698,0.7934519593132695,0.389674928876866,0.28726583656653343,-0.5287790435880564,-0.15125751873686552,0.437150487148677,-0.6247322660761099,1.6405829221076733,0.8862047038199241,-0.7989360204401859,0.4723402274576724,-1.481493354237304,0.02905922629175168,1.7145233370172612,56.6,0.0,GPL571
GSM363432,-2.0004105257537583,1.0143041873161265,-0.9516387607024756,-0.5157987217282983,0.08391826193406397,0.16056337950989188,-0.8618025757106706,-1.1707798410589225,-0.5285194865028857,1.087714217461923,-0.38440321548901824,-1.4740710490842335,-0.4539422087562532,1.4312321002187636,-0.7193088301271646,-1.0459468602242188,-0.10537007798330233,0.5901279253727476,1.6026324043119773,0.621900591158918,-1.4780098766794934,-1.0623896726667104,-0.1435346626432365,0.1272885626131881,-1.114952719379986,1.1706139019346933,-0.07890455073299589,-0.7055918379981565,-0.4394725200854939,1.5940880312934824,-0.7253121290260595,0.6497607908022487,0.7610532993928851,0.6664163274987694,1.3119140340768405,-0.12998149019126878,-0.4923163875511507,-0.8163786796378779,-0.007083686527712919,-0.010333983082483473,-1.86253499718521,1.4287895890309927,-0.38357561710261,1.9403104819442825,-0.4040081957479155,-0.5438225857200286,0.20891639821930139,0.1860345122578849,-0.6291748752281615,-0.18022050521769095,-1.8131010964228116,-0.14048024164120712,2.1075444783464734,-1.0574584510142777,0.11611443892716687,0.420890486919975,-0.07842793451185334,-1.1074641545395307,-0.538587898754594,-0.4855329845162094,-0.36895419930778955,0.7099882517855614,-0.9223892417894146,-1.2723566608603902,-0.535317995969109,34.4,1.0,GPL571
GSM363442,1.3399083166265984,-0.07657468869760675,0.3121976961988331,-0.9750289100122328,1.263511250249195,-0.31191459013286027,-0.5657993891175347,-0.6333727009007277,-0.36273936892152303,0.112126617196839,-0.027427576145854428,-0.6710109205909228,-0.6399266980969509,1.2064521247566995,0.49328067761811956,0.2877302426856238,-1.7850649120171138,1.1214533175640535,0.3256833639322799,-1.0328397032282157,-1.3208753334353902,-0.36090579011034146,1.7239237376246526,0.47706720124042534,-0.6912160296354318,0.20477415567765853,0.2524945623455984,2.3479337383320593,0.13900127368388981,-0.4259424380076786,2.5105761032597167,-0.7150984219918219,0.8506540512109431,-0.013066986813701043,0.6249927451478315,0.1915747427102342,-0.7688879488974534,3.240559149678444,1.2384445175141576,1.123901394462774,-0.17735498122936447,0.5915221528667416,-0.9274122797069979,-1.0512139289987146,-0.21302250321253688,1.3331056493678615,-2.3934382195328334,0.4344036734901429,0.9976766324333382,0.6775454151384864,-0.33834746626957274,-0.8762191968969483,0.009705477680622063,-0.937393782480277,0.1963250710808013,1.5035326183137372,-0.7451790415358105,0.5720784913596149,1.4900628757182175,-0.034149215277396464,-0.13137669502451912,0.38011860607669934,0.9703355025146975,0.9564547492371448,-0.5064577892436836,4.6,1.0,GPL571
GSM362947,1.6506884058667404,-0.2837402654173459,-0.7015044619407568,-0.05975763197411458,0.6033009358690943,-1.4329646808337728,0.9449131706059545,-0.9586454436280577,-1.216715941000303,0.7697449255236729,2.396940722951593,-1.1446656880668713,-0.32058123771738084,-0.0026584622059039682,2.333412432648045,-0.29089211348436406,-0.15029604759618342,0.8153156954704475,-1.1568515763724954,0.8425326304105336,-1.1947541868842024,0.10591800361933924,-0.9082771184846019,-0.6897887741402997,-0.08666405484218086,-0.3978018486580533,-0.5508972269358451,-1.3368495292587272,-0.5114485220752334,-1.2258078484000736,-0.9152007121616363,-1.6406718219263436,0.5055252293932398,2.0201561613982255,-1.1298764851629939,-0.7198300401148849,-1.1167408404876482,-0.5317455829107761,-1.2021856474909662,0.04731026629948747,0.5024032153908612,-1.1943628644247803,-0.26140941028568165,0.08819593099746782,0.20751330054324854,-1.0976702616476022,0.4594593234702097,-0.06029883617738674,0.1490757108693667,-0.8245910014852578,-0.7980586976140983,-0.12051833200248514,-0.14024415248494504,2.5044600488277484,1.1315810419921823,1.2655486418228536,0.9368159945604259,-0.1656815645939142,-0.82727186832243,-0.6907074250793063,-1.1335522236560591,-0.08985696442248528,-0.8521986822180346,0.14498366665992557,-0.6695806968221715,59.2,1.0,GPL571
GSM362948,0.23970143136040217,1.7125825647910529,-0.9187263529706714,2.7004071455241134,0.17177403762456725,0.703727029650378,1.7035583747631786,-0.4742719028275784,0.6751277537517083,0.8504416776443653,0.04265353096446028,0.1751087322183822,0.8904805533383213,-0.646146235097301,0.1048962631569164,-0.5451065257033104,0.23727425742239672,0.4797417635601491,-1.0670887186587292,0.5216133005900008,0.45102339761982435,0.13587461070359808,1.8354343387464365,0.11268547829674284,0.3803110726314098,0.3434525436408664,-1.3643314135833056,-1.67449899202601,0.2003141642677408,0.5979593489066592,0.13229942267642378,0.36413462441620426,1.530956055755454,1.089786700262692,0.0954909182650555,0.6841015697924953,-0.0988434446048647,-0.08952592190128837,0.3055590205597217,-1.1818685808160758,-0.9940986699441602,0.07331570900037651,-0.6909615568355245,-0.9885081514687227,0.46828222688962967,-0.44341745148754397,1.3180717570855485,-0.17634016560557375,-0.5346416119451282,-0.2534444252480966,0.8238025265693872,0.16322595500505693,0.7492628769438092,0.28726583656653343,-1.204152566321661,-0.04274669007780956,0.6790267837301607,-0.4425692892974613,-0.5475741701808302,0.42114263854357115,-0.43755052096704417,1.5807731767482036,-0.5496531668241549,-0.7102324877543396,-0.2090721808121331,61.4,0.0,GPL571
GSM362954,0.9871615730000142,-0.8212117966272994,-0.7475818327652843,-0.07410857535798807,-1.1499385878369643,1.408103635312014,0.6883770755585715,0.6182202439413828,0.4578025575946282,1.318964611598832,0.5157010039590846,-0.798036517323109,1.3417452445293148,-0.37582260447625704,-0.3427834817563794,1.3994440155237005,1.0077211094402998,-0.8198713148468413,-0.4040018019989767,0.4163116454926361,0.976183581619852,0.507835815333131,0.09462995456748585,1.4325261465164192,2.131860877364002,0.6294000161667749,0.5838936754241928,0.4345867826507878,0.25629549914865113,0.47390614868376446,-1.3447847199109741,1.3665378475874783,1.1559603166650638,-0.663802930136026,-1.035067036430605,1.2358105256296348,0.48851471660480894,0.8865334956307016,-0.5743789211621675,-0.37315367036900926,0.12504695414921513,-0.8388989401197542,-0.5609136592562146,0.10043120466185636,-1.2414070014799603,0.2999044293626209,-0.19432969680132087,-0.6282906065364052,2.0639239043466167,-0.6404851454088117,0.19491756209007535,0.0035306778952847993,-0.9409460611360332,0.17787358301333164,-0.5865306987386741,1.4640741351649895,0.1332138249969447,-0.2002925301818578,-0.5745329844595387,1.36983017086151,-0.6650895391538365,-0.44987598635205034,-0.06558034219394679,0.3396492363347848,1.4309404361500446,5.5,0.0,GPL571
GSM363436,-0.3149389468820406,-0.46048292527614515,0.7729714044441004,-1.5076083644804064,-0.770091557645674,1.0125118444562717,-0.20401771661481227,0.5899356576172672,-1.0077494062338803,-1.5054217126253935,-0.07998840647859046,2.084798635632768,-1.0832618180369844,3.4131156747176083,-0.8092400813128379,-0.6285799147901276,-1.8802811461220246,-1.9737746596612016,0.6384055779028172,-1.4314816832396606,-0.5414052965534586,-0.7753055214425737,0.24606410423904324,-1.21897673436958,-0.18336092467257098,-0.6542955042714207,0.5035544964960484,1.3007310567059904,0.19764838641627047,0.6331386146415086,0.5805609959800814,-0.05888134352262007,-1.1404737669681113,0.7291378642045359,-0.069083973874187,-0.2963490299133144,-0.3782662591609227,-0.36682941098734867,1.2787855119770521,0.6813970095011724,1.9136122471575667,1.302450001476796,0.43217937680397356,-1.5865071518157123,1.680306814133378,-0.08714116872711647,0.02238078963833345,1.5642797758172189,0.6459249551011218,1.0750466953035431,-0.24272753014991216,-0.2916204146200995,2.503527967715739,1.5732918417529436,-0.39242096892687744,-0.4102038144005215,-0.5765021504987234,-0.021772812938780976,-0.05782237745095998,-0.6496725369666871,0.8272987271889564,0.2808030138202677,1.413262137051337,1.0023870746660437,-0.20279822282834528,3.8,1.0,GPL571
GSM363440,-1.4559782526323422,1.0838422829982768,0.4043524378478854,-0.6162553254154098,-0.9315911453120391,-0.638060800148723,0.47350068825392266,-0.3752758506931757,-0.5633472422972887,0.9299340006289275,0.43247968926558533,0.7068938575209225,-0.7877050714102957,0.9728572482961226,0.15529729404119397,-1.1047576570808402,-0.9240955839135557,1.3333947482442425,0.1751134090575749,-0.4536806001927186,1.0774940108167086,0.3255997889038958,0.5847259298681629,-1.3364967938685925,-1.4058294822844108,-1.320688111917635,0.05164661502523756,0.6694733654454198,-0.47146185430315696,-0.5000040500810485,-0.2661553091490496,-1.6316330191926083,-0.3042000833329087,-1.5288374572030545,1.5462543696229347,-1.5102402485966981,-0.10454595102437547,-0.3985910440985271,0.46692299841130025,1.2374944741272471,-0.6141577767762029,-0.5112725520554809,0.20755119007607428,-0.6428616704497466,-0.9145276431021011,-0.3300568160637724,0.1503954229782133,-0.9234834620993343,-0.14331787091303794,1.0875993673087558,0.7392156600019957,0.9902193543235257,1.1001158950981946,-0.5024928720126731,0.5701066169167385,-0.09206979401374409,-1.599702536695394,0.23325535455132737,-0.4206430862852441,-0.9144452674076359,2.5873799561044493,-0.4942133043236706,1.0647297033175873,1.078940950380876,-0.6131150749680797,55.5,0.0,GPL571
GSM362956,0.6253409581547386,3.3612149165886995,-0.11566360431463005,1.8090541064591164,0.945680061721789,0.7186082255446384,1.6202389592777025,-1.8496099128376946,-1.1470604294114959,-2.5135288995659817,-1.3458284036586474,-0.5073847281901419,2.2925729245307864,-0.4066747579710499,1.6693047315846128,-0.6418597721448498,2.283082216958188,-0.31356678599972343,-0.6009009737582046,-0.5564750730258585,-0.9817955295928519,-0.07132525496251804,0.5509974147140435,-0.3108039668801713,-0.3350885334308248,2.038274258483264,-0.43038845854362856,-2.2274611556883746,-1.4844574378624478,-0.4592701634406963,-1.3681316768538725,1.6151049227652066,-0.5165870506053415,-1.4870230993992102,-1.963484090998718,0.0725529059920909,-0.7631854424779426,-1.1156709916470617,-1.3332938794953726,-0.15783544473635072,-0.66068115144983,1.6771860662561917,-0.7382517014098192,-0.17792127120298334,0.6464131131966662,-1.245039087698507,0.7886398092013295,-0.9479132156631639,-0.6775407308613418,0.41812352703076344,1.9123987223932248,-1.4736506353701186,-0.12277429265983102,-1.0467860360334764,0.533209726126067,-0.30785837373345726,2.943434481331812,2.6250552396549915,-0.8328882879638281,-0.8069729413983944,-0.12301128994412247,1.6747682908480406,-2.5730775737784235,-1.4932692736374766,-0.6482492396772925,13.3,1.0,GPL571
GSM362949,0.5277968425538189,-0.2069586181016384,0.07522836052983771,1.6767065174745115,-0.21453297607337854,1.3088956626836146,0.2147719770095508,0.25759176830890923,0.48705787246192717,0.024203290259367953,-0.05589802590941954,0.43992480676175305,-0.09134454155326603,-0.6637760370943262,-0.04531857398838378,0.6652576160555503,0.2560492894994217,0.1456396471406845,1.304388070617851,0.14052159642811549,0.5936850224072335,0.011055414519191493,0.2295440151839642,0.4874979757521724,1.23407367942656,0.7177614669043934,-1.4547129898774667,-0.50495954852774,0.8560955157298094,-0.0037912491894709975,-0.42335815256456827,-0.13661504703274538,0.9037507930290514,0.621988572332184,-0.07981711901370157,0.47301864390009773,-0.4923163875511507,-0.1457195804826048,-0.4457920013116905,-0.6952832992682596,0.14313937763340281,0.6065115954579168,-1.195389765628001,-0.366038603792956,-0.31402455214951697,-0.5162921456885404,-0.054427990365594286,0.8598885480601601,-1.1743899750930968,0.1105830629030604,-0.4302897125384792,0.29297836765674923,-1.3063572958113485,0.4473520612785336,1.1748947833551437,0.4529505044783322,-0.9058994754485067,0.22232557594460803,-0.35773918630159096,0.5569485777734308,0.2751819918827657,-0.09163045714135072,-0.7795877585235029,0.3812070545799795,0.147288632667024,18.2,1.0,GPL571
GSM363430,-1.8404835455243425,-0.7270456253910542,-0.5896022756526208,1.073966895351848,1.0865077021668594,-1.601618234302052,-1.0218635580906639,1.265230156105524,0.9286738159349667,0.26508911748531494,-1.4334297875465407,-0.9530508048606918,-1.429279472624328,-0.775431449742148,0.05054221024249802,-0.9852389408883512,0.0837213165067315,0.5018189959226682,-0.2244760865714459,-0.6517479990663304,-1.0086738067267114,0.7474886720071927,0.7698885946938401,-1.327456789291745,-0.2611901125848355,0.18145655062189764,-0.018650166536889855,0.9092534187149373,-0.6180796361341062,-0.7221888863011591,0.2490342073909181,-0.8533921038179757,0.5320736003022939,0.22213877583292235,-1.238996794081404,-1.4688127584682837,-0.32694370138532075,-0.8982259649628386,0.7896509541144552,2.537880923420541,0.40418720219098003,-2.4234971569012016,0.1602610455017796,0.36654840686230755,-0.41135379930696936,-1.0992896992965138,-2.5415694381118374,2.5088969136185955,-0.338979741429084,-0.18231261721855851,-0.44867816179225983,-0.8206110200462241,-0.16353729891843127,-0.675919615450673,2.3571995012997196,2.161996055858461,1.0434325200272643,1.8800086646303165,-0.603738366594806,-1.2300230974165902,0.08779691808187662,-0.8187624718759394,0.28295209153980305,-0.8283441817143645,-0.9217938077704484,3.7,1.0,GPL571
GSM363205,-0.8525946351078664,-0.10010864245780081,-0.7921971735623026,0.2062821817142303,-0.57874463398758,-0.9525981874927184,-1.9564063456999665,-0.7943225898750309,-0.7929634589514784,0.548514469319344,0.5623503438356012,-1.5595446082734432,-0.5738689014511693,-0.662109783110862,0.7952697334918472,1.0609425375996244,-1.9738387625705782,-0.3203806133766391,-0.5619351739268371,2.2006559492214675,-0.6041202751201598,-0.9055814655430615,-1.3769310782593531,-0.4233053593088683,-0.39621130135473687,-0.21425083651722285,0.4012332946064004,0.07898123631682535,0.2928219821662544,3.0273016268974553,0.23675979463778993,-0.4697056246884091,-0.5444772238205395,1.0443251706328045,0.7997874791353846,-0.6434838113492309,-0.32235345204996857,-0.4438451629402869,-0.21812130761387488,-0.48724627216288396,1.1361366294745279,0.2259514887152279,-0.336658544063422,0.27067931260177713,-0.42475980734758817,-0.5325715585223654,-3.1988152021358673,0.4232740221989383,0.7053306640449363,-0.06294301730168234,-0.5925907596992515,1.2512242593747116,-0.15000577962802011,0.935483462225444,0.4709859359333085,0.21084141155329283,-0.7984308483541052,0.10601055572521113,-0.15395446858748765,-0.600713597763061,0.7132182380153933,0.3856471040772845,-0.3194403704945848,0.4138483188677507,-0.2871856884763584,58.0,0.0,GPL3921
GSM363115,-0.5830365848212998,-0.3523678215831516,-1.1158036076167621,0.07266621265581961,0.7124134407583612,1.3338904392879027,0.49358687135139995,-0.25618982550849473,-0.35982109446418875,0.1310594852046808,-0.6958480269355655,-1.1576654029985354,-1.0474354558463683,-0.046690806748068435,1.4020937344812257,0.9282785442794773,0.5051736717177702,-0.2692333648460896,2.3288039321298677,0.25551087710917425,0.07084803414834948,-1.331600414078628,-0.861245231155081,0.21593635193506497,1.3203208287076862,0.2594432627096097,-0.02384726988560778,0.1823517714962894,-0.5363464695121228,0.9175337512811371,0.1090580433702317,-0.0024114666970603002,0.23392819317690963,-0.7663180680695537,0.7213919512188269,1.7844662098177133,0.9088189626137768,0.30199279422401953,-0.12209579171214933,0.2868606557763326,-0.7119923661470179,0.4679415954204004,-0.25602236290985103,0.9672397279660755,0.24737883911067465,-0.67089873679121,0.2823469345672187,0.18774349045537506,0.23567513149114128,0.05758924341625584,-0.0802351156184047,0.7064765806160144,-0.720336491974506,2.0056066003225883,-0.5264838640677204,1.158867159448543,-0.3502680284618535,-0.5232019076308132,-0.702335794114158,1.545916067483732,0.246849376370295,-0.38450422393792005,-0.6878139642622704,0.08565629855488896,0.49676963357317144,66.6,0.0,GPL3921
GSM362970,0.5170095625909309,-0.5078298738348219,-0.12251163642182436,2.8954793695003564,0.4897999795952677,-0.5719149539151718,0.7451549141747001,0.8497186097362893,1.3911799534631477,-0.5102819708373982,0.8739602207088341,-0.3539069924487199,-0.906553649341703,-0.23605049178277482,-0.7386840329289623,1.9368650575980397,-0.2747892022059934,0.253121513763781,0.6127933190709027,0.772368369028366,-0.6263110140550149,0.08297987835607035,-1.2957825439434527,0.5059234858437367,1.490763248567384,0.31794163038521295,-0.1291769672818577,-0.7036813871848295,0.0840093892007941,1.3674481054788337,0.16539705128238996,-0.267315680006537,0.5134150046210988,-0.0489215295062634,-0.6182088240570782,0.5280231166074637,-1.4291650167476806,-0.8623327947656454,0.2765006893893529,-0.9215868109161082,1.0337049516511645,-0.9281551740325132,1.5839486797761952,0.29770105285297804,-1.27712024472433,-0.5391585670113573,-0.8300636711346783,-0.9440676553727544,-0.12300694189382451,-0.3581240639578479,-0.35745169599065013,0.24623269690021649,-0.5568331049135489,0.6760596711715905,1.1999061743955979,1.3783075549134631,0.29240990423085433,0.3812910084434714,0.22898692117902622,0.006882808714654945,-1.6500988154744942,-0.45696469834795306,1.4750345044088264,1.5256448820624469,-0.31490905939363023,67.3,0.0,GPL3921
GSM363354,-1.2771875177846834,4.098833391471738,-0.9764730596210914,3.2738235345183826,0.05681679763305199,-0.08929144021644113,-0.3128284659210691,-0.5366573255808841,-0.5441369942460145,-0.057844725484077,1.4834613006306925,0.533491252701456,2.492432103978677,-0.7410096518753222,0.47496396904979243,-1.3253085217358607,2.317261329752468,0.22700376983328746,-0.22838835399721766,-0.7896173636485636,-0.069693312439067,1.2804385445100932,1.2610507106712585,-0.8667528378042464,-0.3440540581189822,0.9742647799163637,-0.31350393772529633,0.6667165649086323,-1.04722776492276,-0.9473654833499939,0.6499125193269524,-0.7674298290273783,0.30553225230723813,-0.6544579009339065,1.3705619367734756,-0.3595980698260865,-1.1534984659896363,-0.45872472318296637,1.1389185303180587,1.9278972880818661,1.3562557669247355,0.3609075097623438,-0.41729472521699457,-0.24423495996277914,1.6256323712987164,-1.4152306960473777,1.0849414285933676,0.4311777313178496,-0.7313792984086566,-0.9706247357693968,1.1053607950807511,-1.8633441864921976,-1.1490500974178,-0.37514714882787686,0.7126805413181719,1.5577514250966007,4.756920773226926,2.024546772118804,-1.2067540597884796,-0.8549336220011339,1.4184938478038407,0.9301358117869586,-1.5882827490277278,-1.1349230129457544,-1.0295559541499792,10.4,1.0,GPL3921
GSM363039,-1.262385197104207,0.17561650681874674,-0.8236589102064866,-0.9667253782301355,-0.3260783555674688,-1.0609097351214765,0.5439004799160595,-0.4340472645787908,-1.7474565113930716,0.6254754440443933,-0.7330844273166439,-0.9985457176612627,0.5922250873284076,-0.650633438563304,1.600764398502246,-2.298177806083614,1.015584158889731,2.1161872474723165,-0.5312137563017407,-0.11786567068103151,-1.2476517042309578,0.08955932157669612,-1.409652261451249,-1.8076235022013591,-1.229795813783315,0.9286075173402836,-0.5091162328897588,-1.1644186296990093,3.9683290797038953,-0.1551434095743885,-0.6195931256270173,-2.1333665985405523,-0.6738264919269408,1.1666256200344465,0.04196404260866604,-1.0207228155834893,-0.5793658753131078,-0.2522708248157896,-1.3033908175220577,-0.9058244526549034,-0.021123390189434887,-0.7327016263091048,0.1068404522812224,0.4192988839833841,-0.5311202085453792,-0.8586284787274998,0.44701297817440716,-0.841319436826904,0.683532305993916,0.9554315936620992,-0.7955528989003591,1.6314913370677657,-1.249469500494608,-0.5048590443548037,-0.9638360071450937,-1.4744175861305076,0.11501212135683703,-0.7128083419010435,-0.5565635430247907,-1.0353138051742052,0.3527122468050718,2.089503402347483,-1.3233122693000927,-0.1706284813523463,-0.42426235578953736,52.8,0.0,GPL3921
GSM363209,-0.1140367401030539,0.4704077568431392,-0.0550936293271448,-0.6783961818409326,0.7814236137189204,-0.9016280474321263,0.570454884436297,-0.45912972393485835,-0.43354745437691883,0.09141292246753431,-0.9956990405305643,-1.1066655038519737,-0.9354089591077194,-0.3838084278325826,-0.16699906095010544,0.28536842280491287,-0.39304444284549306,0.036561887006772494,0.7415306881665455,1.5892314713990783,-0.23797308269505174,-0.9302543776204119,-0.39136904051946214,0.16619403334489072,-0.4763099248953602,0.2865522623641575,0.028817578812516346,-0.3699422307482742,0.12455552375719484,-0.5016876108302414,1.2934291874791604,-0.33373709042336747,0.150775092251367,-0.16078169664191186,-0.21797902364097063,0.26785828610107776,-0.5627844286509698,-0.5052233489413386,-0.45003198752747664,0.2500818198335193,-0.02766158239092645,0.4136489432750091,-0.7545005736773857,1.3845754940679602,0.4985075641610145,-0.5572728403560873,-0.534884541112903,0.17825903951268088,0.735055697750872,0.7168269142816939,0.04599743437252876,1.5122806262036728,-0.7525221980888668,0.830092547109817,-0.2118972348366258,-0.31127539144944955,-0.08572747505323314,-0.20438219963568494,0.1306484978250875,-0.1629488257348452,-1.4254978606331428,0.13307059327659926,-0.3991469375671251,0.8397604351164645,0.13790599892181438,60.8,0.0,GPL3921
GSM363344,-1.1003387391284676,-0.5151629895070704,-0.2798203196427427,-1.6123014813649847,-1.1542004310941756,1.6859029690813658,0.5956116887186279,-0.9425371224336093,-2.300404210738547,0.6837792127754911,-0.16473936886860854,-1.4004249229361705,-0.9948169498024578,0.7695641991969882,-0.7184115161921238,0.7326841951536175,-0.5017349213744456,1.425155272644677,2.0815696664802816,-0.3868924409228828,-0.29899761476590225,1.143915097682093,-1.042520586038182,-0.5905242175481757,-1.3080316786369466,1.0983954625450814,-0.8514377494275714,-0.40243011323324884,-0.284960435262443,-0.48643627678964163,0.8852843746044126,-0.7205441275566747,-1.1057606550679595,-0.08173384519938723,1.5094733108010592,-0.5233488749095176,0.000984757861721809,-0.6038004355490898,-0.21630950542704927,-0.31035758500935273,-0.7359657375524863,1.0046632423434094,-0.10941112444881142,-1.2095115700473553,2.0215294202016048,-0.883329760561223,-0.3616802582075644,-0.11575893971082744,-0.9810695815385211,1.0931827487683086,-0.5430877989184933,1.0475097534677194,-1.0267444141832265,0.3788032439223852,-0.2828710475290065,0.12436243797105889,-0.05616117790756359,-0.2170226285870335,-0.7578680802434412,-0.6144267111037038,0.7747331492139802,2.01704292793745,-0.2871268973570672,0.3825041371524784,-0.6198661394836239,38.7,0.0,GPL3921
GSM363271,1.853113771381282,0.3193455739948188,-0.8955714511074776,-0.6727702463016317,0.07462587452609946,1.1762015684754457,0.7199981098923691,-0.5731409028260729,0.9672533839649501,0.16137744494485262,-0.40579606607243085,-0.04994759353521107,0.0015399227064389598,-0.763962340970438,-1.963144043834031,2.222602889364513,1.158186066719718,-1.1615896158046182,-0.946684356564951,0.3109466964317372,2.345398774970995,-0.4203475280218571,-0.3880969222002727,2.063810570199812,3.022882268617675,3.140131173369167,1.2175384494273351,-0.3256405728142193,0.4854161213091529,-0.22885819077062106,-1.1566916677229262,0.48363697188257077,0.6496936978046269,-0.6231370541359252,-0.8492693273900888,2.0683519513408566,0.16058118198479998,1.8848060150390447,1.0193395859876082,2.3709946925357617,-0.17586060562473077,-0.059472739706255405,-1.2529787844449187,1.830434208212781,1.873806640760229,0.2661032207679914,-0.09699483996489744,1.1836108394382259,-0.43214729243556227,-2.1833268691151524,-1.1965268812244994,-1.8331642596911621,-1.8159379281073704,-1.0858602430691622,0.9505387243953412,1.7480051669775176,-0.9291450041560112,0.6116277137791597,0.012642389800360646,2.2853693330060914,-0.5886089524663245,0.47259967336932335,1.5159649037163474,0.6111322861344715,0.47058644992908055,28.7,0.0,GPL3921
GSM363404,0.5170095625909309,-0.8466198178927062,-0.2977984548679904,2.3961775903873463,1.272286295583541,0.013445248343190046,-1.404354251726613,0.24773958519067568,0.27080259121791145,-1.864095480773496,-0.537103372679391,0.10713209583619944,-0.7011717386541801,0.009256372921275964,-1.507688167813051,-1.6943865544342211,-0.18088062875697794,-1.004883152221657,-0.8252616107133793,0.3582301893833352,-1.0312919996161207,-0.8299178685058577,-1.1655522348397087,0.0476591464917119,-0.31331853978362734,-0.04446289131242387,-1.0320029449639998,0.8114353141598826,0.6942287142746113,3.40265390356333,0.8264414107850486,-0.9690383453514051,1.0123336101743587,1.685656795543854,-1.883540151833087,0.7713537521987298,0.12534560782775786,-0.00861802584191339,0.7276394339087819,0.3866889247639697,-1.2568417162712944,1.0418924895288204,0.12883213805037752,-1.3641359725958953,-1.7749460114417681,-1.09082052796449,-0.7751749899322822,-1.5083924864630356,-0.295412137388255,-0.8968294741053522,-1.3549363557229253,0.025919231252652813,1.5545492161885641,-0.637273271038541,-1.8519677713767784,-1.2798398955704795,-0.0001408254210328333,-1.0906167183357993,-0.9753695342498,-0.6555660511256332,-0.1107954561796274,-1.330630989806061,0.35483410230825874,0.021124159729325975,-0.4750885358045362,12.0,1.0,GPL3921
GSM363217,3.1798691460576474,-0.541562205927165,-1.547278853022708,2.1598882977366824,1.1721102380601491,0.04530158588106009,-1.7523567109655118,1.8393356425120357,0.8961601083348184,1.1991845283583986,0.703456703174424,2.7264869160036174,-0.5933886698222973,0.8527676971667827,0.44387944338663987,1.804201064277891,2.363346092648743,-0.5249696074988379,5.124452936013654,-0.6983113082937534,3.4937695148497463,0.7853354421579487,-1.3409377767482684,3.177191828856463,-0.7976357984013481,-1.8636194470781178,-1.1448561921742668,-0.5944039642808226,-0.7228586884715612,1.1115646121309912,-1.9304140430499013,-1.0448368960623768,-0.45439469781786795,0.07934479547594567,0.26477238510835444,-1.3344509935470716,-0.5358395778249958,-1.1041256487091862,3.0068865849346476,-0.6834000638578877,0.005029378616529442,3.441627714355105,-0.5639059636780341,4.466555090496632,2.446971024992769,-0.020431648503188585,-0.553180768180368,0.0628648863765735,-1.1019513852759955,-2.14642923828313,2.3627359989120063,-2.3084981068074777,-1.2056969401790767,1.3300238111198457,-0.16202374483657478,-2.492707500061323,-0.3191456104137812,-0.822358726146066,-0.6479604306125688,-0.624975259827276,3.776088583972929,-0.1298574138683761,1.1799047830861775,0.6811957511450829,0.028552702525907938,54.5,0.0,GPL3921
GSM363053,-0.7902690743479666,-0.7967546313214156,-1.1697380132925053,-0.34927895279179394,-0.1869449423405355,-0.016818272317786678,-1.9550087454620588,0.9933726951392216,0.2668529647940162,-0.32487598627250647,0.44280190050687673,-0.9822257499343628,-0.33114482518409627,-0.6678479553846403,0.00869608410249818,-0.04799238092263854,-0.8678044530599579,-0.7861470468037732,-0.3161638329260644,1.4914035549474967,-1.5416789951177872,-1.0980301797463867,-1.0477559753488852,-0.5619488430389269,1.2718891028459136,0.9029253071412375,-0.8062964505434643,-1.350485593022043,-0.544455696423402,-0.6906346936665625,-0.08750249534552082,-0.5626955992719717,0.9268707008897725,0.8996526878040336,0.07772340621972688,-0.6105806121969526,-0.22079209124437346,-1.0632068580418188,-2.267269580912964,-0.04590024084912152,-0.3894415508734469,-1.6587791500462046,-0.7105172021390738,-1.0774052843748159,-1.0274687474684046,-0.9673141187958794,-3.264681619578743,-0.35128947145439066,0.10488498318502151,0.04037034902797584,0.7365637372641036,0.02139224223249725,-0.09335893686674446,0.12208178402534113,1.5720391382421353,1.2085925692583273,-0.1401917066373611,0.32370683210955026,-0.46285281018162505,0.32333927042179866,0.033693056170541226,1.3586877604405803,-0.7265901320272916,0.18337639449074097,0.15022749710726868,57.0,0.0,GPL3921
GSM363295,-0.34074596736718954,-0.45209819472573237,0.6325700430385811,-0.814825118668995,-1.835397622253241,0.5820808733941703,0.7144077089407408,0.3777123291266596,-0.1965698689431442,-0.11731456958979623,1.3972296365903016,0.847650631444277,-0.6163031805188401,1.1454144831295103,-0.6373214492447676,-0.8116607527270825,-1.6868958992541436,0.9626535572088548,-0.17279721734228065,-0.1830842816487531,-0.45063433082074505,-0.5568709748498574,0.35271066526424105,0.35352148846107695,-1.1245499479683099,0.5490815221766173,-0.2984568380972606,0.4009066173042977,0.29484928889407325,0.009232079529854734,-0.228976004102719,-0.5697284544925775,0.9153216590945583,-0.18464519896418352,-0.3335092753074765,0.25178928186391875,0.9378364942725188,1.068290146722012,0.51384677586343,-0.03364062886818427,0.2992480276836402,-0.3448969681277401,0.15815438574258545,-1.0428775051649481,-2.0157341419312123,-0.674192241035706,-0.1421255333979798,-0.7385712182810551,-0.673910899910513,1.7278219990790666,-0.6569446087142364,0.09533306289503457,0.37783980064750816,0.6193107168785603,-0.8909439832988643,-1.3317272797198205,-1.0396295882266713,-1.1130885920270859,-0.4755789590862526,0.08177750465201206,0.3798932540788661,-0.9227820338410198,0.4259237432107937,0.7236025852304521,-0.24714081937363158,54.9,0.0,GPL3921
GSM363272,-0.5565482214983426,-0.6104934932463019,-0.7112955650486866,-0.35912433998557114,-0.5275435379200683,0.20458327357041034,0.04076439426945909,-1.7451758218277635,-0.0662321969545677,-1.071164226030562,-0.4783090562882145,-0.7557861977236277,1.394232961707374,0.022167260537279108,0.30062032511297854,-0.4612917447277161,0.1260612826087838,1.4784789998361008,-0.12013192998497287,0.37127391157687945,-0.19544083306991178,-0.009132326732700763,-0.6066744259221342,-0.6296830640978868,-0.6644485522814749,0.8629752023871692,0.07395887769662346,-0.4201507764068719,1.2213284635078083,-0.12972451950672179,-0.801129928899527,-0.4822084784139301,-0.14026076098803633,-0.6037479584990784,0.19187829774734533,-1.1446837054130024,0.0528017786809038,-0.19089263881473625,-1.1530112360155813,-0.8900620943936971,-0.5746903299157008,-0.36351159172044634,-0.38797247752478664,-1.0008436869964124,-0.4040786182257951,-0.6247896773682623,0.7714660715041272,-1.453066522630656,-0.8205543995264656,1.2358535879854557,-0.45893276559120505,0.09835105557513917,-0.38174286365142235,-0.072486059265049,-0.8544979713757503,-1.5165760857518478,-0.22889059807436837,-1.0344370341075828,-0.7081204072526249,-0.33699987967377437,-0.19806079532180965,-1.198131836599144,-0.6964308904322758,-0.9837334305544364,-0.40886048305771916,56.3,0.0,GPL3921
GSM363164,-0.6625016747901723,-0.5004967581625729,-0.2977984548679904,-1.0089198947748972,0.2549427780682049,2.0729574701664872,0.012812389511315178,1.319444666768096,0.39324101035869513,-0.29922232803082305,-1.1348455893230138,2.8284867142967407,-2.081134493934814,0.23447963466710134,0.19520323808141588,0.5336882051733952,-0.9643215979936676,-1.175736727100302,2.7179418887144244,-0.26786847590679186,1.724058084795052,-0.6654317879901943,-0.8736792807680014,-0.1343765726042432,-0.7231254509216987,-0.21710441542822756,-0.11036809274681349,-0.8129588100888336,1.993732326807225,1.9190380199471961,0.5760458200643435,-0.9956069095181379,0.4556697956450261,1.7468070202446755,1.851937985383913,-0.007610357964506314,-0.6622731086237978,-0.5368424144570331,0.8146059388763827,0.8840788965620178,-0.24996011724163195,0.9007315939508034,-0.039770786179817205,0.425303715150317,0.21931151101681295,-0.10441600673784486,0.9361321151113157,1.0255366570599962,0.9451126026061556,-0.5918090592273154,0.15242880005115678,1.498699659143206,0.6893974358345272,1.5354009790374807,0.5285322705487528,0.12976737381994846,-1.634067772944865,-0.45859527076836387,-0.3448467021568982,0.08388721439672706,-0.38546668757796804,0.2572885494080831,-0.0673952800219569,1.776398335784632,-0.3380118684913572,55.2,0.0,GPL3921
GSM362965,0.3183468376687505,0.16241689860869882,0.49773402884922197,1.0853346097300924,-0.6689030857586322,0.25236777987721504,1.2440981991075788,0.5396082031521843,0.8974766504761164,0.37593531387529283,1.01702639059403,0.019412269304112696,0.5862842882589341,-0.9145893631571362,-1.1846794011394182,0.7020694274643529,0.4208298603793034,-1.8493568726409468,0.32020838930807805,-0.8597273704388637,0.2206355219586204,-0.5173943155260983,-1.301672356917994,0.8625864936073216,1.5876267002909286,-1.288623296510609,-0.5843517310299373,0.31230330143618534,1.6734178638116657,-0.045842182283422975,0.2517835300810327,1.1783267820068337,0.5018659628258827,0.3880788567703358,1.9509639153837748,2.253528095407167,0.4652652644015863,1.8159880489166524,1.1135532997025097,-1.404965797593086,0.7198717259795809,1.4886434557537516,1.8295225041984353,-0.5684958429771939,-0.19874395480228155,0.2051733922448097,-0.005513704627571244,0.336333221890912,-0.7888476969068,-1.6544608271895194,-0.16439014894569512,-1.022833225083347,0.12035415173261617,-1.1507161908326256,0.12378971708679673,0.20219351419506934,-0.1806508500998557,0.05263985570840513,-0.03479143793506803,3.017438614421951,-0.1866161606802121,-0.8151264718604005,-0.08678336390446555,1.136608273714054,-0.3903782357795377,66.6,0.0,GPL3921
GSM363126,-1.3348386614875907,-0.6940910119099356,0.21907293285788287,1.157065287856187,-1.0462329024300758,-1.260011844733164,0.6263588939525873,1.0344167195400584,-0.9298838416465485,-1.1026482611453552,2.6769859233715665,0.0010523056113497253,-0.5288885656394382,0.9345366520681334,-0.5562313822974125,2.2889348860245864,-0.26174634478251857,-0.9776771689607258,2.3712287469454774,-1.3390841610516169,-0.05674871472706881,2.9137853240306226,-0.09491512080088904,-0.9249619340267896,-0.0031692183995865224,-0.4182817286540807,-0.3812158860514561,-0.23113036922156677,0.8016759708490706,-0.37967693850544215,-0.5256947791067531,1.0767410954869747,-1.7224794869324065,0.2105940582484397,0.01308147969203988,-0.08795537915030213,-0.15861166626135637,-1.0185681773137805,0.34897277686235345,0.03816566987730928,-0.40251793527642804,-0.3030140650441525,-0.27434876771748057,-0.8432168688644059,0.16613131041791807,-1.0233036909523163,2.296151660459578,-0.3750005988111247,-0.8264994062676531,0.2592962919646344,-0.8079286390955495,0.2869755980816139,0.494995770903783,1.719159497700626,0.5093501590102703,-1.0074311287864401,-0.34871190755945075,-0.6116849102902537,-0.39922206565848856,-1.209364859113135,0.9421109308473438,0.3835768048084257,1.1691336253736724,1.6381151811584276,-0.09774265387499832,59.5,0.0,GPL3921
GSM363082,-0.2511529737748335,0.10815184263405941,0.15614945956951476,-0.07079514359636827,-0.6221542589143829,0.37342186252112125,-1.674091097642707,-1.3187740127746188,-1.1286817049826594,-1.6203857274775064,0.5662699649283459,-0.7415062259625901,-0.03749961403581858,3.381867126834858,0.5317270159129422,-0.9103083375036027,-0.06262538811747671,0.4533575505642314,-0.4478270513193358,0.6908451053187143,-1.2772393561440978,-0.2821792203887012,-1.2768042576921532,-1.7388309339383536,-1.1627365010516304,0.8273054659996061,0.01753225409148915,-0.3610818991614627,-1.5297267661439173,-0.4949092401455303,-0.5557422499932376,-1.4003867988818814,-0.6345597498232131,-1.8357012658863514,0.9056902098296808,-1.4109700613430678,-0.4446416211832367,-0.402926372272918,-1.662127650513409,-0.9636197662793236,-2.294234878907917,-1.661881587311655,-0.7215130450236505,-0.8927567259916074,-1.3214370785567433,-0.8619219829719972,0.03717749186318156,-1.2080515399443987,-0.8165910616990077,-1.2141490992607356,-0.6594197567532751,0.39562333456534204,2.6411386546094064,-2.2856952766932332,-0.08913172099034532,-0.7220505159650649,1.9574592698027589,-0.4656177312968914,-0.5611912335355638,-0.7030345203817047,-1.3840110600573519,-1.4734816393572683,-0.6878139642622704,-2.6099433289586167,-0.06847909568454419,57.0,0.0,GPL3921
GSM363176,-0.7279435135880667,-0.43596534024678535,0.5157121640744697,0.38349915120222855,-0.7111996433796203,-0.2732617894976404,-0.5182757008934316,0.3024649510584589,0.2260401584137542,-0.69568795540229,-0.7291648062238992,-0.08054753302314935,-0.10878920286950416,-0.013696316173839884,-0.7494960418552764,-1.0582797146683829,0.22866509434011525,0.515387192399153,-0.6189892352305881,0.7234544108025759,-0.025311834569356793,-0.2690203339474482,0.8670876650408376,-0.28466187557880973,-0.14101336123693764,0.706028362281892,-0.185603590886992,-0.762750264430236,-0.13088512394812454,1.0573376466533029,0.02767947638600247,0.6664912076183159,0.7882821993472008,0.26428693847355156,0.11623349010856258,0.30994377338887585,1.2922649166757192,1.5574556897000984,-0.04237649549184953,-1.2070606327579463,-0.7054541739455263,-0.028448367051746887,-0.23036539617916868,-0.7951782195289371,-1.4381380743154304,0.6547367216185561,0.3823663092026972,-1.2934115984286436,-1.2921916009939887,0.48806160312316416,-0.2732966626633619,0.27490362736119817,-0.041861807083766064,0.26800766649313434,-0.8947804056065609,-1.013917051805108,0.23483343084191802,-0.9810663340907774,0.009171621917281351,0.7938045434930866,-0.37688321159677085,-0.040834545307478466,-0.5822566186797179,-0.9413265964690655,1.0034912464499788,50.7,0.0,GPL3921
GSM363099,-0.033013511115184135,-1.65326254184005,3.580984219979208,-0.854206667444105,0.33063135486365625,-0.16415383343043521,0.09247560307202508,1.9351050327806558,-0.4295978279530236,-0.4286566946138606,-2.1892236632714384,-0.8863459395388262,-0.31417111355702704,-0.7223605919855407,-1.269823971434141,0.9895080796580066,0.6590793893147682,1.1846543806180494,-0.4712338457003618,-1.327670904132266,3.9801165431719867,-1.4895070513736641,0.6203699437739458,2.7273942671368094,0.6897770131611527,-0.007366365469359033,3.1285201021878697,-1.0403739874836535,-1.416197589385998,-0.29664189761773174,-2.944516185468751,0.6883712016379775,-2.8750738580948036,-3.4539450171153954,-1.8739126308608773,1.29321379456742,1.9161418473386618,1.0422509162973226,-1.1874354775652567,0.09946372978199704,-2.4990982345546455,-1.9814326256531003,-0.62255045906245,-1.4572108556833663,1.0997392764874165,0.9610326163567133,-0.23482641720646966,-1.2238589581822215,2.869313117837104,1.2973496393721582,2.033541309719965,-1.6158687867237032,2.794342615713767,1.0030417411457193,0.9486205132414924,-1.319836420852263,-1.506465858947766,1.4192106745597717,0.7843097824718573,0.5079388730843001,-0.8260851212794722,-0.4921597859185411,3.3147482417047622,-0.803043441842861,1.6118652193567853,30.9,1.0,GPL3921
GSM363316,-1.059827124634533,-0.5386289596582658,0.2595237371146898,-1.7867054830833313,1.816576208127305,2.3763890852146985,-0.39668448019550334,-0.5047341954913434,-0.8206108439187519,0.9379836444430789,0.5858680703920726,0.8088907080928915,-0.9634155832923812,2.5182721996311246,-0.840046616613157,-0.6517836325720316,-1.2869149382675982,-0.6294405832208121,2.864234353595836,-0.8792929537291803,0.20954015249119246,-1.017432000293713,-0.564791311436508,-0.5958159535684069,-0.4930747530782812,-0.13720420592008722,-0.012561945164582254,-0.6180315151789858,-1.5601363670612174,-0.7490981408221954,0.19544452216887445,-1.564486754029345,0.5480621300067413,0.10917417337878588,-0.5288104150294249,0.12247205728868632,-0.31406272871889956,-0.5889208753064104,-0.3232058344497253,2.3149507520514745,1.1862627696859604,-1.381111014788347,-0.6555379877161835,1.2149390136020866,1.1012165042818307,-1.1171685619204605,0.925154378870836,2.2221582176631993,0.0434532468594185,0.21501913496621197,0.17718028044153747,-0.3845277732414365,-0.16674234680748795,0.3328636142565977,1.6315036840114268,1.5004591050983702,0.3204200804741197,2.2450520327145522,-0.519542018938602,-0.6661145998492044,-0.7102081955332981,0.1765468779226187,0.3828391123607727,-0.12822164726697544,0.010070455247727168,54.7,0.0,GPL3921
GSM363178,-0.7980597694429539,0.9426604061359479,-0.15846790687231987,0.7787211228381596,-0.6165889223853057,-0.21353115661413397,-1.4490774593396443,-0.3223163092653992,-0.12021042474781693,0.948478322814677,0.8837592734406983,-0.47630675040046855,0.4606788222186291,-0.8127368052975589,2.3819320434284386,-0.5174188188247025,0.6347327221242823,-0.8938827405170592,-0.8662235008801747,0.692475570592908,-1.101562672909828,-0.7789271835460014,0.05494789821799226,-0.18835228001060197,-0.8823913186594494,0.3464774194952624,-0.8363906497995357,-1.5660869949677827,0.6982833277302508,-0.5999739857585522,-0.10878612055678108,0.20075990634265714,0.9130118507355167,1.5156293414976687,1.4131981010789711,4.1548815093092863e-05,-0.6519097044599619,0.041600489977129965,-1.017126072003705,0.24482770041311716,1.776879465220678,0.19802955332616998,-0.23403067714069428,0.8546491435860702,-0.24749247201793628,-0.7795843768595881,-0.46535887825653505,-0.20269974001885369,-0.5193407246396433,0.22731834524354985,0.15985424416827076,0.2417057078800609,0.6675111556767609,0.11127245939809843,0.045143059779022665,-0.29181762239344694,0.12746108857606622,-0.6650556103070597,-0.335591321135351,-0.2483920703957745,0.17961214785090873,0.054399221059991794,-1.418098457170142,0.3437848538571409,-0.36573523940862906,57.3,0.0,GPL3921
GSM363343,0.4196258739035875,-0.6618253029520421,0.09322598628114863,-1.3000620589337506,-1.2755247674280614,-0.24857312790579067,-0.7474821399102162,0.5760917803973731,0.11281753426206247,-1.085157130526025,0.9856694218520693,-0.11114747251108582,-1.298646387926976,-0.290563128383674,1.5034563181654192,1.1919057104925912,-0.04871300686577077,0.515387192399153,-0.6511735775044984,0.7788902301251389,0.19104787004548027,-0.46146904815077333,-1.8592413185078926,0.37257173813391015,-1.0258237375577746,-1.0817388254627451,0.3147124717451947,0.23846720487942455,0.17929280540833484,0.13209004819024237,0.07650661657653934,-0.590045591796549,0.09533969163433789,1.3784142031446076,1.1972665592737173,0.6022466123695792,0.7720220276511386,0.8227774027178003,-0.232615725108475,1.292148838213233,1.3584351643252333,2.80097441903949,-0.3696460727171571,-0.3823460768022514,-1.4795004525590152,0.014150146064022567,-2.0132196881641082,-0.37658134063490756,0.9312409202100526,1.2161748515417135,-0.6074416479334783,0.14512994211674576,-0.26973660637344476,1.8272527439730648,-0.9350628398373715,0.17084488627150932,-1.2886089326112542,-0.39539312601162047,-0.5380527809816963,-0.04796964464791625,1.249685486840277,-1.003523705326486,0.19757519970567808,1.372611524276112,-0.35033336667681153,65.1,0.0,GPL3921
GSM363033,0.7779978482730111,-0.6104934932463019,0.25053466950206693,-0.7121517950767418,-0.04558539450197151,-1.1317900861432373,-0.7950005479990628,1.013894707339639,2.129760094731746,0.9426479459415673,0.20762463494217223,-0.7537462017577654,-0.9057049637603501,3.906909889885632,1.8426830982285238,0.8534424454834955,-0.0026282439694957304,-0.09185035398482094,-1.0212935136544714,-1.2461476404226137,-0.030859519303070775,-0.39731947674966395,1.0647236115198864,-0.3672129574944173,-0.06743439310078408,-0.8748543544148826,-1.0282411700569913,0.2975360821248337,-2.1054818768447943,-0.29071082326860986,0.055222991365280194,-0.41656849635494425,0.2847439770758535,0.01670310187998295,0.25789558441391974,-0.746784552873825,-0.5234034928283918,-0.4643045582739713,-0.3123350213287764,-0.03364062886818427,1.0315255542506665,-0.14789220177160717,-0.23403067714069428,-0.07009485612170387,1.7733551507400935,0.7420145840977084,-3.1536845087027863,1.849103147250576,3.05360832681391,0.23223802935448762,-0.24607003423394463,0.43636623574674216,-1.5751888463719461,0.1653190825343167,1.0886499274724066,0.8302470598360502,-0.1090692885892874,2.4501078801475438,0.10172543213275217,-0.8981826717677763,2.0322123804595065,2.2302837526298314,1.4427210312713106,0.6185073877145366,-0.5382362140049893,36.4,1.0,GPL3921
GSM363055,-0.0454786232671641,-0.5019633812970231,0.7943732600658109,-0.6544859557989007,-1.3411957384711741,1.1929261456828275,-0.3016476640178113,3.9485424519995123,-0.6915897140714746,-2.236073525277902,-1.0838905151173284,0.5885711437797431,-2.126114829746544,-2.18415997873073,-0.6089399258131933,-1.2062510918331633,1.398174643311645,-1.3879433965355612,0.38896584780234267,0.074529231673746,0.7661578541071411,-1.9961241793619044,1.7021322600980102,2.49032449343045,0.4699714880961872,0.37215962969430594,1.0745910029609969,-1.0019792172741386,-0.13088512394812454,-0.40255393956634206,-2.5251035710115723,0.382832713720557,0.2870537854348951,0.389570325665477,0.5701023359412603,2.360654790321561,0.8611473034601307,2.2809743065003847,0.5174703802370796,-0.8778024824127598,-0.5245641897042661,-1.087930693203235,2.1520672288127223,-0.19169268725210992,0.3507847847196386,4.5064899355569965,-1.771709490873565,0.01860411531066827,-1.6805987080848919,1.130080379600331,2.966672120437254,0.07269811779425941,-0.9250375828618447,-1.148013859675815,-0.7854423698372176,-1.7425024042354358,-1.1765682276381926,-1.2310659289063406,2.11014311380849,4.3919145131033135,-0.3311046730303807,-0.3182546473344615,0.9709443234635705,1.450050090866787,3.6310507344981073,7.3,0.0,GPL3921
GSM363100,-1.2374549728002473,-0.8642192955061029,-0.7517463693054955,0.09235698704337525,0.8448684501504015,1.4756511413314242,-0.11157403166242846,0.24089891445720252,-0.8930206616901828,0.07508786722282657,-1.3798219076195808,-0.0009876903545116191,-0.15886165216935436,-0.6463298093579697,-0.646781957055292,0.6544464555032732,0.2764889048928541,-0.48579299160309813,-0.00017210878221378932,-0.46189384353576296,-1.1496426072686812,0.06653127030450444,0.7106804093835772,0.3408213220125215,1.37899772734791,1.642002245091536,-0.8288670999855187,0.973874726584753,0.12455552375719484,-1.0998788237559929,0.1328456244886976,1.4010338639926774,0.8691254919137018,0.7176934825967114,-2.454314609471178,0.30994377338887585,-0.23322817624097744,0.09925878591751221,1.7893555153882381,-0.6711404518769504,0.0856670824349222,1.9679700132659186,-0.6848602354083915,-1.0924173622921496,1.8206264401613341,0.2545759559122534,-1.3521160167930246,1.3638154073494082,-0.5550107650867665,0.052669559305318074,-0.6792209410655784,-0.23513713557630825,-0.5194976858208897,-0.7210455368996815,-0.006648641374877121,1.1912967745418803,1.9294490935594935,0.3560101505407743,1.1464265649398901,0.17565958829179854,1.5958856847486018,1.1889232203942182,1.7464676787639648,-0.869419356063439,0.5768593717786238,3.4,1.0,GPL3921
GSM363249,1.1480558652849164,-0.6383593328008467,1.0280890179940316,-0.6446405686051235,0.1302792398168726,0.3336014405987838,-1.4434870583880148,0.22949779656808125,0.28528455477219783,0.559009147690941,-0.5096660250301751,1.378049582568522,-0.006946933107094894,1.129634509376617,0.8750082993234136,0.5251841030374884,-3.153782597480887,0.13450342674612298,2.2190845834688084,-0.8662492315356359,-0.5301511453373093,0.3839894056997325,0.9829206535401478,-0.6116911616291002,-0.7706257974399753,0.7174426779259133,-0.31350393772529633,0.45997549454970427,1.1179358203889902,-0.363578308129254,1.747897184637237,0.500046967397317,-0.1933863532460218,1.787076680413509,0.6526239442744789,-0.9258391715164549,-0.6684911511220999,-1.3217392172583737,1.98865375593899,2.208116990503302,2.299934841339982,0.23370758187885643,-0.3476543869480004,-0.29677723267344835,-0.2223795995129018,-0.8981505296614556,1.42647100051939,3.282835981421125,-0.5966258122750773,-0.04572412291340233,0.7464643294202541,0.6446077306738901,0.682960294611655,0.9192694752845776,1.2766346205495231,1.6550402703766147,-0.8311093873045816,2.4065686248706752,-0.7069634846249322,-1.1302507436863491,0.6946207067227974,0.8369723446883452,1.1820590146286774,1.3597050965109985,-0.6383483867618054,59.2,0.0,GPL3921
GSM363130,-0.9172574043962625,-0.5796944074228579,0.7584169896153153,0.9629705117502847,-1.1697833733755925,0.649775590662144,-0.9012181660800115,-0.6050640329156136,-0.707388219767059,-0.6093983776802651,-0.2470514118162564,-0.37022696017561973,1.2278905877621058,0.15271067976575065,0.20196074366036204,-0.604160660610952,-2.4477292489568114,2.5101298850905938,-0.6979871662665504,0.2098578494317684,-0.9869105217464105,1.043578588567539,-0.41558271608146474,-1.0487885569002005,-1.4784740984966451,1.8859832419824631,1.0369732538909067,0.7405526614653931,1.09563544638297,-0.6406442098668186,-1.170463425212565,-0.7932169648362658,-0.740810934339184,0.5238025262282546,0.46557496538585136,-1.620632307104096,-0.6602004277910308,-0.38804681203023855,-0.339512054131151,-0.136971644136089,0.8898647232183557,-1.1034428795304894,-0.9524257455997883,1.3305320135655585,0.5960045985923227,-0.8701557435832378,0.2860061799807119,-0.37658134063490756,1.817046924646957,0.87425680583165,0.6103311872731702,0.8754841707018158,-0.2581497521722753,-1.1290975415781377,-0.0008940079133325103,-0.09399697032408401,1.1638376095768976,-0.5681456550133863,-0.4003789882861813,-0.8876341230442051,0.5200900284384354,2.4849305626993754,-1.4784169403601717,-0.47300764613498253,-0.743081121338167,61.8,0.0,GPL3921
GSM363149,-1.083978279428994,-1.0079483626821748,-1.1742325470988166,-0.15659066057071758,-1.4090928441259174,0.33837989122946455,-0.00954921429520045,-0.1923435653294153,-1.6605647300673543,-0.014699936623064487,1.638286333794124,-0.8373860363581267,-0.08417732101025553,-0.20592508734543544,0.2600752916393004,-1.4188536452308365,-1.9564482860059462,0.4381221999381099,-0.5575463999803946,-0.7439643359711585,-0.9850612935018395,0.14548458895202251,-0.8893854487001113,-1.0350300432475994,0.3991866579905198,1.6191736138034958,0.3184742466522032,-0.009622079551287063,0.5117711087708126,1.7809287172462087,-2.366102370903926,-0.8510426633168005,-1.3228826408179908,0.7147105448064277,-1.6112188443334672,-0.6978123494843876,0.23519769196442197,-0.7098173022781814,-0.6964370849356786,0.47600895491080264,-0.18675759262721606,-0.6210138847528717,-0.17905146271780564,-0.5684958429771939,-1.1648509323488845,-1.6704772749958419,-0.4434034057755757,-0.5125251374801847,0.23171179366368352,-1.8635474019043023,-0.4861593940206223,-0.014823669928744588,-0.3173714514226996,1.3300238111198457,0.40960317901016824,0.20219351419506934,1.137383554236035,0.6172456822019807,-0.7543973123603609,-0.9435414312791338,0.44856106192845124,-0.8875869462704336,-0.8795405715448686,-0.1337529734520239,-0.8339521704558926,14.4,0.0,GPL3921
GSM363337,0.5847886099173216,0.4704077568431392,-0.5225251451835863,0.8321675104615245,0.27943025879614447,1.7169628981807896,0.4278996601697595,-0.10569506937209133,1.015965443193005,-1.0944857335230007,-1.6933915950391867,0.7946107363318531,-0.48390822982770865,0.9216257644521303,-1.2617149647394053,1.1561884815217822,0.2773584287210868,-1.0310008961521504,1.130668644751102,0.022354342899568752,-0.15660703993391553,0.13068084170561234,0.930566760433115,0.8445945911385361,1.3529191057300323,-0.6251661997019433,-0.2871715133762334,-0.7214020503584498,-0.7046129279211806,-0.801630513628706,-0.41802467509685015,0.27577702869578347,0.18773202599605307,-0.427754628872326,0.7447730735799059,1.2679625021947418,0.9979442384227688,0.16063697191856557,0.6334257201938804,-1.2981320360449122,-0.8710883763833075,0.5036196239730855,-0.3659807917556299,-0.38084486901051884,1.3390501791824463,2.6571873022723156,-0.11163182161887032,0.1735168140413338,0.45564038091507003,2.2640675671711086,-0.6000162038163654,0.22057975911933406,1.0073922122444183,0.14910509559345028,-1.0981107879144625,-0.5199059152165907,0.6876646134413807,-0.8251677103574765,0.20700539125285153,1.3454936417358738,0.22396010708709996,0.31732722820496717,-0.10401721624447431,0.5023495378285225,0.26574154259590294,65.5,0.0,GPL3921
GSM363031,0.5333700222904045,-0.748356067884575,1.2842774449538115,-0.7895084087421372,-1.2243236713605505,0.12653524660262888,0.46283966611744065,0.4962839551735243,-1.3156306890470824,-0.5522606843237884,-1.0192167670870338,-0.8924659274364138,0.8519228752225484,-0.7740041424495521,0.966910375197084,-0.17555391296124287,0.2964879529421811,-0.5260578468292756,0.31581961536163555,1.0006335074153923,-1.1440949225349673,0.5764381199030577,-0.6106009679051617,0.022258813594601946,1.1536039262219704,-0.14291136374209787,0.8676933830755055,-2.16563609900867,-1.4121429759303574,1.8199043486832969,-0.7573107005234037,-1.4621196391516413,-1.9534603228366956,-0.2562357059309984,-0.8891547714178106,0.2602063793214784,-0.8964860427264971,-0.38060703190889966,-2.2491515590447144,-0.6939083026986919,-0.20637216923168883,-1.5052085054063837,-1.113698107906932,0.5438991306972566,-1.6493816489165982,-0.6939532665026846,0.6921824208784443,0.7757794489023917,0.2832351854206395,-0.36796343217971905,-0.5257617626452288,-0.6320031730099309,-0.7499473415997181,-1.058836931501053,-0.26368893599052556,-0.2193914820183251,-1.1983539202718427,0.8883126586031259,-0.09957910508589833,-0.2684343129705604,-1.3124820935473678,-1.6287540845216244,1.0032577966010863,-1.4852403379988084,-0.3133688721204486,52.8,0.0,GPL3921
GSM363166,0.21784687094341176,0.4498750329608428,-0.15397337306600842,-0.4139772114937617,-0.41401067272689035,-0.52333403916992,-2.0626239637809163,0.006035885941298178,-0.831143181049142,0.5531787708178313,1.1973289608603024,-0.9822257499343628,-0.5670794168003414,0.3607194246902372,-0.004818927055394129,0.24454873255255952,-1.0234492183134174,-1.0386185714652107,0.9916908031137608,-0.41624081585835787,-0.2509176804070499,0.15041917136749114,-0.8442302158952956,-0.7746766310522222,-1.5725434121897026,-0.6280197786129492,0.6758428628180516,-0.5264747554486047,-0.34172502364140367,0.612507070469139,0.7876300942233387,0.2585856048231918,-1.041086021014758,0.3120139431180948,0.5535980142746173,-0.5623735994854755,-0.24566426123758048,0.19225603743426,1.6281051207608128,3.246681262602748,0.10310226163889906,1.1675411987795818,-0.13873337214101933,0.37126023464791524,-1.4987044138863952,-1.020010186707819,0.1737893206335901,3.1326655081618067,0.16037171276943527,-0.17855559390867837,-0.18914162933607365,-0.09932746497164667,0.9185596633687796,1.1246466432022129,1.1711330070878767,2.229044457528699,0.6472054699788862,2.0273557563302145,-0.2893144160276151,-0.512105788485061,1.3054780807180644,0.7003325929437125,0.5357895518783498,0.9042925739420274,0.23493779713226787,53.8,0.0,GPL3921
GSM363049,0.9673117390812068,-0.7982212544558658,0.13367679053795556,0.2934841825734042,1.3591055454371477,-0.7017295293819916,-1.9018999364215852,0.10636572336556846,-0.6494603655499146,-0.6408824127950582,-0.4547913297317449,-0.8169860766995024,-0.49578982796665577,-0.1485433646076458,-0.6738119793710778,-0.5225212801062469,0.005197470484589148,1.1541836793658065,-0.17279721734228065,0.0696378358511667,-1.0312919996161207,0.18825096988609447,-0.09360627347321336,-0.9588290445562696,-0.7827337289054181,-0.010219944380363728,-0.05394146914167918,-1.3475321491597743,0.16510165831359377,-0.6008212820941407,1.163223480304393,-0.17276284870728445,1.2340752126424752,1.529052561553947,-0.12858061461331852,-0.7865744681277423,-0.3803885153674516,0.14761735670622167,-0.6638246455728287,1.661688570781502,0.04425853182547884,-0.02689714841902091,-0.2633529248329022,0.48385081902792054,-0.3627162399822103,-1.6457759931621192,-0.8459204012598148,1.0192136897648663,1.040232710465152,0.2076396087998075,0.6821104804052691,0.2417057078800609,-0.008388672724830395,0.35718459466789737,2.3201414882429057,0.9621274945489582,0.7436849659279129,0.007696108325831927,3.6314963692253066,-0.7125282142329183,-1.6243483875309,1.0999003518333206,-0.3495996120895987,-0.7274486506472011,-0.23943988300772281,62.4,0.0,GPL3921
GSM363032,1.9699741978060943,-1.3775373925635037,0.7134716515521949,1.6352698086968156,0.6333856620454634,-1.5435332488202071,1.9918143263879446,-0.3428383214658187,-0.27292931313847146,0.24766702266687765,1.4364258475177516,0.25197180941243463,-0.5051253693615441,-0.6233771202628537,-0.6535394626342393,0.7837088079690595,0.012153661110441343,-0.5761168560293883,-0.645321878909242,-1.034187154777519,-0.7520585346858604,-0.7509645498583396,1.8559218210999187,-0.2656116259059775,0.1905576850475021,-0.5738017793038537,-0.8213435501715001,-0.6652866169753121,-1.2621222780716785,-1.2388354227925695,1.7203536696579595,0.7133769090890195,-1.9603897479138244,-2.1518926716564497,0.4298156017747905,-1.4377517350716658,-1.2674959117918345,-1.3254591073190432,0.7946761148213073,-0.09143594249260603,0.7525626869870368,0.3128197321478537,0.1728155095886894,1.8829764809234488,1.0229234311779014,1.0647780000583469,-0.3372852887842777,0.1909049741029393,-0.035813509689745254,-0.30154769668208325,-0.24111973815586937,-0.7346149241334539,-1.3331523363919484,-2.2154346666161486,-0.14667805560578973,1.1113037239783132,-1.2559303936607775,1.0357843297021934,1.7584386349896972,-0.9509254153856335,-0.602914745768321,0.2262340603752126,0.08124669641061845,-0.5522899881206742,-0.6321876376690783,24.9,0.0,GPL3921
GSM363072,-0.4459203511495202,-0.2115720006759787,-1.3045740274818625,-0.22832133869681087,1.2210851995160292,-1.3484131814007532,0.22245242519739702,-0.20602490679636162,-0.5823167163436781,-1.6938484760786896,0.2664189513333488,-1.1617453949302607,-0.6723164288881639,0.0522926649746185,0.1857427302708915,1.1017622278519779,-0.5243425409084675,-0.5750286166989508,-0.642396029611614,-0.8662492315356359,-0.3230375819453284,-1.348049022130194,-1.4816388644734189,-0.35557113824990844,-0.5964578602062953,-0.2113972576062169,-0.6821578786121701,-0.34631467985011105,-1.6533924765409367,-0.38306612384779803,-0.07999062762390054,-0.0852428726286371,-1.907264155655837,-0.03400684055484395,-0.025428604196795816,-0.27389671389457126,-0.4923132803368837,-2.091756459817034,-1.0714801376084557,2.4410496181411205,-0.8776265685847972,2.115335783374837,0.6932854061253791,-0.3928545313443861,0.6521392547800461,0.03061766728650525,0.26283095902858894,0.9638877259324854,-1.2307598646683873,-2.5892008082673805,1.1820903842909254,1.397596904359738,1.764400020054199,1.2327398894746517,2.0266551817041423,0.5956728439942386,2.211106976894554,0.22398789260446642,-0.9348772422805309,-1.0194909820888485,-0.28675671379418954,-0.09880292483550561,0.6801230652259235,-0.4693200953449508,-0.4581464757995364,10.4,0.0,GPL3921
GSM363289,-1.1190364073564376,-0.9991486238754769,0.4303160217545444,-1.6544959979097458,-0.9304739026252672,1.2486747363741002,-0.874663761559774,-0.9014930980327723,0.6447005593467573,-1.261234512093942,3.0532695482750936,-1.0536256087395488,-1.3996399721080308,0.2273069193248765,0.8533842814707855,0.1271921230770439,-1.1773549359104145,0.5872109882080099,1.154075439132128,0.5848648624961678,1.2229172305162415,-1.3200863884425307,-1.0863669715153215,-0.3386375829851685,-0.04601266820038517,-1.11883535130581,0.14167082602278327,1.6088651569728865,-1.5216175392326374,1.3191522143502676,0.6486605413733474,-0.6549041454976896,1.1278240281265044,-0.15481582106134462,0.08047412649750052,0.1484885403393247,0.7305684109957945,0.8599763033244997,-0.6185295909022027,0.031160177316772602,0.02246455782050631,-0.29836040914597595,-0.8644590025231645,-0.8297059987388048,-0.4232825795531739,1.3266115874958049,-0.5958719646711208,-0.03988333216927683,0.5666138400838993,-0.4269996415109548,-0.840105563603042,-0.59729625718874,0.4344866434087838,0.03290485585058049,-0.9676724294527895,-1.0993150382175645,-0.7828696393300689,-0.5386513207935728,-0.44665589339391726,1.3222868345440164,0.578743780976622,-0.48387858884310786,0.7512127061284584,0.043249464469519744,0.22415648621999448,54.2,0.0,GPL3921
GSM363296,0.8403234090329109,-0.1851727842558841,-1.0304074652968347,0.6732348314762573,0.8682428635725261,0.21095454107798434,0.4111284573148722,-0.37248122797753436,1.6439560445925079,-0.3412010415172132,-0.053030167725375,1.6534490379599556,-0.2836184326283049,-0.14997790767608976,-0.8576161311184173,-0.7895500871737247,-0.7608530221874684,-0.46511644432479066,-0.5268249823552982,0.10550807188341392,-0.3063945277441881,-0.341394209374339,-0.06612047959202129,0.29637073944257936,0.3125683790454274,-0.9576081428340276,-0.3812158860514561,0.18825865922082952,0.05157248155567423,-1.0854747860509817,1.3985953355818554,0.40236842266668393,-0.4312966142274397,-0.23833807918929537,-0.601704502390434,-0.011436311354306018,-0.17519311292349438,-1.0092684521621043,-0.004328649568522833,0.41120814872584577,0.7591008791885283,-0.572926107138383,-1.0660494554070945,-0.36733399888491775,0.8899729296806616,1.315084322640067,0.08352793376742758,0.813717252673167,1.1452611628927938,1.6860046841361107,-0.6841712371436537,0.9584789694046643,-0.6533902232566335,0.24098435492502518,-0.3193170594521212,0.4054191021133218,-1.199910041174247,0.4121898347689908,-0.7763788422865355,0.4035082407209423,-0.4984824546637444,0.731387081976583,-0.000614102204421741,0.47653668229829865,-0.3087483103009031,27.5,1.0,GPL3921
GSM363235,0.39002123254263493,0.6728017493971998,-1.2910904260629261,1.9812648443638596,0.3718148451788284,-0.453250096586606,-0.5532157068411128,-0.07149171570472757,1.3490506049415876,0.7793973934944919,0.24290122477687748,-0.44570681091253117,1.5368121393747454,0.25025960841999234,-0.07779998730801452,-0.2725006773105826,1.692943221082163,0.14429758072005747,-1.4484675111081948,-0.6852675861002091,0.9066992006945576,1.4416349034154423,1.4501791495204153,0.5069818330477823,1.5457146298336257,-0.06301115423395755,-0.5580193066808761,0.2739085312266706,-0.3579434774639636,-0.22292711642149915,-0.6283569713022416,1.949596571199913,0.8760549169908307,1.4634279301676993,-0.8795272504456011,0.9725989005021983,-1.3877114000923356,0.08437922567483276,2.75866968533962,0.37442931278303093,1.3671527539272208,0.08944424903538879,-0.530918435024299,0.2076285853489746,0.04647585907040255,-1.062825741886272,0.8946606670917286,0.11977159203273577,-1.2089615066173671,-0.8919097899944187,0.35291579121322797,-2.5559735065759734,0.19888727465165806,0.386910237392816,1.6698679070883902,1.0161768530378548,1.7831737287335498,1.0947729981418204,-0.30435441018763015,0.1429590872487273,0.4156577373338576,1.337984767752,0.08555515949562208,-0.6666040626116698,-0.2625426921054498,32.8,0.0,GPL3921
GSM362958,0.2996491694407805,1.2873168427316317,-0.47757980712046594,0.45101037767384683,-0.7868882201750715,-1.072059453259731,2.0337423335251628,0.7174656422224803,0.1325656663815433,1.6154734370984396,1.305118540910793,-0.7802661493139774,-0.5636846744749281,0.1641870243133073,0.729046178818174,1.1731966857935971,-0.26087682095428744,0.9713594718523526,-0.3468852505511608,-0.6999417735679463,0.32234307541003904,-0.2624408907268209,-1.308216593556373,-0.11850136454354891,2.1548367204797585,-1.0674709309077204,-0.5655428564948931,0.973874726584753,-0.01735594719020503,-0.846537219414917,0.41704461995669795,0.41487127639220495,-0.5283085653072401,0.5252939951233971,-0.5755726597515816,-1.2020730062599991,-1.2053154868088174,-1.366377897986412,0.6732853683040312,-0.8988189600943667,1.2647210761038574,0.30661485761695256,0.38173652439567046,1.3905803252348945,-0.13670038743690371,-0.34484181658607566,0.8495299736586464,0.6856771649468012,-1.0187212908993741,0.7291261245590361,-0.2188434058045274,-0.8281726972166644,0.05340788301474368,-0.6832129007043273,1.1231777282416726,0.8756485209667233,-0.1557529156613973,-0.08921384696784078,2.7163705707198305,-0.8380559440434195,-0.20950542996340718,-1.0552811870479368,0.4862422264008253,1.5717392669378478,-0.76310355588953,28.2,1.0,GPL3921
GSM363366,-1.2023968448728037,-0.39636651561664343,-0.37420552957529285,1.0150104154888235,0.16144512437970518,1.1929261456828275,-0.48193809470784404,-0.3405580978879936,-0.7982296275166727,-1.7136717574472635,0.41732436340403395,1.916608517556214,-1.8290748762728533,-0.14423973540231141,-0.5224438544026806,-0.7963533688824495,-0.023496815847053862,-0.6642642417948035,1.73339360006252,0.00931062070602444,-0.9055444789852751,-0.8216935644800734,-1.6694584559948986,-1.1588566661210102,-0.9745978736655158,-0.011646733835866709,0.2470005234190332,-0.7154951626339098,1.4564960439349282,-0.8905966288655386,0.7262831744967669,-0.9549726349101941,-1.345980724408419,0.7698948939266808,-0.2331079851687274,-1.0490348706680077,-0.767979831094928,-0.15555368323837235,-0.2525455491635503,0.2956175214770022,-0.9081381321917571,-0.9250527367670626,-0.17905146271780564,-0.9828291934956122,-0.26817366113972935,-1.0364777079303016,-1.054497389828921,-1.521038421053294,0.4120436648130295,-0.29170832846021205,-0.08766055973551869,0.26584964932088967,0.7949665518896314,0.3004356403748648,-1.1671663894529953,-1.986805504605249,2.0601632493613997,-0.8841563787971041,-0.7520834671049743,-0.7515578445101336,0.02081784219874353,0.07924281228628967,-1.0755756419124685,0.09487517552996916,-0.8462736686413469,52.3,0.0,GPL3921
GSM363311,-1.2055131229107987,-0.6456924484730951,0.3089636089841216,-0.1917527576913513,-0.4696640380176645,0.8217998133666415,0.33006764351625334,-0.6392673865829774,-0.476993345039778,0.3852639168722686,1.6520050076187311,-0.22538724659938456,0.8587123598733764,-0.16001970915520372,0.7912152301444791,0.18672083802839268,0.20866604629078828,-0.8155295087255786,-0.7140793374035059,-0.023298684777835615,-0.676240176658439,0.31655011268831024,-0.28011701766701763,0.1831275886096307,0.5957076994680954,0.8601216234761633,-0.5091162328897588,1.434611969098933,-0.3863257716534421,3.400959310892152,0.30436660413238026,-0.36968279488424066,1.2987498466956768,0.8191133674663664,0.7626527553854363,0.26785828610107776,0.17301726698140396,0.00998142446143551,1.3418403752424604,0.30437438717767346,-0.5441787663087408,-0.2781945669205451,-0.8571284406001134,-0.5174547780582572,-0.6862291269588239,-1.0974075364534834,0.6458319789741983,0.23042351969749744,0.251528482800974,0.3330915536286791,0.30341283043246875,-0.7315969314533493,0.5078700533495284,0.3598869258247068,1.1308505728570644,1.6863888983001747,-0.6568238462353727,1.0301663612793723,-0.4096343693077285,0.21574407344137037,-1.1365208359328056,-1.0304375958216407,0.33760024996825,0.006373956569197337,0.0932405679995427,19.0,0.0,GPL3921
GSM363071,-0.7949434914049592,0.46307464117089076,0.37188708227248773,0.21472108502318288,-0.21811082690336908,0.9468359382027813,1.429979030749241,-1.3392960249750383,0.5090967187929852,0.2966421884009999,0.9641115058419711,1.1291700747332984,0.4106063729187789,0.4783519563027069,1.022321920944443,0.7156759908818039,-0.6304244479527251,1.1726837479832397,-0.2795907167057121,-0.8466836482453194,0.2613185433391885,-0.17690812885867707,0.134133161542379,-0.7767933254603154,0.33585286263281816,0.3621721035057889,-0.9153879228467228,-0.21340970604794376,-0.09642090957518402,-0.7863791795881062,-0.4480721459833346,1.0142268268593695,-0.08944497708909248,1.135304773236465,1.3966937794123269,0.5364402140650233,-0.5918019603097118,-1.4444955892604787,0.5319647977316797,-0.3979262420160511,0.364629949698552,-1.1499794385122535,0.5979881011257042,-0.2532422067131799,3.002408675692344,-0.5655066009673279,1.3679230739035007,3.6100495389440614,-2.03333577472867,-0.5130941134523374,0.4593471568918582,-0.3302039049995724,0.5773911785565484,-0.18868629900792117,-1.1479842779145144,-0.34802895522189914,0.14613453940491075,-0.9094372366998013,-0.7798496101696158,-1.0870016939197058,-0.25099223053919806,0.15998448377175406,-0.38406731676961625,-0.34394336848385654,-0.43350347942862777,13.8,1.0,GPL3921
GSM363329,0.7779978482730111,0.3325451822048654,-0.9764730596210914,0.46226224875244987,1.7965409966226258,1.0185126976629888,1.1798085881638471,-0.8239654963867467,-0.1886706160953514,-0.22109527793115136,-0.27448875946547063,0.8313306637173772,-0.8768496539943338,-0.8227786067766729,0.19250023584983766,0.23264298956229038,-1.1286616015294437,0.8723296927825646,0.2148778145934612,0.9712851324799179,-0.13441630099906127,-0.05847815088739993,0.38019645914543315,-0.6455582721585802,-0.6346444132896152,0.06968026512777534,-0.32478926244632184,-0.17796837970069776,-0.48769110804444304,-1.039720783929182,1.772936743709307,0.3289141570292476,-0.9856506203977288,0.19418790040187778,0.5866066576079045,-0.38025821813100547,0.6911874751732164,-0.5089432390020097,1.0012215641193585,-0.6518753473354765,-0.6858395973410536,-0.7900967157199467,-0.1533944959871233,-0.007044128868901334,-0.10124692037097334,-0.6906597622581887,0.1737893206335901,-0.24221828561341183,0.4496953741738825,0.8939355422753967,0.12520217162173955,0.16625589087746995,1.000955071021545,0.29503097806124345,-1.073174042914437,0.19570759117640243,-0.07950299144361922,-0.2268540733269709,-0.73357270506188,-0.3391095894184894,-1.189452271150194,-0.3141140487967458,-0.694276658889774,0.6775082003550511,0.635386488159532,53.2,0.0,GPL3921
GSM363200,-0.5830365848212998,0.6214699396914596,0.45728322459241505,-0.42663556645718936,-0.014419509939137924,0.3097091874453811,0.2587900313829846,0.8132350324911004,0.19312660488128613,-1.0466766431635008,-0.2156944430742958,1.0740901836550132,0.09659270781802023,0.3191176757053399,0.4573944545445322,0.554098050299571,0.28518414317517016,1.5524792743058329,-0.285442415300968,3.5637249184468476,0.3778199227471772,-0.45982418734561614,-0.22972639555149862,0.6181082894726387,-0.7687630387529842,0.47060810212397997,1.4244360693128266,0.8143887580221513,0.8057305843047102,-0.02720166290046735,-0.37545742467433074,1.0259482522270458,1.8300057692755376,-0.6261199919262088,-1.2412469669728732,1.0743692606708726,0.09632807616901586,-1.0167082322834449,-1.3341914546980818,-0.6851514369980222,0.046437929225974735,0.9550242460961946,-0.10208056252575863,-0.6105296611457285,0.41135112429060217,-0.35142882507506756,-1.508243821102063,-1.2001478308254874,0.21585844235385077,-1.4822718833067543,1.4197045960385644,1.6858152053096298,0.8760745312978231,1.638089562996296,-0.22916113522125964,-0.08534907296586051,0.5304964022986121,-0.19174177068433576,-0.269646731356828,0.5269262607867284,1.643094802645192,-1.2291863256320164,0.2535852198107061,-0.08581481318160623,0.8078874627558923,23.9,1.0,GPL3921
GSM362984,-0.20908322026190093,-0.9800825231276301,0.11120412150639637,-0.9203114100308974,-1.7741789204333909,-1.4519462783988308,-0.744686939434402,-0.48649240686874895,-1.3709254589816295,-0.09049483597349146,0.5564709121964835,-1.2147852900426848,-0.7486981312099701,-0.00652360083161634,-0.7603080507815905,-0.9256157213482342,-1.999924477417527,1.1324188927570622,-0.4039393118549118,1.1946588750443632,-0.38221288577160867,-0.6358242934973755,-0.2866612543053966,0.3080125586870882,-0.8162633852712609,0.4192436817258904,-0.3473599118883762,-0.3197336850896766,0.5421807096881117,-0.11023670378817775,-0.07999062762390054,-1.4847810615291481,0.9153216590945583,0.9742261325611321,0.6760050666355566,-0.3511809723685269,-0.057050305455761244,-0.7730554333095687,0.1043794816409772,-1.1930496476368746,-0.17586060562473077,1.513462953877359,0.3230920290112546,0.12506215680363802,-0.5518013976671723,-0.49798976395515426,0.010343025497565326,-1.4293553952739206,-0.6620208864281381,-0.21299338268523402,-0.24607003423394463,1.3900519226594779,-1.522404288344393,-1.5695775201383269,-0.4363279398368571,-0.7717759257748502,-0.3658292374858897,-1.082189765701567,0.2822053620529228,-0.5237091920809899,0.37274035742786654,0.41877189237901374,-0.3560623067171022,0.9559182850024786,-0.8693764777390732,51.4,0.0,GPL3921
GSM363037,-0.06807163904262839,-0.11477487380229766,0.3808761498851126,2.526980591676107,1.1632056996136253,-1.5068984606516564,1.9289223156821196,-1.4578676510219009,-0.717920556897449,0.9158282123252615,0.23114236149864356,0.9639304014984389,1.747286163550389,-0.058167151295626364,0.7858092256813227,0.7820079875418775,1.5703403613015061,-1.2693253095179031,-0.27666486740808294,-0.7667908498098607,-1.2772393561440978,1.7590930388106718,-0.4175459870729786,-0.24126964021291414,1.090270130864268,0.19381094775649288,-0.36993056133042895,-0.06573751293442484,-0.9539716554430397,-1.1397017515286703,0.06774277090131511,0.8907611463198496,0.4464305622088535,-0.5232086381614125,0.007580039136491401,-1.2403325401579968,-0.47365915284197774,-0.678198236762487,1.2530620680880356,-0.6396157353545392,-0.7163511609480117,-0.3666140289858969,-0.23036539617916868,-1.1224415181268184,0.2178342832223987,-0.2312159201509529,0.9056384033322061,0.5607985608679983,-0.8621694467147762,0.0452900331389136,0.3974684559159097,-0.6350211656900342,-0.047011520062063335,-0.4481100900617735,-0.910126094837346,0.5913488953151264,1.061133630018257,-0.5611231944848595,-0.012809908008893341,-1.3654833802219923,0.6888983894019981,-1.7633235369974003,0.07909246486811855,-1.1865487240062038,-1.080382134164978,61.2,0.0,GPL3921
GSM363362,-0.21999019339488357,-0.08544241111330396,-0.7517463693054955,-0.9667253782301355,0.586636835201214,-1.1254188186356633,-0.6007341149299581,0.31842651610322825,0.056206222186216015,0.6931078157724669,-0.4900679195664501,-0.037707617740035754,-0.4873029721531219,-0.45266649511793017,1.1682840414496838,-0.656886093853576,-1.580813992209886,-0.022203036836838195,-1.2143995672979357,0.34518646718979085,-0.7576062194195744,-0.7197121945603636,-0.9423937654709815,-0.41060519286031383,-0.8674892491635195,-0.09012015388850406,-0.1630329414449393,0.45997549454970427,-0.6296025789918411,-0.7855318832525174,1.3372484158552838,-0.279818533732058,-0.13333133591090746,1.6364383220041694,1.107868150246064,-0.3741366927073258,0.20825284113844791,-0.3564277465145441,-0.6547656346387022,0.12048020746360552,1.1579306034794985,1.2047704459649928,-0.35131966790952596,-0.5024427001409235,0.18533527174529685,-0.47493523424367967,-1.6802283555362378,0.2667805816444899,1.5574482969484453,1.2161748515417135,-1.3673120959181155,1.201427380153003,-0.6392285125663143,0.8598181898347379,-1.4587344848379113,-0.047514522023633585,-0.622589186382492,-0.7128083419010435,1.005282004361296,-0.5026120946338464,0.6817454927509997,0.5823255346188013,-1.2220633868025421,0.37697281096742996,-0.889398912290437,5.8,1.0,GPL3921
GSM363357,0.12669573833205836,-0.6163599857841008,0.4707668260113514,-0.14393230560728867,0.2927870664659306,0.21175094951643064,-1.8432007264294819,-0.2584700490863198,0.07332127002309963,0.9822945086787138,0.8955181367189322,0.7293308654242537,-0.38291464564665384,-0.30347401599967716,-0.2778221524448245,-0.2571932934659495,-1.1608339831740138,0.443563396590296,-0.46684507175391926,-0.9330983077775511,-0.8056861537784276,0.5418960429947687,0.7748139284396923,-0.5460736349782336,-0.8507244209805986,-0.21853120488373054,0.16800325037184619,0.5101840402083019,0.8361401852220112,-0.7973940319507616,2.1760736447696414,0.47035268979920436,-0.3550729383790239,0.969751725875706,0.2702738256639017,-0.9067094045674556,-0.6622731086237978,-1.0632068580418188,1.17515457405456,1.5320869584115882,-0.16714301602274137,-0.4658920214803264,0.23146000497310526,-0.16767336258437548,-0.08056573124918161,0.8128249253543794,-0.9203250580008409,1.3242968617548516,0.1306466790634995,0.6479513367285914,-0.8302049714468903,-0.334730894019728,-0.937911865307589,-0.5075613755116143,-0.3269899040675146,0.7816026371960432,-0.6039157355536489,0.5456165848110045,-0.7092773298803188,-0.6017684526354184,0.3455593501540735,-0.4714567932299589,0.5831826458133744,1.1827026585894564,-0.34725299213044764,8.8,1.0,GPL3921
GSM363080,-0.8775248594118263,0.09348561128956256,-1.2686177570313668,0.45101037767384683,-2.0702548237803047,-0.46439981472485997,-0.09759802928335651,0.05164035749778522,-0.4006339008444508,-1.4757923810243825,-0.9408243452321324,1.7676888120482543,0.07707293944689071,1.0091328916272593,-1.048177788444703,0.5472947685908462,-0.5834701612282182,-1.6480325965100588,0.2163407392422758,-0.75537759289051,2.8502380857389475,1.7311304051230085,1.6203293021182716,0.9271456730541426,1.1331135806650667,-0.25990809909330304,-0.5241633325177945,1.3017069952967657,-0.1876497123270834,-0.01449221786663363,-0.10252623078876362,0.37111128835288126,0.3956147783099117,-0.9080076131080423,-0.29912527183530185,1.1080376505011111,-0.9441577018801441,-0.17787302360239235,-1.5914673652272342,1.8595937356166417,1.208056743690933,0.5966927419366138,-0.5858976494471894,1.0438013253444791,0.21340259983915855,-0.8553349744830038,-0.012832195454557686,0.06760711184792059,0.07317828056535601,-1.2116892572052644,-0.4119049528494846,-1.2084397749097184,-0.314796594933551,-1.8073826619376925,-0.029667175221053856,0.857271739080499,-0.6583799671377768,-0.47966265235394523,1.5629187109095135,-0.14818085752184584,0.49004786250424215,1.9093873659568288,1.2380690347337053,0.6590704464048891,-0.649129697674078,2.3,1.0,GPL3921
GSM363125,0.03164925817321132,0.819464062842171,1.2842774449538115,0.14299040689708833,0.9016348827469904,0.5040328464263881,0.21127162329414045,0.2751022681245663,0.21419127914206615,0.04243775673341211,0.9366741581927552,0.353971607705558,-0.8776983395756882,2.5039267689466773,0.49388498467084235,0.5898152792703816,-0.14088253265832396,0.0964150501808198,-0.051374471490708264,1.142483986270186,-0.8260276644687108,-1.244422791405327,0.11122833330805267,0.5768327485148355,0.5947763201246002,0.44064552355842623,-0.7197756276822587,-0.6239384029035285,-1.0756100591122402,-0.002630069168389824,0.6123531807188454,0.4687898330835144,-1.3182630240999034,-0.572427111701097,0.6223660212189653,0.8715937310114843,-0.1399575387664513,0.7465196564740691,-0.1963796813719755,-0.5905772874307872,-1.6208010821543108,0.46483915815494986,-0.8571284406001134,0.03799210488309972,0.7673630227443201,-0.45846771302119843,1.069084698468231,0.6003171064625564,0.0295815644633155,0.40688681529271936,0.4717228970870474,0.6702606684547698,0.040533600568999364,0.10586779708447709,-1.2765044252223388,0.01302075948393085,-0.7330737704531521,-0.6917409603154627,1.189232702164546,0.7495006388540857,-0.6658602362971081,-0.7157521069552127,-0.2655845819320567,-0.004688695800897912,0.32426865897681123,16.5,1.0,GPL3921
GSM363106,0.3051026560072715,-1.3760707694290535,2.129249800540456,-0.34787246890696805,1.0363160267506624,-0.2899863667050221,-0.8942301648904755,-1.4441863095549545,-1.1510629213847385,0.34328520338587837,-1.2975098646719345,-0.7190662703381036,0.7144358110432978,-0.8529040112140123,-0.561637386760569,-2.0940793548218477,0.6356022459525135,0.6383582367385603,-1.411894394887842,-1.2640827584387375,-1.1607379767361083,0.6011110319804065,-0.047142193340721394,-0.6561417441990424,0.781983568167219,-0.8762811438703844,-0.37745411114444766,0.749412993052202,-0.6823125539151622,-0.9304195566382162,1.8455514650183131,-0.15791570990822812,-0.8701602024455852,-0.36958734196178805,0.3913055178859548,-2.0208270316771535,-0.4923132803368837,-0.8195540590679427,0.18591058004810262,-1.049437050145889,0.8005094297979737,-1.182555029799488,-0.5125920302166695,-0.28176515475611336,0.8663372849700413,0.11624877764340878,-0.692232093893106,0.06444562820035493,1.359281405575537,0.21993881907714538,-1.7781866703984073,-0.5580623523473935,-0.7216239202190797,-0.9561483475422354,-0.20038796791353827,0.32110210287064256,-0.5370025367502917,-0.10325876802489521,0.18849462920975715,-1.1808837775594918,-1.0292273861678287,0.5305680528973504,-1.4504119303076577,-1.3838326912729246,-1.1419896250922494,14.6,1.0,GPL3921
GSM362988,0.6315327804872468,0.27241363369242777,-0.45960167189522017,1.0867410936149182,0.7480315945444561,-1.295850224463268,0.7786973198844748,0.22949779656808125,0.7552900992158519,0.7817295442437366,0.8112462832249129,-1.2005053182816472,-0.23439466890980762,3.397647100587749,-0.4332447807605897,-1.0293657674062988,-0.41304349089482006,0.4337692426163605,0.3392264097426615,0.0027887596092530083,-0.28975147354304615,0.26884914933876825,-1.7172313834550663,-0.8106604359897953,0.35354907015923503,0.10249642260433249,-1.4232275352929282,0.551532254280088,0.5928633778836122,-0.7041914350359846,0.22424001510175498,1.3283610267130863,-0.17259807801463717,-0.20552576349617152,0.786033877746514,-0.9288999342282943,-1.920390374113519,-1.308719602046029,0.6569791486226054,-0.933846422897047,-0.10611988880882331,-0.41004815070220907,0.5869922582411259,1.0648182344287458,0.16022239924026233,-0.5852676264343065,0.30918140093283497,-0.722763800043231,-1.9778490451442545,-1.260886098314629,0.7068619607956476,-1.0862110713655222,-0.6739890751698249,-0.4751334016298826,2.0707740382426487,0.2659717572119677,0.18503756196500115,-0.18752829436722,-0.3124528685814836,-0.24206294116163135,-0.2910484517847888,-0.8006343769783928,-0.22034571953953394,-1.5884917601197088,-0.029974413855000343,51.1,0.0,GPL3921
GSM363107,-1.435338628212929,-0.9111512358084938,-0.6214048889224479,-0.34787246890696805,0.1803672685785685,-1.272754379748312,-0.1353332357068518,-0.4226461466896695,-0.7561002789951127,-0.11148419271668654,1.2208466874167738,-0.606866492215667,-0.44062526517868494,-0.43545197829659266,2.431937584712641,-0.42727533618408914,-0.39826158581488297,0.38371023341624866,-0.14207579971718423,-0.06079938608427497,-0.28235456056476194,0.0764004351354431,-1.4561163415837406,-0.24126964021291414,-1.384404784803587,-0.8748543544148826,-0.3624070115164119,-0.6593797292507719,-0.7228586884715612,0.4540626557140185,1.417375004885909,1.9370937174743919,0.0676219913258223,-0.03848124724027005,2.0596173663558446,0.03370993864533157,-0.2560276654014165,-0.006758080811577838,0.550082819599931,-1.5678434996255455,0.3559123600965646,-0.205287291182449,-0.3696460727171571,-0.4994402845574571,-0.5813459535554469,0.5279368082054481,0.06767120364229101,-0.8112853421750401,0.2852168543343675,0.4683828666794218,-1.9910494017556666,-1.8935241132932341,0.12807872120006322,-0.4021704603959872,-0.45167362906764214,-0.670163131815724,-0.014145913542664831,-0.7015724050554001,-0.2754313444952948,-0.30218966888598914,0.8648596470165602,-0.252005070731003,0.2945156191182271,-1.1588920930809634,-0.2825651266568129,7.0,1.0,GPL3921
GSM363355,0.9221257075302797,2.142358130115815,-0.149478839259695,0.7210552835603199,0.46753863347895885,1.0575367111468799,0.06172839783806579,-0.7395972240072477,-0.3650872630293843,0.13688986207779152,0.20762463494217223,0.6803709622435543,1.903444310519416,-0.5157863901294981,0.2560207882919325,0.05575766513542597,1.7459841746042934,-1.1071776492827559,-0.41710563369423875,-0.9640771479872182,0.36117686854603526,2.5979720494405503,0.3873951194476502,-0.10580119809499441,-0.015277149865029458,0.08680173859380604,-0.07651211858373358,-0.4319645518559521,0.35972310418431297,0.22020886709148627,-0.48312752868423375,1.2009882043843405,0.7628743073977288,0.24788078062698962,0.1753739760807011,0.534909832709103,-0.5690024711492718,-0.2411111546337796,-0.08223614360199863,0.24307632727298414,0.07694949283293473,-0.36971646625134746,-0.7435047307928073,-1.2140151934225556,0.262151117054812,-0.8075791629378074,0.7409723597250177,-0.925098753487366,-1.1653647905153266,1.617129106583004,-0.7856523067442075,-2.2360662824849915,-0.734498202664824,-0.9345296982877476,0.6608888401642738,0.04761234891682481,1.7193727717350011,-1.0779762893844507,-0.78447730068039,0.18093386265358413,-1.1765770571783962,-0.36173093198048095,-2.656781594108271,-1.6032419632798374,-0.6599110085863508,9.1,1.0,GPL3921
GSM363087,-0.023664677001199508,-0.41983248576783894,-0.7337682340802478,-0.0989248212928765,0.5198527968522855,-0.05186024360944338,-0.8942301648904755,3.3921678990103836,0.9461887097041712,-0.8111294174898646,-0.3176045914856669,0.2070918981634597,-1.5362783507059286,-0.9475838537313648,-0.3332336981921847,-0.3660458008055584,-0.47130158738633876,0.619858168121127,-0.7448007550286023,2.7452313508019413,-0.1640039529122014,-2.053694307542387,-1.6190678338793798,0.6318668031252398,-1.10964787847238,-1.047495878530685,0.15295615074381047,-0.9576775593400813,1.097662753110789,-0.7863791795881062,-0.24650369545316858,-0.05164145324129918,-1.034156595937631,-1.486697544423129,-0.6828507505847653,0.4629819089808674,0.5108642427224662,-0.6447192262164586,-2.225598130615988,-0.38741800317524683,-2.1809062140820683,-0.9933063566069822,1.2943914838156416,0.17009839055563908,-0.3420350508604173,-0.2904989965518859,-1.961990252375205,-1.525780646524641,0.5111271104994856,-1.6667600374668572,0.36034123533034196,1.7280671028310808,0.44092378463165594,0.876032176775602,-2.1262719663770606,-1.0441846925588896,0.20059877098903872,-0.5821905760704402,-0.6178804422925407,0.27059652680394153,-0.7445420994580906,0.7520900746651652,-3.634802714403767,1.084982562653603,-0.322609995759539,54.0,0.0,GPL3921
GSM363268,-0.07508326462811668,0.7637323837330827,-0.6124158213098251,0.036097631650360035,1.4180981126453673,-1.0155144541300114,-0.7055541327730003,-0.08061261001602377,0.672347944314031,-0.06833940385567402,0.2115442560349169,0.8680505911029032,1.6972137142505386,-0.27191406849389255,0.22899076597614784,-0.8201648548629893,1.7155508406161866,1.155271918696244,-1.1149206911785754,-0.6559192111647341,0.8197854731997074,1.4120274089226235,0.42142514996722125,-0.2814868339666718,-0.09351301471866182,-0.7421629350531497,0.22066809906997198,-0.036203074311721574,-0.8242240248625603,-0.9270303712958606,-1.0615413432490592,0.42034127489712014,0.48107768759449804,-1.0720691915736589,0.6099877799689833,0.24872851915207925,-0.4384235786849347,-0.2225117043304307,-1.0098788632564057,0.09596098350172948,1.5458633407679832,0.2895514526569723,-0.061762471948973954,0.019977611382299563,0.2902184451486737,-1.164924373465657,0.24697422890345236,-0.4066154352867715,0.08308662513400125,-0.08016191168995797,0.9840785411678931,-1.7064085671268105,-0.11524521702450956,-0.23732825983051692,-0.006648641374877121,0.1438202070270615,1.6026637040547271,1.5821317588215988,-0.5218558641939886,-0.45092420588834675,-0.6100676424193193,0.669278103910842,-0.8709236453748633,-0.17431603214237806,-0.6214063267568055,56.0,0.0,GPL3921
GSM363015,0.062032969043662914,-0.9331505828252391,-0.3787000633816043,-0.7416879566580746,2.0380766019845824,0.6083623518629125,0.8835173377275157,-0.135337975883807,0.6973622449987074,-0.3936744333752014,0.4094851212185447,0.24381182554898562,-0.7800994977200467,-0.3579866526005776,1.6115764074285601,1.0167212064929088,0.46865367093204224,-0.5227931288379637,1.1613900623761984,-0.034711941697186346,1.5409844885824986,-1.0207217219040257,0.19172244396011506,0.5122735690680144,-0.45675095868195237,0.2080788423115176,0.71346061188814,-1.9884294672724476,-0.35591617073614296,3.0010354404941992,-0.23398391591713255,-0.3790599351783811,-0.9302152197806997,1.872090407436601,1.1532550348293344,0.8555247267743252,0.8818741117878027,-0.22623159439110013,-0.8250750402002539,-1.4137226632937558,-1.1653070254504163,1.1597851056159547,0.04819595689680656,0.3817686891900485,1.1056481876650723,1.021962444879895,0.2750284437402323,0.04547672631496798,-0.22407205649400852,1.3834441113135407,-0.7831771587051699,0.9811139145054394,1.6974537513363277,1.3300238111198457,-0.06419497599031981,-0.3047894684307817,-0.7595278257940133,-0.7535386129665003,-0.46285281018162505,0.7442263644923002,0.6502727474866062,-0.07188903434035081,0.2665106090657131,0.5134121901986194,1.1806127828658846,59.7,0.0,GPL3921
GSM363014,-1.1057922256949593,0.3530779060871618,-0.3427437929311088,-1.4997827705789541,-0.7913404893983339,1.568830928629694,0.16235561496738735,-0.1741017767068209,-0.3703534315945788,0.5671716753132954,-0.26468970673360814,2.6387670894715303,-0.2640986642571769,-0.1930141997294323,1.9872937176179748,0.30917990878545265,-0.04958253069400346,1.7244210885149147,0.525017840142056,0.27996785622206927,0.7328717457048588,-0.9401235424513504,0.3854318484561364,-0.49315627477592044,1.0688484059638692,0.8558412551096556,0.3899479698853732,-0.677100392424395,0.8908774668731512,0.030414487919577102,0.6987396595174893,-0.056330023388369746,0.8206195163738016,0.5566148419213784,0.6732543463577829,-0.019088218133906106,-0.1772657937562614,-0.3843269219695691,-1.1113397857186065,1.053962091155014,-0.7969888647664044,1.252858223579483,-0.03610550521829162,0.6429788449516608,-0.5695281312001369,0.4093706554035807,0.03595774339201788,0.5955748809912093,-0.1348969553761995,2.02054320367977,0.5088501176726151,0.6732786611348744,-0.6096176629411022,1.621875576055432,-0.8103791148372431,-0.5934130427614908,-0.9447062131800487,-0.8757294261628713,-0.8029880627234839,-0.3000799591412741,-0.8232239626190732,-0.13606831167495057,0.025236676305590445,0.963293386582542,-0.07772021932363525,60.7,0.0,GPL3921
GSM363364,-0.3212692296297206,-1.079812896270211,-0.5045470099583386,-0.8120121508993433,-1.7997794684671462,-1.201874028726551,-0.7335061375311442,-0.4842121832909259,-1.1510629213847385,-0.22692565480426105,0.7485323457409917,-0.7272262542015534,-0.8624219991113264,0.24739052228310193,-0.8022045853710571,-0.15514406783506696,-2.0625301930502036,0.9365358132783612,-0.5736385711173501,-0.17982335110036737,-0.036407204036784754,-0.7032635865087962,-0.13679823528651527,0.5778910957188811,-0.6262619991981552,0.48202241776799876,-0.6031606055649832,0.09079501176590561,0.24011200724293322,0.1914007916814644,0.13534958039590547,-0.5095584709385075,1.5020129822914503,0.9518540991340017,0.6141138603856432,-0.3029739596570498,0.41137556274963816,-0.8083943888859326,-0.47539721814302727,-0.6185992576729308,-0.5245641897042661,1.4607215203646937,0.02986955208917539,-0.20220114179424323,-0.5828231813498612,-0.9228518114951789,-0.09211584608024054,-0.8776764987738965,-0.356843873713858,-0.033424912636064466,-1.0727694792726046,1.1606844789716058,-1.5417157120130105,-1.1534185219894373,-0.6856953898371139,-0.46369458238813843,-0.3596047538762758,-1.138369449929783,0.27179305840368184,-0.6903762619134184,0.274030383644088,1.3297035706765685,-0.8795405715448686,0.3825041371524784,-0.8616755413731645,27.1,1.0,GPL3921
GSM363034,-0.6835365515466378,0.5965373464058152,0.4393050893671673,-0.544780212782522,1.5995280834932877,-0.6627055158981012,0.721395710130278,0.09952505263209531,-0.13469238830210334,-0.8309526988584373,-0.17061880050772638,-0.46814676653701864,-2.373931019501738,-0.8988093894042439,-0.6697574760237098,-1.022562485697574,-0.5486892080989533,0.07029730625032628,0.15197205469445502,1.9055417345925276,-1.2605963019429567,-1.3760116558178572,-0.20616714365333358,-0.6921255491366155,-1.2856785743930517,-1.2386856655680212,0.3899479698853732,-0.597357408143094,-1.7750308802101362,-0.6838563229818514,0.9190877793517088,-1.8004781180985543,0.2847439770758535,0.34035185212579255,0.21938550052508407,-0.8409030062628998,-0.16690238959242537,-0.9088314205240193,-2.2835758005943885,-1.884842037989794,-1.555419160139399,-1.9860862815512754,-0.9927438361765746,-1.3070900765100268,1.1499650214974844,-1.164924373465657,-1.7095023188441827,-1.3613834968512815,0.8757541906256371,1.191576430987029,-1.7361091537347633,0.4529651954873108,1.3498481253012244,-0.5751196544318884,-0.566766298298531,0.07787998967060751,1.3910312613278304,-0.27320231281525,-0.5368958583540026,-0.9129506399807766,-0.3997724808799659,-1.1111792673071053,-0.11478837395697955,-1.6714616528954322,0.321188284430448,45.9,1.0,GPL3921
GSM363078,0.8636954943178735,-0.5987605081707041,-1.0978254723915142,-1.0257977013928012,0.5154005276290241,-1.1732033249424683,-0.005356413581481098,0.0014754387856500805,-0.85352439745122,2.5226800785543255,-0.6566518160081156,-0.8108660888019148,2.2751685951522056,-0.4670119258023772,2.117037824733744,-1.1467223768818158,1.5442546464545566,1.6754503186452394,-0.6599511253973835,-0.4863508226486587,0.30015233647518474,0.8971859769086001,1.0581793748815076,0.1111599787344863,-0.7585178659745323,0.6789193626273442,-0.599398830657973,-0.641659066077149,1.0631985387378502,-0.24156763580445478,-0.8775005840693416,-0.10556000993260863,1.1647809618711904,-0.2786077393581276,-1.638726047111207,0.12400243864460607,-0.14410290043198537,-0.3731672517875591,-0.8286986445739035,-0.7849797059856594,-0.20855156663218666,-1.1965159974940176,0.5540047295873923,-0.760650440319068,-0.012613252706148066,1.3299050917403008,0.051814473517154444,-0.6358229997352048,-0.8681144534559638,-0.6852830573351024,-1.6767056007978536,0.14663893845679674,0.1898752769396373,-1.1777395024007358,-0.13133236637500467,-0.27127886616766606,1.3443476342557206,-0.8925833314313363,-0.31360979120917737,-1.6028257265023502,-0.97486537162024,-0.7012600120732069,0.1501821057706535,-0.7182297736721209,-0.345712804857266,57.9,1.0,GPL3921
GSM363202,-1.16110616086937,0.404409715792902,-0.4236454014447247,-0.8696779901771844,-1.1363913542011281,0.5820808733941703,-0.6580357246841536,-0.23338758973025223,0.058839306468813225,0.0016251186216432593,0.172348045107467,-0.5599465850008298,-0.3506645935552243,0.02360180360572305,0.5263210114497846,-0.6500828121448496,-0.05914729280455061,1.2804194416965256,-1.0549407805771964,-0.10645241376168078,-0.9887597499909815,-0.6933944216778576,-0.4031486664685444,-1.1027642643065594,-0.6113599297022252,0.14958047463591692,-0.03137081969962646,-0.14843394107799449,1.103744673294249,-0.7541819188357285,2.0070566210331666,-1.5933996032696123,-0.6507284083365125,-0.2994883038901156,1.2701606466347264,-1.0589823494814876,0.11290952283115388,-0.06627632178229564,-0.006140451755348451,-1.2228229910191526,-0.5964843039206714,0.010332098766390138,0.7336034967021655,-0.5910139598531944,1.3095056232941715,0.3237395450466772,-0.025029680166201034,0.908561762100106,-0.19632869170180076,2.0476014662899167,0.5707288186485636,1.0791986766088082,0.17700099449389184,0.42204054243136074,-0.03542180868259847,-0.09399697032408401,-0.06394178241958168,-0.11730368908194903,-0.8261265152773518,-0.3391095894184894,1.861973440165744,1.0874785562201734,-0.2074203302845269,-0.622353453131284,-0.582901644927261,60.0,0.0,GPL3921
GSM363332,1.6786022012535624,-0.5063632507003718,-0.18094057590387905,-1.6277728040980635,1.8009932658458871,0.9524107972719091,-2.303011204700959,-0.4477286060457371,0.00881070509946039,0.30597079139797556,0.2644591407869756,-0.08870751688659835,-1.5311862372178087,-0.7625277979019941,0.46550346123926806,1.0184220269200908,-1.4356035128952056,-0.5445579154467088,1.2769611096325137,0.7528027857380503,-0.45618201555445903,-0.24599228267525503,-0.23692505585371512,0.025433855206739867,-1.1608737423646394,0.10820358042634441,-0.40378653549350885,-0.5028472045504415,-1.296586492444619,-1.0320951169088823,0.6737001004454172,-1.358971095916093,-0.5883635826423544,1.4365814900551441,0.6361196226078347,1.4240614004985737,0.8217663676375526,-0.4271056576672719,0.41057405121440355,3.300973829946901,2.0776363064892784,-0.18357023032429223,-0.688525516369917,0.17009839055563908,0.5177115254883933,-0.9854283921406078,-0.655639639758175,2.756448954101618,0.7925240962490155,0.15844276769044294,-0.5628889832307965,1.703923161390252,0.5040077686158049,0.797664573228084,2.6251370617047596,1.670174090753506,-0.3347068194378174,2.8939273855504535,-0.48599126273549353,0.3433815129965846,0.6230917402128132,1.9611448476782816,-0.24619649804954613,1.5293324328524787,0.06397700980908855,12.6,1.0,GPL3921
GSM363313,0.05735855198667025,-0.786488269380268,0.10670958770008494,-0.1790944027279224,-1.123034546531343,0.6011946759168916,-0.5643965087443705,-1.7885000698064255,-0.24133230174730144,0.49487500208673335,0.10179486543805653,-0.5762665527277296,1.2991801765957929,-0.7137533335748719,-0.5035228387816306,-1.645062762045961,0.7599441533896357,1.6199501127929405,-0.8940190692076426,2.6669690176406755,-0.7520585346858604,0.6290736656680698,0.3167173637531556,0.2423950320362206,-0.9978823572529065,1.2924388284934234,0.3297595713732304,0.5869735806273314,0.0475178681000347,-0.3864553091901532,-0.5444744484108055,-1.3722553779994586,1.0030943767381884,-1.4419534775688694,-0.13408205516886576,-0.8684498706694579,0.12741828866052396,-0.2597106049371285,-0.48807983345080175,-1.0967241249295065,-1.0977457060350049,0.38727822651867577,-0.1460639340640705,-1.8009874399903152,0.429077857823568,0.09813450429867884,-0.5726967437189978,0.5955748809912093,0.3010702056442003,-0.22283275090710516,0.4717228970870474,0.5057800673891238,0.5567923266433571,-0.7913061469767663,-0.2943803144520957,0.6648560228600265,0.1959304082818276,-1.0807852735958612,-0.4431851255108369,-0.6281398244443466,0.8205116877803702,-1.54801241303616,0.8201481154884934,-0.9376390456790338,-0.2918062502959033,36.6,0.0,GPL3921
GSM363017,0.9766605731951915,-0.8480864410271558,-0.7921971735623026,-0.4336679858813161,0.7680668060491344,0.17670897822477397,-0.8257477532330209,0.6650204999325221,-0.39800081656185354,1.1537075887481425,0.23310217204501502,-0.4701867625028809,1.4044171886836139,-0.41536837533836724,-1.088722821918381,-1.2555748842214232,0.8573308221515773,-1.258442916213531,-0.7608929261655578,0.9745460630283036,2.4619001543789834,2.0485885405182365,-0.11912879636289163,1.8140406300448968,2.4584663864593304,0.17383589537945873,0.0024851544634534486,-1.0374205436213821,0.33742273017829283,-0.11786237080847799,-0.17138501823695682,0.8837282910992437,-1.2720668569190468,-0.4367034422431782,-0.32663247461304057,2.72258998099662,1.7544727423828157,0.2833933439206706,-0.23623932948212462,-1.2876237972041096,0.20771333686276025,0.027395503726370375,-0.12407224829491538,-0.5940163754366609,-0.003749885939665145,0.024030658797511886,1.2557062145563787,0.8105557690256028,-0.4182756100394593,-1.2362876777599445,-0.23121914599971666,0.11344101897565682,-0.6804262163926971,0.022095531223335393,0.5995060832411335,0.6659370100298039,-0.4778699424589526,-0.06112400485373252,0.4916083576654277,3.272713493532381,-1.4755681371901321,0.052328921791134866,-0.1277137632119866,-0.7864494632877157,0.9326426318836163,12.7,1.0,GPL3921
GSM363294,0.32691660227323677,-0.17490642231473658,-1.2056942837430007,-0.6840221173802348,0.5621493544732734,-0.08530939802420676,-0.22058685021919247,-0.25618982550849473,0.40114026320648793,0.32696014814117064,-0.564540720328607,0.025532257201700357,-0.5823557572647032,-0.009392686968505502,-0.6008309191184574,1.1595901223761462,0.7512489151073197,-0.690381985725297,0.44309405980846506,1.8126052139635254,1.004708297656834,0.19154069149640734,1.1530708061380042,0.9938215469090569,0.9831615063622726,-0.4639389912301609,-0.813820000357483,0.3566049593702402,-0.06398400193006416,1.594523523416654,-0.5695140074828765,1.2908524655365232,0.7674939241158141,1.1129327398093358,0.8726815664963937,2.058404472527377,2.828121413756251,1.7304305775212467,-0.17826165950372416,1.5548548092333296,-0.3218802314580353,1.9214334542841545,-1.3116232798293346,0.612954689116992,-0.17953999347490274,0.5839263803618852,-0.5239068048724234,0.13874049391812412,-0.231998732148924,1.7179826308571955,0.11035128338751375,1.0067668522863218,0.2387975502334659,-0.22381660404646234,0.8853195451645051,1.1945397360512142,-1.0551907972507075,-0.07938240222790273,-0.1608960043536483,2.482627194136878,-0.22095006460500471,0.5926770309630914,-1.0475706318599545,-0.008376246590931299,1.3654352556476992,62.6,0.0,GPL3921
GSM363330,1.8663579530427608,0.3046793426503206,1.4865314662378482,-0.4378874375357924,-1.371248555728192,1.3713216358948996,0.8318061289249473,1.3080435488789746,-2.2806560786190655,-0.040353594864746906,0.7936079883075611,1.7574888322189421,1.4264830137988023,0.8613749555774515,-0.5373103666763626,1.4742419014047021,0.7077727236957381,-0.09946802929788119,0.3377634850938482,-0.6151575793099082,0.4406936830625996,1.7278406835126958,0.866433241377,1.1398734610674388,0.25482285974869967,0.7074551517373963,-0.027609044792617957,3.7501119571189174,-0.7755686633948805,0.5167625845475957,-0.03366744334057043,1.110342514874312,-1.8472091383207225,-3.0303678508950744,0.3417925528860246,1.041466061518595,0.17301726698140396,0.42846905628679566,-0.6457066237045773,-0.0826790767919348,-0.9408290931992149,0.12201984032262328,-0.39163775848631227,0.26917810481004456,0.45271350253418824,1.3496661172072781,1.3276713743550752,0.10080269014734881,-1.4408167695236709,-1.2485868880372868,2.1523484155937846,0.10891402995550126,-2.763485116114172,-1.4587819427090771,-0.1351687886827005,0.8842964183249468,-1.0085071701785975,0.8700542612289557,0.13759003359124816,0.44253787099815667,3.156647733996463,0.998455687659276,-1.0777298734549685,1.3541737703259518,0.274982666234994,12.6,1.0,GPL3921
GSM363360,-1.4368967672319266,-0.5312958439860168,-0.9674839920084686,-1.13269047663953,-0.07786434637061994,1.5887411395908624,0.6571060991865441,-0.928855780966663,0.3669101675327207,1.0114463930442632,0.5035560274444247,0.4478114221352324,-1.0975079051462193,0.4137975182226937,1.3399246831549194,2.15797171313162,-0.20174920063453605,0.7635057597388409,0.05980780181916445,1.0218295559799015,-0.08448713839563707,-0.523973758746724,-0.6583738953653289,0.0085002999419999,1.4246353151791946,-1.0289476156091526,-0.6671107789841345,0.48064960158559866,-0.7269133019272007,0.44304780335136235,0.9804346990782806,-0.24387282927118484,-0.38972006376466634,0.11514004895935313,-1.3884105018337787,0.303057057287236,-0.5462029819888318,-0.0011782457205728378,-0.05687091298644965,1.0732271956964863,-0.31534203925654375,0.3376392302714611,-0.9634215884843667,-0.10612384312330551,0.6063451931532199,0.3879628778143548,1.2130150180656258,0.17825903951268088,1.8348819448705176,0.20517976674433644,-1.0628688871164529,1.2527332557147652,0.24652211970091295,0.7274039631509993,0.6455431509334888,-0.07237722692852576,-0.543227020359907,-0.27320231281525,3.2855765035449815,0.5965466823623,-0.642970967013913,-0.06981873507149204,0.49055068948582703,1.2380159204399377,-0.07772021932363525,53.3,0.0,GPL3921
GSM363008,0.2903003353267959,0.4293423090785464,-1.4888499135406512,-1.4561817701493673,-0.04113312527870914,-0.8323405132872592,-0.04029641952916099,1.150708122009098,0.45511849099973717,-1.4513047981573213,-1.4758526243918357,-1.153585411066811,0.05161237200628915,-0.9188929923624707,-0.8603191333499955,-1.0633821759499273,1.199053686646603,-1.0190302635173407,-0.34981109984879005,-0.16677962890682305,-0.6078187316093027,-0.4779176562023392,1.8906062752833284,1.7971070747801587,-0.230425778212517,0.0725338440387813,-0.45268960928462615,-0.2990595780537848,-0.4613361205827834,-0.24326222847563236,-0.6133332358589998,0.7094697672997943,0.2085203012274377,-0.7335057523764312,-0.7488680372513397,2.287196485237405,1.8332346140279716,1.7397303026729212,0.05364902040987761,-1.210563379038214,-0.053814351196892714,-0.6365260710801259,1.118457997662394,0.6204607280756602,-2.560831198069891,0.8556404805328311,0.3616305851929016,-1.4831006172825187,0.11875666558112451,-0.2621902237945942,-0.06538422738417891,-0.14157936249309772,-0.6598273644795056,-0.812924796231254,-1.1019472102221592,0.42920081984843667,0.15391514391692881,-0.771797010340671,-0.17130830800288926,2.197816378600448,-1.1293679392818072,0.02127443275826253,-0.7416697528247985,-0.3771313255941456,0.39973783536271934,58.4,0.0,GPL3921
GSM363143,-0.8198737157089191,-0.9096846126740437,4.781024746264496,-0.5644709871700764,0.1803672685785685,-0.2788366485667674,-0.12555003404150167,-0.5731409028260729,0.19312660488128613,-1.1691145574988064,-2.1402283996121243,1.7901287676727418,-0.57896101493929,0.8843276446725673,-0.36702122608691545,-0.9392222847656854,1.5016479788712076,-0.690381985725297,-0.3234784561701349,1.5468393742700597,2.354644916193851,-1.7428156153677843,1.049017443587776,1.6552885494379612,0.5472759736063236,-0.9975582475880972,2.4702094934613053,1.2839863321231426,-0.20589547287746401,-0.2627500441941764,-2.2634401787084375,2.4942521366179227,-1.8102522045760365,-0.38151909312292387,-2.2865206725269682,0.8807760191470034,1.8663975073522476,1.9573438712221078,-0.6529538324518782,-0.0038672854859061185,0.10964045384039063,-1.1220575031231956,1.5619569940070384,0.9657385201743416,0.4793036028336357,1.110887059481296,0.6592492121570054,-1.645917025132097,2.094480572569029,0.37736871062710153,1.0311063539096135,-0.19741222707501277,-1.562314563926202,1.4408193885490965,2.751738997858736,0.3729894870199835,0.7919247139024256,1.8180864325801083,1.3037680423061924,1.773764719912875,0.226821265747499,-0.9248523331098785,0.3785306492757691,-0.34394336848385654,2.81475147971176,32.6,1.0,GPL3921
GSM363127,1.4659162251604048,0.7842651076153778,0.4887449612365991,1.4299231615123105,1.5494400547315916,-1.1381613536508113,0.07290919974132484,-1.5331150290901037,-0.23869921746470424,1.8568510396451856,-1.060372788560857,-0.46814676653701864,0.5777974324453987,0.4941319300555979,-0.4400022863395358,0.8619465476194023,0.4147431935816823,1.5894794115406985,0.39481754639759853,-1.5918062785515381,0.8160870167105653,1.8989062072489848,0.278760791250557,-0.7873767975007776,-0.32170095387508824,-0.6993592513880742,0.01753225409148915,0.6932975596690668,-1.5276994594160975,-1.0795437117018598,1.3497681953913185,-0.09305715620708757,-1.4037259333844898,-0.8244853549800917,-0.8506446875289749,-1.0903551672778455,-0.2995539628895295,-0.7990946637342582,0.060896229157176865,0.658151761484736,0.3515535652955689,-0.12772635954617634,-0.6958560782929698,0.07852471525990173,0.9933788752896254,-0.18675361285025244,0.6641282060416644,0.3790132511330344,-0.23001706323519602,0.5790757591754845,-0.7856523067442075,0.8483222365808825,0.7112837159922922,-1.1290975415781377,1.5202474370882355,0.8875393798342807,0.8168226483408839,2.142524108998058,3.059976591144769,-0.7462835701483471,-0.13797646345342168,0.9156437169049527,-0.25912188730455316,-1.0279840400348224,-0.6013838922054424,22.2,1.0,GPL3921
GSM363102,-1.2499200849522272,0.6508024023804546,-0.7337682340802478,-1.3492889949026383,-0.1602313270009643,0.16078080945583859,0.7046245072753907,-0.3017942970649818,-0.15180743613898695,0.05293243510501017,-0.8604721128308594,-0.704786298577066,0.4988696733795322,0.09102532782262665,1.189908059302312,0.05405684470824401,-0.8791082628269689,0.8190059655911399,-0.59850829014719,-0.7309206137776142,-0.9739659240344115,0.20963416035313043,0.4436755545377106,-0.7037673683811244,-1.3266592655068594,-0.8834150911478966,-0.0012766204435550597,0.5219978156573821,0.5725903106054128,-0.8194237366760727,0.41704461995669795,-0.5525370306199858,0.19928106779126722,1.0159872616251069,-0.011675002807926447,-0.47667224355396026,0.49013743439479235,-0.6484391162771281,0.1043794816409772,0.4584952235094617,0.02464395522100414,-0.6520382574073816,-0.10574584348728584,-0.14815766129184144,0.31680854544812115,0.012503393941775324,0.9397913605248088,-0.3465472459830436,-0.23596206997638353,1.1989559571534334,-0.3970540646152566,1.029401797387097,0.5761037503119747,-0.34812383725976775,-0.8410704932988132,-1.139311563499348,0.3344251685957517,-0.1861238022615141,-0.6225081328033137,-0.4277173986964893,-0.2738814998223931,-0.6971194135354893,-0.3948384744821234,0.7862909486609984,-0.5135932176340807,37.9,1.0,GPL3921
GSM363151,-1.373792136962528,-0.8539529335649547,-0.5045470099583386,0.2048756978294057,0.42746821046960154,-0.4859028425629223,1.418798228845982,-0.17182155312899583,-1.2840336776559123,1.1583718902466298,-1.2230370639097778,2.3409276784556092,0.2366258287413311,-0.2403541209881092,-0.5886674090763548,-0.27760313859212693,0.29822700059864493,1.4806554784969759,-0.98179454813649,-0.003733101487519872,-0.6374063835224428,1.4021582440916833,-1.7368640933702035,-0.9313120172510674,0.8276211559985047,0.3350631038512411,-0.2307448897710991,-0.5766833011072023,0.720583701736271,-1.1735936049522255,0.9065679998156739,-1.532448191357697,-1.2443491566105314,-1.1719976075481715,-1.404914823500423,-1.7017425189678514,-0.005233284636579257,-0.34526807633253576,-0.34313565850480066,0.37092656650276334,0.6000048689522407,-1.2663208359666631,-0.5858976494471894,0.7225428579135309,1.6788125718976126,-0.45517420877670106,0.5970420401276227,0.1055449156186959,0.41798867155421704,1.7032235785243866,-0.10746174404782192,1.5560415200651747,-0.5671325308701446,2.370421306492069,1.1692147959340278,-0.9512197959579869,-0.12618661851572774,2.2281981274460883,-0.6282927459417806,-0.512105788485061,-1.4798598751807315,-1.9392989748503369,-0.8472270984073529,-0.5191020310103835,-0.7615633686163484,67.1,0.0,GPL3921
GSM363124,-1.5771292789417009,-1.5168665903362264,0.785384192453186,-1.5672939970505726,-0.40065386505710526,-0.28839354982812876,0.09806600402365585,-0.8695699679432316,-0.4638279236267908,-1.1166411656408182,0.009683769758546195,-0.4232668552880446,-0.7724613274878658,-0.203056001208545,-0.23322261562377966,-1.3933413388231162,-0.29565777408355154,-0.41614567445511536,0.3816512245582709,3.8572086678015935,-1.1718333462035364,-0.9763104801647966,-1.4404101736516306,0.6858425105315986,-1.1320009827162747,0.40069541880435794,0.01753225409148915,-1.1673720735612807,0.4732522809422325,-0.5618456506570526,0.4934152751265125,0.0999556481806434,0.31708129410245434,0.7057617314355755,-1.3416482571116222,0.6152548538948988,0.08181931033964486,0.6702619102303363,-1.1403286207078067,-0.8445263927502141,-0.6466104441321042,-0.8040576834144764,-0.1570597769486489,-1.1284463492937513,0.36703429045819014,-0.5161040372998842,0.2872259284518756,-0.9978128773813524,0.059306598169251254,0.3330915536286791,-0.6544694606751987,0.898119115802591,-0.4306651369452521,0.29503097806124345,-1.5527268313764697,-0.8723077325641981,0.9771031012884596,-0.7156173261124545,0.5344144948900833,0.43726359663637104,-1.9161865708916364,-0.3410279392919006,-2.124686403110501,-0.7403550784123131,0.4983098208463524,53.5,0.0,GPL3921
GSM712542,0.4905211992679736,-1.1795432694127916,3.014672960383907,-0.4041318242999833,1.6774427949003705,0.6163264362473799,-3.024172927461087,1.285241313100732,0.7105276664116946,0.34211912801125605,-2.1284695363338906,-0.28250713364353297,0.15600069851275722,-0.43258289215970347,-0.6981389994552842,0.6221308673868267,-0.6799873061619278,0.995300737121971,-0.0030979580798430103,-0.6445059542453833,0.5165120410900218,-0.9976936706318326,-0.1295995749842982,0.6657339136547198,-1.1655306390821174,0.46490094430197054,2.5379214417874687,-0.1218529463175626,-0.05384746829096443,-0.9482127796855827,-0.7210033398689017,0.90170114332968,-1.8148718212941217,-2.4158826660965804,-2.7954039239151447,-1.7170463325270502,0.187526032810774,0.5289060879248824,-1.332379652511258,1.4550265402456926,-0.5136672027017808,-2.03572527779849,-0.08375415771812908,-1.5262664141031033,-0.6891835825476523,0.6168614228068491,-0.6727161183544763,-0.466683624590498,2.6453845305857175,-0.8427129488850585,3.1622088155212476,1.068635702228446,-0.4821622667282305,2.4920262085485625,-0.7873605809910664,0.15787304023417456,-1.943735832523191,1.6439294114726364,0.4869806671546536,0.5163777120631572,-1.3410936801513609,-1.5066064276589977,2.1040701148191454,-1.88902714950733,0.9665267518936159,7.5,1.0,GPL3921
GSM363335,-0.54564124836536,-0.39050002307884457,-0.7877026397559911,0.036097631650360035,-0.07118594253572688,-0.678633684667036,-1.2380398234156522,-0.3770416751331825,0.6275855115098737,-1.0595034722843426,-0.9976588510769375,-0.8924659274364138,-0.7105072800490669,-0.10981070175963766,-0.5886674090763548,-0.35073841696092684,-0.07479872171272037,1.7407446784714737,-0.9320551100768101,1.206072131963714,-0.36741905981503864,-1.3677873517920742,-1.2545538531216645,-0.08780929562620785,-0.7091547607692646,0.5490815221766173,-0.6595872291701158,-0.6121246274544457,1.5173152457695265,0.7616312255327825,0.10655408746302382,0.20701133320541767,0.8344783665280573,0.49695608611569936,0.49583288844136497,0.20281707847448147,1.8290892523624376,0.3708107603464134,-1.2200479169281067,-0.749952243182979,-0.7076335713460241,0.4958635308094584,0.05919179978138331,-0.8882531026164083,-0.08647464242683602,0.18705911890007978,-0.5934324677287923,-1.1985670890017046,0.709294001872394,0.2125592929107409,-1.033167110647998,1.029401797387097,-0.4100662850320607,-0.7804968223495223,-1.8634770382998667,-1.4419879710371701,-0.5089923605070263,-1.1931446420522942,-0.14585601019363426,-0.05113420926498781,-0.8046264313264773,1.8741922783862428,-1.1919041452075263,-0.4213819350745315,-0.02381366476227251,59.4,0.0,GPL3921
GSM363350,1.3256837134506305,0.8385301635900184,-0.9360222553642845,1.1219031907355532,0.770292940660766,1.4023815649943228,0.11064440616481888,-0.6985531996064087,-0.005671258454826019,0.8575244435941636,0.13903126581913322,1.7880887717068787,0.3393167840850933,0.4310120350440287,-0.7305750262342264,-0.37965236422300946,-0.146969199455945,-1.846092154649635,0.8790456051550735,-0.8124438774872658,-0.047502573504211075,0.3264192775192504,1.1504531114826528,0.44242265360096134,-1.0342061516492354,-0.5224373589057628,-0.6219694801000274,-0.7214020503584498,-0.9864085630881596,-0.395775568881631,0.1516252937927511,-0.02898003086379236,0.03759448265826513,-0.30545417947068415,-0.6484667471125907,1.3506030954144177,-0.4923132803368837,-0.531262579366028,1.1461657390653597,2.1748409008407563,-0.7163511609480117,0.25387342410428726,-0.16439033887170168,0.2241418710580422,1.70540267219706,-0.2674444668404113,0.47262769606885974,1.9502706239726435,-1.7241954241869306,1.1595984842659444,0.003919917708883543,-0.3407668793799345,0.08301873263995697,-0.5129660378252369,1.0100032701646326,1.2194024409561073,0.2223844636226888,1.9220188484023084,-0.9568587722067057,-0.1988138913949889,0.5057842351364377,3.2343788980259998,-1.178978755952521,-0.40110040572935607,-0.21941744845635974,62.9,0.0,GPL3921
GSM363386,-0.5643389165933299,-0.17490642231473658,-0.7607354369181185,0.41866124832286356,0.31838761449968594,-0.45723213877883967,0.8499749320177411,1.3878513741028256,1.3306190149634058,0.1252291083315711,-1.5405263724221283,0.7619708008780535,-0.5798097005206428,0.058030837248396826,0.01004758521828789,1.0609425375996244,0.6295155791548924,-1.468473106987916,-0.32640430546776406,-0.43254546860028786,0.4258998571060295,-0.9286095168152546,2.230252156815203,1.080606017640848,-0.9531761487651169,0.29653978855267454,0.8187903092843899,0.20893276625672128,-0.4126807591151036,-0.6330185428465184,0.0827665063445568,1.5956095250960975,1.4812247070600637,-0.9706493067040051,-0.23723406558538848,0.8011961886391679,0.199962117807378,1.1185086625410536,0.3652789965437792,1.6634399439216365,1.4020231123351745,1.1861558223722881,0.3157614670882034,-0.2772615313809143,0.013976847593299386,0.3879628778143548,-0.39705296387133077,0.056541919081443584,0.09893997644383401,-0.22529259296257187,-0.10993689208686067,-0.39659974396184955,-0.08563436739929742,-0.7940084781335781,0.22353669708689877,2.4668616348798436,-0.502767876897411,-0.08219138643931387,-0.32517901748611105,0.6387408772565859,-0.9104893017612541,-1.487973734239276,0.4323864378382972,-0.8270125219780698,-0.425802543062719,10.0,1.0,GPL3921
GSM363207,0.35340496559619405,4.571086040764547,-0.9854621272337163,1.052985480379109,0.22043769158792484,0.4634160160656044,1.1518565834057033,-0.19462378890723833,1.3121874249852232,0.548514469319344,0.2879768673434469,0.704850913833905,1.9263588212159573,-0.12415613244408474,-0.929245690255248,-0.6432795304361248,-0.7260720690582037,-0.30840998074182946,-0.702375940212993,-0.46189384353576296,0.12817410973005788,-0.5009457074745324,2.7982918970265076,1.2054909877183055,0.7708070160452712,1.1840028298752323,0.028817578812516346,-0.10117883928166822,-1.2499584377047581,0.17614945764086468,0.9679149195422457,1.8019066115671958,1.1832594287435334,-0.5798844561768067,1.1064927901071777,0.15461006576300437,-0.8488143835728501,-0.8139742239769376,0.753004664524331,-1.2823696777837075,0.6392340221611881,-0.21304338434607614,-0.6005587732932933,-0.816195128613205,-0.017044936089389527,-0.1373510491828073,0.9202753849861791,0.5165377898020944,-0.992959595020896,1.9270692055719827,0.4147944921891742,0.06666213243405021,-0.05731094601865901,-1.0345159510897546,-0.8449069156065091,0.2746196545701912,2.264015087576278,-0.35325836284045836,-0.36914207733845944,-0.12813861494705991,0.32410066020107736,-0.5335657712957018,-1.9501936481679119,-1.1717985208460753,-0.5952231431127153,53.3,1.0,GPL3921
GSM362986,0.3806723984286503,0.1316178127852549,-1.3225521627071102,-0.07923404690532086,0.37626711440209076,0.08830764155718483,1.467714237172735,0.060761251809081415,-0.38878502157276157,1.4755443921438038,0.03712111740776215,-0.20294729097489705,-0.19111170426078392,0.2516941514884363,-1.3117205060236077,0.3806143667270706,0.4095260506122924,-0.9265299204301763,0.35970735482605953,-0.011885427858484886,0.4684321067311695,0.49912966206069675,0.28268733323358464,0.18206924140558503,0.6655611502302669,-0.499608727617724,0.3598537706293018,-0.7479830451188844,0.5462353231437531,-0.18395148498441033,1.5275490648030177,-0.41344278292356434,0.48338749595353964,0.6789152913230203,-0.004798202113490542,0.8088480954187679,-1.636433100024406,-0.7953747736735887,-0.1963796813719755,-0.3401309283916293,0.5564169209422976,1.6996091898044141,0.2864392193959955,3.301617844111514,0.6935016330236309,-0.8075791629378074,0.14695485426797386,0.06602637002413776,-1.3437149927509464,-0.39010201067893246,0.40489390003302367,-0.39961773664195416,0.2774203975707,0.4544685163130912,0.8872377563183521,0.5016269602235576,0.7685829003663699,0.4964593611113162,0.3458361065760593,-0.1914299072884883,0.6259528988732123,0.7583009724717378,-0.46808234692716016,-0.2130353154377155,-0.4412044157945365,64.5,0.0,GPL3921
GSM362972,-0.8276644108039064,-0.08837565738220307,-1.5607624544416423,0.1120477614309309,-1.4580678055817986,-1.4208863492994077,-0.867675760370238,-0.1832226710181171,-0.434863996518218,1.3822583621740467,-0.9055477553974272,-0.9985457176612627,0.5616724063996854,-1.6160809236266136,-0.08320599177117095,-1.1841404262798052,0.11475747284177282,2.2348053344899745,0.09784384268833134,-0.09177822629394289,-0.8408214904252809,0.8544195959745267,0.2244436271520104,-0.15236847507302884,-0.9215092510862652,0.07681421240528898,-1.0696206940340882,-0.969491334789164,3.7493799530993352,0.1668291979493869,-0.47937159482342306,-1.525415336137092,2.04019832994844,1.1338133043413239,-0.23448334530761483,-0.2463498494880131,-0.3161354095516675,-0.49964351385033523,0.620743104886106,-1.1037296174900415,0.7961506349969799,0.7719804474345899,2.247364533812399,-0.6225393234795957,-1.4470014410819132,0.05861245336472304,-1.3911479678702843,-1.22227821635844,-0.6917459201340738,-0.0727823855235535,-0.45893276559120505,1.0444917607876174,-0.3534194422707851,0.03290485585058049,-0.9312264175296757,-1.0268888978424426,0.4775882916168883,-1.0597178920102805,-0.33212055325227174,0.3222844155494421,0.8548455917051628,-1.1298119607268287,0.6844315283109251,0.2534398595013524,-0.5844418322004427,66.0,0.0,GPL3921
GSM363186,-0.6695133003756606,-0.6354260865319469,0.4123378865292967,-1.090495960094769,-1.165331104152331,-0.05265665204789039,-0.5839629120750708,1.0480980610070048,0.3300469875763551,-1.0210229849218175,-0.5135856461229197,1.0047303208156875,-0.6884414549338786,-0.21309780268765896,-0.8386951154973673,-0.2095703215048714,0.3112698580221197,1.6275677881060018,-0.3015345864379235,0.9109579173347742,0.017220415055781542,-0.40883350238576127,-0.39071461685562403,0.951487658747206,-0.29189681488322844,1.0784204101680472,-1.0583353693130628,-1.3829734755070175,1.8031654943921451,0.8294149323798932,-0.40800885146802196,0.9853139776191021,1.0585297773552174,0.9637858502951374,0.19462901802511895,0.34667292593095383,0.31188688277681004,1.3175227807868917,-0.6275886018363276,-1.2771155583633054,-0.30226565485356255,0.744058512045532,0.09584460939664402,0.18060684509777372,-0.5414608031062751,0.4735939881712583,0.3128406463463282,-1.2918308566048606,-0.7888476969068,1.075963854380033,-0.552988391074646,1.1199415777902055,-0.758959339311739,0.6976783204260782,-0.7911970032987622,-1.374966766510938,-0.7657523094036286,-1.0583133999045746,-0.18981907004598364,0.645070006490729,-0.08504502823603327,1.2116965123516574,-0.0673952800219569,0.17784506830569252,0.37509483899181073,7.6,1.0,GPL3921
GSM363288,-0.2830948236642824,-0.8319535865482087,-0.4910634085394022,-0.6319822136416946,-1.1319390849778668,0.1910443301168153,-0.0696460245252126,-1.3187740127746188,-1.228738907721364,0.15554706807174293,1.1444140761082455,-0.26822716188249635,-0.4542042344803394,0.045119949632394955,0.5222665081024167,0.6510448146489108,0.1643203310509755,0.4337692426163605,-0.03235645105612483,1.7424952071732245,0.5220597258237357,-0.06012301169255565,-0.7048379754978208,0.5355572075570321,0.5649721811327405,0.6675050469833255,-0.45268960928462615,-0.3640353430237341,-0.6194660453527414,1.3039008803096672,0.8051577855737873,-0.26028282478593184,-1.76405603739518,-0.053395936191689496,1.340304013717962,0.5287883072854233,1.207285002532261,2.074520408133208,-0.6855662718147281,-0.5502957052077063,-0.36982697426897215,1.082224173979682,-0.530918435024299,0.3562481567305815,0.8234976789320423,0.31385903231318785,0.8751446915530989,0.6098015574052505,-0.2498337523724865,0.41672618351459056,-1.0628688871164529,1.1320135485106213,-0.059885802507807645,-0.6697012449202727,-0.7029592902217477,-0.20533864881121205,-1.2792722071968332,-0.6734825629412918,-0.23609597515371955,0.6598379747037283,1.1438226164055,-0.0677484358026351,0.05539591790060626,0.6498515694298089,-0.029974413855000343,60.3,0.0,GPL3921
GSM363016,-0.9118039178297709,-1.0328809559678198,-0.6303939565350728,-1.1706655415298155,0.7925542867770748,-1.2639938869253977,-0.7223253356278864,-0.8011632606085021,0.4564350331410352,2.365259902980361,-0.6566518160081156,-1.029145657149199,-0.795375838184407,-0.17723422597653998,-1.5955357403393533,-0.13133258185452715,0.1191050919829316,1.2586546550877804,-0.9232775621839251,-0.414610350584165,-0.8278768927132818,-0.04367440364098975,-0.6145275098881888,-0.8815696986608931,0.7084046000310655,0.5034242596005372,0.2733329477680961,-0.033249630449450195,2.7722181102901016,1.5072520008509993,-0.07373073785588308,0.4812926868090355,0.7513252656025147,1.8019913693649285,0.4600735248303041,-0.7353066927044258,-0.01766936963318323,0.06763972040181941,0.013789372299726904,-0.11070104703407839,0.14886960704933808,-0.3154238141059562,0.0335348330507026,0.2841901827273783,0.37294320163584455,0.11789552976565748,-1.0374209112326196,-0.6547919016205918,0.6518256033742506,0.6725497572832715,0.6598341480539271,0.6083918185126456,0.7872419824221867,0.64363169728986,-1.6198642217611545,-0.8896035272806451,1.0549091464086418,-0.37011226810892334,-0.4570681970431582,-1.0680143062172773,0.6116471055712157,0.6382236148779696,-0.16002723634950422,-0.5541337635156892,-0.34725299213044764,2.0,0.0,GPL3921
GSM363341,-0.9149201958677662,1.6349065255962134,-0.8371425116254209,0.5452447979571474,-0.6577724127004778,-1.2448800844026757,0.5355148784886158,-0.45912972393485835,-0.9772793587333028,0.8750155742134937,0.5937073125775618,-0.5089466858542682,0.8222188798751792,-0.3694629971481355,0.04383511311301866,-1.4579725150560094,1.1173184467928312,-1.0331773748130246,-0.6935983923201079,-1.793983972551475,0.08009417537120557,0.8083634934301419,1.6543593326378427,-0.13966830862447435,-0.4940061324217771,-0.8862686700589026,-1.4758923839910523,-0.25180447625745855,1.9775138729846649,-0.7033441387003958,1.5525886238750897,0.3992427092353033,0.5827092553923837,-0.3755532175423566,-1.3416482571116222,-0.4353519469441224,-0.7037267252791429,-0.20763214408775124,0.9215022678990571,-0.8515318853107492,-0.47225865209233553,0.472595251318577,-0.413629444255469,-1.2050079466721548,-1.0998529093946783,0.4406589457262959,0.018881264795717622,0.06444562820035493,-0.8304627440951108,-1.6347820907457726,1.1226868313540157,0.19643581767850526,-1.038331268384397,-0.6048452971568093,-0.910126094837346,1.7447622054681835,-0.08572747505323314,0.38690897686629366,-0.73357270506188,-0.5585194028687751,0.9936117867345321,0.7417385783208732,-1.0755756419124685,1.4113308075714495,-0.6414287613081693,65.4,0.0,GPL3921
GSM363243,-1.0754085148245076,0.1257513202474554,0.12019318911901926,-0.008909852664052144,-2.1359257948234176,-0.7455319934965634,-0.2527316556910582,0.11320639409904162,0.15494688278362131,-1.257736285970076,0.6211446602267778,-0.5864665325570427,-0.9982116921278711,0.20291968716131673,2.0481112678284914,-0.45278764259180937,-0.13218729437600638,-0.7415292342558474,-0.645321878909242,0.1120299329801868,0.8031424189985671,-0.9516375680874478,-1.566713940772347,-0.309003861271874,-0.13169956780198167,0.02830337091820282,-0.3022186130042691,0.8143887580221513,1.5355610063199072,0.6887637406721384,-0.4994032420810794,0.06557280043546085,0.5342032798524835,0.8593830276352,0.06672052510863115,-0.43229118423228224,0.9046736009482428,0.7465196564740691,0.18953418442175224,-0.2753301222066724,0.8658913518128873,1.080672955346956,0.13616269997343033,0.027483650340966406,-0.6685023934258593,1.3957751766302273,1.2349704905465853,-1.7866030474487211,0.7152390086135816,-0.23513196118444304,-0.020831562681494963,0.32470050658290933,0.3096061036850619,0.905757819500523,-0.8871075609911684,-1.3122695106638178,-1.2917211744160624,-0.9810663340907774,-0.08106834304280396,-0.40767515612170335,0.09091622937852886,0.3587332135821297,0.23635136747069732,0.15018843738045196,-0.0808005938699985,55.8,0.0,GPL3921
GSM363168,-1.1268271024514256,0.4190759471373989,-0.023631892682960745,-1.5827653197836513,0.2582819799856505,2.393113662422081,0.04076439426945909,-0.03500813845953875,-0.476993345039778,-1.9049081188852648,-0.3078055387538044,1.0067703167815507,-1.1883172623510336,0.6375862369000713,-0.2480891278974605,-0.2861072407280337,-1.2530035089665654,0.07029730625032628,2.0142751326348316,-0.04612519861653853,-1.0516335103064038,-0.6687215096005072,-0.5026210633719067,-1.3239588299522245,-1.387198922834074,0.6846265204493561,-0.20441246542203623,-0.9429103400287295,-0.8546336257798614,2.8985125838879444,0.41704461995669795,-0.7478941200812521,1.7075859262462654,0.8966697500137486,1.1615071956626566,-1.2196723918530785,-1.0084108076959284,-0.3564277465145441,-0.7960862052110537,-0.3243685701304245,0.2295073108677328,0.5036196239730855,0.37440596247261926,1.9715477406357198,0.26362834484922626,-0.9146180508839382,0.7312143719557039,0.059703402729009244,-0.079410225791784,0.3798285526825726,-0.5133860224500395,-0.5127924621458393,-1.1992597989562046,3.981010675951408,-1.0827650986836774,-1.0755333204824498,-0.4296301944844399,-0.8434261077316466,-0.37376976784923355,-0.9340477374279191,-1.1322290979422063,-0.2934110561081655,-1.0518790949449563,1.67867823984878,-0.7677241177090756,53.8,0.0,GPL3921
GSM363051,1.4924045884833619,-0.6178266089185503,3.0731018998659616,0.2709804404161981,-1.4792160843922926,-1.1763889586962553,-0.3002500637799049,1.6204341790409027,-2.6400720831936244,-1.6891841745802023,-2.3518879386203593,-0.17030735552109744,-0.6044215823798915,-2.2372380722631853,-0.5886674090763548,-0.2435867300484984,-1.0930111245719472,-1.0647363153957043,0.23535875967685924,-0.4896117531970444,0.973271417499122,-0.5601606964601702,1.5097317029296646,-0.06029226832100563,-0.9773920116960028,-3.667081318833284,-0.4602131590986432,-0.8040984785020221,-1.2398219040656584,-0.8617885534555167,-0.5144269775243211,-2.610037896826042,-2.5655595379830576,-3.6045833755247347,-0.19734862155766658,-0.7184724977893066,0.6621699435144744,-0.6614587314894737,-2.0516651206807883,-0.9163326914957061,-0.47443804949283336,-2.176886173376507,3.6694935468844814,-1.0188581804972137,-1.0141736973186801,-0.6972467707471806,0.656809715214678,0.07709156279061337,-0.737324305149844,-2.1242906597839166,0.8380448068646563,0.4318392467265866,-1.73225509221003,-2.037080810266625,0.15064467324067102,-1.1490404480273497,-0.437410798996458,1.1088179191988756,0.7681128656841495,-0.5416417249110608,-0.9233645157330518,1.8700516798485252,-0.45300272612965126,-1.0925161788603852,0.45826495174362625,20.6,0.0,GPL3921
GSM363098,-0.8642806777503473,-0.9566165529764346,0.9112311390299203,0.3286462796940392,-0.6477548069481383,-0.8594184001944486,-0.8369285551362787,0.5122455202182936,0.19049352059868777,0.26515815328620673,-1.0956493783955639,2.6856869966863686,-1.0703499665429104,-0.851469468145567,0.34116535858665664,0.17141345418375964,0.05649937635025411,-0.566322702055453,0.023234685598812182,0.0892034191414839,1.594612107675065,-1.413843454336459,0.35794605457494433,0.1111599787344863,-0.8460675242631206,-1.5268971355795269,4.0689638289401,0.8764110791298292,0.5381260962324722,-1.0617504886544933,-2.208353148749882,-0.4720499097619444,-1.1704352891211591,-1.7044520031138573,-2.9549457000260335,-1.7797919681197667,-0.29540860122399454,1.0794498169040203,-0.4083605372305019,0.10471784920239915,-2.8216490498282165,-1.7611595798060846,-0.45028225387072807,-0.4979390767657232,-0.34646673424365876,-0.7697038641261003,-1.693645588719046,-1.1068840632223313,3.0516266579001816,-1.765153719685582,4.34037928210329,0.10891402995550126,0.3018815342176149,2.178555794358491,-0.6511675890678479,-0.6863779393623927,-1.2979456580256763,0.7885937190980408,-0.3541020831784454,1.2073076534570875,-1.0134910135356319,-1.5728560042624562,1.8369454035490105,-1.335894531002507,1.8290316248754173,56.9,0.0,GPL3921
GSM363314,-0.6087458786347588,-0.4916970193558749,0.08423691866852576,0.7576238645657795,0.3929631239893224,-1.256826210979377,-1.316305436738457,-0.8239654963867467,-0.3018932402470443,0.8936727802074451,0.5231541329081514,-1.2923051367454583,-0.034104871710403835,-0.6592406969739728,0.04113211088144044,1.17829914707514,0.16518985487920665,-0.07987972135001128,-0.9101112403445981,2.0539140745440942,0.14851562042034194,-0.15716979919679683,-1.5071613873630976,0.4688813337021179,-0.04321853016989822,0.143873316813905,1.2852503977534968,1.2160571232909245,-1.5499998334221168,1.0632687210024248,-0.14258952530407626,0.29609416599975497,-0.3319748547885956,-1.313687152586659,-0.5700712191960342,-0.2861397647419306,0.262142542790396,0.18667620234325502,-0.9990080501354552,-0.6168478845327977,0.580390292347766,-1.2647696173339373,-0.5858976494471894,0.00196311788149941,0.6358897490414945,-0.5358650627668614,-0.39827271234249445,-0.2090227073139836,1.5871733306543812,-0.6557649526694845,-0.5653641312698342,0.47710913692813955,0.12807872120006322,-1.2128698074392783,0.6321156728565508,-0.38478251899434873,-0.23200283987917672,1.2914018929405788,0.23245768906210654,-0.7494481347654186,-1.0320885448282278,-0.5501281654465664,0.393610270073278,0.5761005536291657,-0.40578010851135593,57.1,0.0,GPL3921
GSM363170,-0.8113039511044329,0.48800723445653515,-0.652866625566632,1.7041875190532598,-1.1352782868953133,0.6903924210229276,0.7940709225014533,-0.5822617971373711,-0.02278630629170964,1.248159694092521,0.15666956073648672,-1.1515454151009477,1.1218048900929303,-0.10981070175963766,-0.5089288432447883,-0.4970089736985251,1.3251346417401892,0.3869749514075595,-1.2202512658931923,1.0625911878347265,-0.6466525247452989,0.9547561050890822,-0.42278137638368185,0.3715133909298626,1.840961881721736,0.6432496262397837,-0.2683626388411892,-0.5766833011072023,-0.6356844991753013,-0.2805432672415429,-0.5332066468283746,1.3885310102671564,0.9060824256583878,0.18225614924074193,-0.11620237336333535,0.684887205589255,0.059019821179204866,0.17923642222191447,0.7077096098537067,-0.4697325407615431,-1.1762040124529016,-0.3014628464114279,-0.2670182057944294,-0.09711659637290611,-0.08352018683800881,-0.596794891290043,0.2542927197304388,0.1798397813364637,-0.814609392785278,-0.3187665910703589,0.258860165729787,-1.3246324930937068,0.4615226365448473,-0.3021842075939803,0.5975878720872848,0.5221657164493385,0.1679202320385622,0.6383130637875627,0.02999622921576226,0.7822011398971579,0.12668071263352035,-0.6971194135354893,0.7318246222459497,-1.2953314723121527,-0.4288829176090822,53.3,0.0,GPL3921
GSM363029,0.5364863003283998,-0.5591616835405616,0.4842504274302877,-0.4969597606984593,-0.15689212508351774,1.290087975173331,0.4530564644520905,0.9158450934931938,-0.23211650675821063,0.6033200119265758,0.7406931035555023,-0.9373458386853879,0.2128626324634354,0.23447963466710134,0.05735012427091217,1.2616393480070287,1.2190527346959301,0.6067992961558798,-0.08794758771106183,0.3989918212381617,0.6681487571448645,-1.4286472015828693,0.39786589806905676,1.4965364688310239,-0.29841647028769747,0.21378600013352952,-0.8326288748925272,0.061260573143202345,-0.18562240559926454,0.6870691480009607,-0.6559004862815192,0.03275280940596757,-0.7916267182381279,0.47607552158371136,1.0748595069127769,2.3859060826942393,3.6613391085286855,2.6566832026280403,-0.6511420302650526,-1.8673283065884538,0.10964045384039063,1.4467605526701655,0.2901045003575211,0.057507806175635105,1.5325670202506496,-0.5193975415443801,0.30674190399050544,1.3796228255872325,0.16631671951062277,-0.16625638363134052,0.122727023582703,0.019883245892446288,-0.17317948803036012,0.20315171872967094,-0.892862194452713,-0.12210263673831107,0.3157517177669086,-0.5990444813389051,0.5425129532839367,3.6746131999004525,-0.5084965099751417,0.7583009724717378,-0.4766992730971636,-0.41031928270443624,-0.8231708595436199,51.3,0.0,GPL3921
GSM363298,0.9665326695717079,-0.45503144099463216,-0.5449978142151455,-1.4744660606520972,0.4820085084545598,1.618208251813392,0.5718524846742034,-0.7236356589624763,0.5670245730101309,-0.3342045892694822,-1.9932426086341857,1.0598102118939745,-0.7767047553946319,0.616068090873402,-0.5886674090763548,0.8466391637747707,-0.04001776858345476,-0.5837345313424487,2.021589755878902,1.0006335074153923,0.8900561464934157,-0.10124453182147186,-0.01769312846801552,1.1165898225784212,0.8779156405472675,-0.7635647768856868,-0.8514377494275714,0.04649335383185071,-1.203330382964899,0.18970619901028682,-0.228976004102719,-0.3095128113301707,-0.6022224327966123,0.5730209997679404,0.5549733744135047,1.429417735244293,0.1522904586537319,0.48054751713617294,-0.41379594379097556,0.41120814872584577,-0.31534203925654375,0.035151596889997506,-0.8644590025231645,1.3635585849836922,0.5738461816761167,1.8947410696714189,0.2213595110089998,0.5117955643307474,0.2931435299892848,1.1891165889315622,-0.33765051167834687,-0.35283885010034755,0.11391701050974401,0.04641651163463506,-0.43249151752916126,-1.128501691801569,-0.6614922089425838,-0.7156173261124545,0.25443921898828126,1.771655010168161,0.6674396994490032,-0.6308698369320308,1.0765016690461249,0.4009418911026388,0.9064594482395267,53.6,0.0,GPL3921
GSM363265,0.9369280282107553,0.2460144172723319,0.14716039195689187,0.8842074142000634,-0.8670290661937853,1.2558424123201204,0.5271292770611722,0.7585096666233172,0.6710314021727317,-0.48346223722109244,-1.2916304330328168,0.4661713858279954,-0.24288152472334149,0.6418898661054058,-0.34269420600270906,1.3313729855214662,0.24692509473297997,-0.9450299890476087,-0.924740486832739,0.1837704050446798,0.1984447830237661,-0.5075251506951581,1.1687769740701133,0.8350694663021194,0.8965432274171802,-0.7892469870847316,-0.5354486572388216,-0.3079199096405963,0.3678323310955938,0.1134495288072875,-0.3166144608549657,0.7516668986234281,1.210977129052047,-0.0056689315471462175,-1.8629097497497817,1.2319985403306235,1.221793768361633,1.029231301084977,1.3961944408472111,-0.09318731563273903,-0.9582642724031918,-0.41004815070220907,-0.9817479932919962,-0.2352277132123784,-0.3065815837944869,0.8869287708555463,-0.15432301810962312,0.6840964231230183,0.5923755359623772,0.517579707788782,-0.003505526408230448,0.6491347196940457,1.2571532916918622,-0.9831716591103458,-0.4746921629138206,0.14922514287595107,0.5507259740298595,-1.2858411210288512,0.0959408189942853,1.6830472008901611,-1.0449637588000253,-0.676416420846909,0.32252062917074115,0.6185073877145366,1.223738026514974,65.1,0.0,GPL3921
GSM363038,-1.2639433361232049,1.1509208912278068,0.641559110651204,-0.13408691841351147,1.2132937283753213,-1.4718564893599997,0.5103580742062873,0.21125600794548685,-0.6994889669192662,2.1973450490347983,-2.1461078312512423,-1.369824983448233,0.725468723600892,-1.4640193583714713,1.2331560950075682,0.7105735296002595,-0.3704368233114711,-1.1169718032566913,-0.4609933731586628,0.5685602097542363,-1.4695590935795089,0.06653127030450444,-1.2192149752744172,-0.75562638137939,2.206062584372019,2.0315157664437193,-0.5354486572388216,-0.9133759014060263,-1.2175215300596383,-1.1346179735151372,-0.6671682878639502,-0.6963198484634779,0.21313991794552295,-0.669372589885326,0.5604748149690519,-0.4651943833845605,-0.21871941041160645,-0.7935148286432532,-1.633138815524209,0.8070184783961237,-1.3004296642812376,-1.5610523761844997,0.34508371478041133,0.5529063774476574,-0.22385682730731604,-0.904737538150449,0.01766151632455177,-0.9171950443684547,-1.2267965268409295,-0.9238877367155033,-0.4416067293179384,0.6415897379937855,1.3652972642361185,-1.5452565397270284,1.1116684613185834,1.1988636847303265,0.7063380642702253,0.9585372638883962,-0.3448467021568982,-1.1703352288359201,-1.5728475316437105,-2.316093441782506,-0.49608735697967415,0.9540745096074619,-0.32877074485226615,15.1,1.0,GPL3921
GSM363309,0.3611956606911813,0.06415314860056756,-0.221391380160686,-0.2747353068960489,-0.2158846922917374,0.24758932924653437,-0.5070948989901738,-1.989159744654964,-0.6942227983540719,0.4260765549840374,1.6539648181651043,-0.5191466656835804,1.2414695570637602,0.456833810276035,0.24115427601825046,1.0677458193083509,-0.3721758709679349,-0.06355613139345319,-0.3029975110867381,-0.5792873432776617,-0.23242539796133777,0.27049401014392543,0.9148605925010052,0.2995457810547182,0.3162938964194103,-1.753756659004425,-0.39626298567949186,-0.3551750114369226,-0.5221553224173818,-0.48982546213199757,-0.9463593715175348,0.6164797927162318,1.266412529669076,-0.28457361493869615,-1.1050863132230644,0.4400261886420685,-0.5669297903165048,0.39499004574076735,-0.05687091298644965,0.2956175214770022,0.6937189571736146,0.25387342410428726,-0.38797247752478664,2.459440272949075,0.4615768693006698,-0.8553349744830038,0.7604883352636476,0.669869746708977,1.712018472219315,-1.4724325150848787,0.4444962686576302,-0.18383126001454608,-0.64952793852291,0.26530533533632245,0.43070350170249794,2.8916895926025727,1.1000366525783474,0.833537466480614,-0.4096343693077285,-0.3739198002062747,0.4271023719754551,1.3856016509357352,-0.4357688737896425,0.38434791254749345,0.14868730983408773,53.0,1.0,GPL3921
GSM363104,-1.2062921924202974,-0.9155511052118425,0.5157121640744697,0.868736091466984,-1.306690651990895,-1.3699162092388157,-1.1010750001007443,1.102823426874788,-0.9456823473421329,-1.615721425979018,0.9209956738217749,0.31929167628589705,-0.14443399728634695,-0.08255438345918743,1.3183006653022913,-0.6806975798341158,-2.236434958696528,0.5741521162427636,-0.4258831815871238,-0.9852731965517283,-0.16215472466762954,-0.436796136073423,0.003902852438635143,-0.9545956557400841,-1.2465606419662358,0.40212220825985967,-0.40754831040051903,0.1823517714962894,0.5725903106054128,1.0242930895653366,-0.9413514597031213,-0.8088455319931674,0.6496936978046269,0.9041270944894584,-0.2234804641965191,-1.0628083028712874,0.5253730085518363,0.09553889585684276,-0.9953844457618056,-0.49074901844315155,0.06169371102945377,-0.5558627021784027,-0.36231551079410435,-1.6043292192732395,-0.696569721519721,-1.4695735160815668,1.2605852084410356,-1.7613111782682043,-0.04374018534466075,0.6430316526176536,-0.674270644987502,0.47710913692813955,0.5194569075506978,0.15450975790707402,-1.8673134606075634,-1.1976848706673568,0.2784048161092209,-0.8069093129833063,-0.371455922593847,-0.6102072916142757,1.185309416981291,-1.8233622157942844,-0.30220651815457605,-1.184704948611189,-0.38267729941362894,35.9,1.0,GPL3921
GSM363393,2.589334457857598,-0.9140844820773929,-0.7921971735623026,-0.9146854744915965,-1.1597657676232538,2.381167535845379,0.46563486659325604,-0.135337975883807,0.09833557070777606,0.3852639168722686,-1.8599754914808522,0.38049155526177,-1.076290765612384,0.20291968716131673,-1.7320373530340687,1.9079511103359557,2.529425143840983,-0.15279175648930585,-0.23862882653891604,2.9506699753502645,1.0823758839288264,-0.5173943155260983,1.2891909282162894,3.2354009250790083,0.2203618240393619,2.3867863408638437,-0.45645138419163467,3.564044993795884,1.0773896858325895,0.19394268068823114,0.38449319316300445,1.3088253177669595,-1.1935333727115895,-1.2420966456198455,2.414460282188683,2.0622304259171775,2.6457255004727327,1.5407161844270834,0.9088196525912826,-0.6816486907177546,-0.7207099557490073,1.572409261920927,-0.10208056252575863,0.8261261955431355,-0.1337459318480765,2.0396552564292567,-1.475310612380625,-1.925708327941564,-0.34297219131775325,1.208795325375309,0.13262761573885354,2.0887172281034587,-1.0112952752483337,-0.23462592867370624,-2.0572163648385278,-0.7112406442672857,-1.0567469181531102,-1.0540999235874589,1.7121617298819614,3.655625812198025,-0.03926648966964317,2.453876073666503,0.24927675672570435,0.2829402658216097,2.9379664615663033,4.0,1.0,GPL3921
GSM363011,0.037102744739702986,3.3567220854401807,-1.2146833513556237,-0.43085501811166566,0.6267072582105703,0.21652940014711133,0.8178301265458753,-0.45000882962356015,0.6920960764335118,0.23484019354603594,1.209087824138538,0.4478114221352324,0.8154293952243526,0.002083657579052421,0.7060706598497561,0.349999599037806,0.35300700177723754,-0.5271460861597131,-0.35273694914641796,-0.5417866419712216,-0.22872694147219566,-0.4795625170074964,1.0045166344467984,0.5059234858437367,-0.209935432655614,-0.4839140436071963,0.2808564975821148,1.3784965357157952,-0.16737664504888394,-0.6118361344567961,-0.6083253240445852,1.5307509713949572,-0.11254306067952281,-1.07952653604937,0.02408436080313562,0.7307986462668521,-0.716162810275746,0.5196063627732063,-1.4356523771602827,-0.45397018250033827,-0.036379171992915856,-0.16340438809886143,-0.27434876771748057,2.009077935429055,0.4852125140112901,-0.45023395240995784,1.5130731419720593,-1.0373314229759105,0.6538072722879785,1.4351007944783676,0.12767731966077828,-1.448370192977954,-0.2723114628625934,0.18693773178880452,-0.7432417244525583,-1.010674090295774,0.7654706585615629,0.3194933557924339,0.5853190905085923,0.4383184515087276,1.9635445726099214,-0.40313691735764345,-0.16864416251950765,0.20365792383591805,-0.42118198124317346,17.6,1.0,GPL3921
GSM363180,0.7787769177825101,-0.18810603052478322,0.00782984396122132,-0.12705449898938348,0.8070241617526758,-0.8403045976717265,-0.5532157068411128,0.1565306420777036,0.4788162495431144,1.2458275433432773,-0.16669917941498172,0.033692241065149356,-0.9167378763179442,0.4137975182226937,-0.5224438544026806,0.6221308673868267,-0.9764949315889104,-1.2562664375526569,0.08175167155137711,0.14300877318985472,1.5076983801802148,-0.014066909148170827,-0.28731567796923413,0.43501422317263794,-0.44929992393398743,-0.30841894058038793,-1.4608452843630166,-0.059830625209884705,0.025217494094014567,1.7631354941988422,0.6436526295589339,0.3265698719557123,-0.16335884457846464,0.9190417834408792,0.821793241357576,0.49052877338742557,-1.0581551476823423,0.16807675203990613,0.49935235836882985,0.33589910370008463,0.6174400481562176,2.1603211237238766,-0.6848602354083915,1.548207143366901,-0.4203281239643467,-0.10276925461559616,0.012782522439894863,-0.16476193624807836,-0.27757711716469424,-0.5401523760624841,-0.5356623548013794,1.0324197900672016,1.4541298131117548,1.054386033125128,0.3674025336255089,-0.420455095597021,-1.154782535004541,-0.8083138050890115,-0.4547543517877717,-0.16611339035191675,0.40850484068285925,-1.403091464216094,0.8438446624560058,0.3566912816222529,-0.15318939570954337,47.1,1.0,GPL3921
GSM363048,0.2365445391713817,2.032361395032088,-1.3764865683828533,-0.06376272417224152,1.0864040555123582,0.9492251635181217,1.6046790604876442,0.22037690225678302,-0.7679491582668019,1.5699964974881824,0.6975772715353061,1.0332902643377626,1.230436644506166,-0.08542346959607659,0.6871496442287063,-0.9256157213482342,0.21736128457310427,0.8755944107738763,-0.6043599887424466,-0.6298317667776454,-0.9832120652572676,0.33299872073987763,0.9678689092718761,-0.471989330694996,-0.3002792289746885,1.065579305068524,-0.24579198939913482,-1.9205002584402295,-0.44917228021586303,-1.004981634170038,-0.0712267819486752,-0.9307483558169973,0.8390979832461446,-0.6798128721513194,0.21663478024731042,-0.14228391728545886,-1.4001474850889386,-1.256641141196651,0.8762072132284328,-0.2858383610474767,0.7220511233800787,-1.1903111229631151,-1.1906690080989772,-0.6000212066035951,0.7481590614169413,-1.2357347147223279,0.5653285798773496,0.054961177257662155,-1.1594197837741391,0.8127607544449476,0.023721102021186786,-0.5520263669871857,1.1618836015933522,-0.16706764975343338,-0.5073017525292378,1.3804695292530196,0.3484302567173851,1.6411204272612259,-0.6965511809756912,-0.6576757608703472,-0.55999736586233,-0.676416420846909,-1.2608395545675612,-1.193923825586269,-0.6660717576790779,20.3,1.0,GPL3921
GSM363077,0.22797477456689608,-0.9800825231276301,-1.6236859277300104,-0.25645101639331913,0.31282227797060874,-0.8426938229870669,0.17493401710855286,0.6992238535998859,0.5959885001187036,-0.032191067242393546,-0.1627795583222371,0.06633217651894899,-0.9218299898060649,0.18570517033997921,0.32765034742876314,0.6680530189207243,-1.5799444683816548,0.2737980610420885,-0.9174258635886686,0.16909621757694335,-0.43584050486417497,-0.2229642314030619,-1.5444635362018582,-0.3312291525568451,-0.7519982105700633,-0.32839399295742333,-0.2533155392131535,-0.4910334291013613,-1.4749894844927773,0.9065188989184817,1.3309885260872651,-1.4347696466270639,-0.8239640352647287,0.47607552158371136,0.27439990608056275,-0.9549164172789334,-1.1700799126517745,-0.4847639536076558,-0.7399203374194789,-0.39967761515618405,0.8724295440143789,0.2383612377770316,-0.9707521504074179,0.15958993601350577,0.25328775028832906,-0.6379636943462476,-1.4740908639094614,1.4302065639482662,1.420713141901138,0.3281718695177413,0.30341283043246875,0.134566967736381,-1.0512055508301414,0.5274314575469878,-0.32315348175981873,-0.615032786157049,-1.1625631395165592,1.1355032692072786,-0.6201942875479272,-0.4467047863989177,0.4170883166640577,-1.5832075006067463,0.8007600316059847,2.563690429456498,-0.18707351571954167,52.7,0.0,GPL3921
GSM363144,-0.3142576040442323,0.6376027941704067,0.6999880501332587,-0.09751833740805065,-0.7390263260250073,1.607058533675138,0.6305516946663066,0.2317780201459043,0.42615456389116435,0.40858542436470835,-0.3274036442175293,2.816246738501567,0.9232124640562339,-0.5143518470610542,-0.5264983577500485,-0.08200878946626707,0.4834355760119809,0.028944211693711273,-0.3351818533606479,-0.17656242055198165,0.1762540440889102,0.2129238819634433,0.5961562682119432,0.23710329601598945,0.7465911531143854,0.7630999405019935,-0.35488346170239327,0.22074654170580416,-0.3336157967301228,-0.7304576214392401,0.013907718896363611,0.7125954807311742,-0.597602816078527,-0.3248432751075297,0.026835081080909248,0.7154948327076532,0.8176210059720186,-0.02907742117559784,-0.4554673940879519,-0.23154579370332248,-0.39597974307493844,-0.6334236338146754,-0.7141824831005994,-0.520457193641725,0.6728204439018391,1.4122426978527085,1.8594817077827364,-0.2896405403268799,-0.9889962571934383,0.5643167068426755,0.6722098882491164,0.4665461625477775,0.05340788301474368,-0.3913611357687433,-1.088519732145222,-0.4291029929552445,-1.1750121067357884,-1.062526876221691,0.02768238396037572,1.1355775221368019,-0.6873189262501029,-0.5749717566728625,0.17818711582316749,-0.37344377480411384,0.44594345355817194,51.1,0.0,GPL3921
GSM363336,-0.5853737933497961,-0.6706250417587402,-0.48207434092677937,0.42288069997733985,0.5421141429685953,-0.911981357131934,-0.8341333546604646,-0.5275364312695879,-0.5507197049525081,-0.02519461499466151,-0.20197576924968696,-0.9740657660709129,1.1506601998589467,0.4683101548235917,-0.38053623724480895,-1.6008414309392454,1.2625289261075117,2.005186835767721,-1.0915138967975493,3.244153724705011,-0.49686503693502715,0.34286788557081627,-1.7244300437572835,0.13021022840731852,-1.0127844267488364,0.6774925731718425,-0.3435981369813677,0.802574982573071,0.5928633778836122,-0.8321331817099057,-1.3482442946242652,-0.8588569468952516,-0.5883635826423544,0.5133622439622613,-1.1862325614173943,-0.10096362067562098,-0.28919055872569255,-0.41780593251559744,-1.645821430831985,0.8543055531797397,-0.541999368908243,-1.218233058352173,-0.9304340598306315,-0.3478182975923837,1.9535769416585727,-0.9541401018178941,-0.6836938545949549,-1.09898035410342,1.521778256501322,-0.35074453779144343,-0.28814755089758987,0.9931858852258552,0.9829310755975035,0.5409431133310424,0.060488749009807725,-1.0549945642566687,0.580292271175529,-0.56393217869627,-0.2465082788029595,-0.28531199092827475,-0.9805876889410394,0.4829511697136135,-1.4611830880201628,-0.8343876235581333,-0.38729786123317445,8.0,1.0,GPL3921
GSM363073,-0.3820366513706231,-0.9668829149175827,0.7943732600658109,-0.5982266004058855,-0.8247325085727982,-1.2639938869253977,-0.16328524046499696,3.396728346166032,-1.9660025068486646,-1.0268533617949271,-1.4464554661962465,-0.7109062864746536,-1.3809688893182557,-3.492463257152332,-1.8050184132866878,-1.9342022346667966,1.1234051135904524,-1.118060042587129,-0.17279721734228065,0.5326899737219906,-1.6563311462812058,-0.6785906744314474,0.5987739628672946,-1.4382603279892199,-1.5660237567852326,-3.6043025827911728,1.4432449438478707,0.32116363302299683,-0.031547094284944295,-0.6126834307923852,1.369799842648975,-1.0135797617485742,-0.9902702371158161,-3.139245080240438,-1.0308168657231678,-1.9006920952374402,-0.6311828961322888,0.08623917070516832,-2.4937448542660907,-1.3857006930516123,-2.551403772166576,-1.424545136504659,2.0860921715052556,-0.4694161287227884,-2.272771778159208,-1.4069969354361365,-1.8448943991434263,0.753649063369439,-1.24859488489195,0.3035734489630612,-1.1074215518191357,-3.171644013317106,-1.1529123821515235,-0.7534735107814132,-0.6300672663755182,-1.9284321974372403,-0.5836861638224016,0.5877513479821672,0.03925161023730944,-0.7810937809361334,-1.6758492434180883,-1.2188348292877262,-2.926060536920908,-2.656037713834018,-0.5921427685663521,26.5,1.0,GPL3921
GSM362977,-1.1759084815498464,-0.977149276858731,-0.5764595508593295,-0.29583256516842915,-1.1619919022348846,-1.3165568438628832,0.07849960069295313,0.703784300755534,-0.24396538602989984,-1.157453803752587,-1.469973192752718,-0.34778700455113226,-0.9846327228262166,-3.3949143284980905,-0.929245690255248,-1.9069891078318943,-1.3929968453118566,-0.5848227706728862,-0.32201553152132156,-1.0227738978581677,-0.8389722621807097,-0.5157494547209411,-1.9973247115776915,-2.7559025970267963,0.38242182980759887,-0.07014510151146992,-1.0470500445920357,-0.31382679736513647,0.17929280540833484,-0.9380452236585161,-1.7952004240607218,-1.6520067301079924,0.8506470250413588,0.5715295308727979,0.48620536746915544,-1.4033181545634679,-0.5337668969922288,0.19597592749492945,1.0211513881744338,1.3044084501941717,1.2233125254944122,-0.6877162859600666,3.4165891605391887,-1.8490260893257842,-2.0186885975200393,0.5592250985281633,-0.27141887134140186,0.5260222407447885,0.10884832101247925,-1.2264483095380734,-1.2584055822004476,-0.9760543385417404,0.07529416317250992,0.984125423048041,0.060488749009807725,0.711338471160477,0.7997053184144436,-0.6917409603154627,-0.24072366566449263,-1.1270861790692777,1.208198686264486,-1.233326924169732,1.6926118902014369,0.8747921676217701,-0.7061166267818041,66.3,0.0,GPL3921
GSM363012,-0.3267227161962123,0.19468260756659292,0.9741546123182884,0.030471696111057885,-0.5754054320701335,-0.21990242412170796,0.6053948903839781,1.982989727914966,-0.789013832527582,-1.4513047981573213,-0.20981501143517797,-0.01526766211555009,0.20861920455666924,-1.3148268792532183,0.10735566555511467,-0.28950888158239607,0.8955898705937675,1.48283195715785,-0.341033551955905,-0.006994032035905588,-0.9443782721212713,0.1718023618345271,0.6406570773529209,-0.22539443215221985,-0.14194474058043355,0.6817729415383502,0.7285077115161757,-1.2412081701180389,1.8437116289485458,-0.20937037505207703,-0.9826667321720378,-1.6559138718972177,1.7884292188127664,-0.4769731024120104,0.499958968858026,-0.7154117350774664,0.7015508793370525,0.5884243288956001,-0.6638246455728287,-1.7167102165369332,-0.5616139455127177,-0.8692088659889453,0.20213775728089733,-1.218518816797756,-0.14260929861455943,-0.8207531799157927,1.3923180433267872,-0.9456483971965358,-0.48961569093370755,-0.14903748924306487,-0.17181559306280692,0.5118160527493304,0.7911042671559079,-0.26435157139862725,-1.0674194094528924,-1.6052170336736382,0.7857002302928102,-0.8139317735118331,-0.5206989415662947,-0.26421489348113136,0.11380549866172264,-0.8337591652801221,0.33113755534074646,-0.5356960095655289,-0.15935014480226983,4.5,1.0,GPL3921
GSM363328,-0.3080250479682423,1.1758534845134525,-0.22588591396699942,0.49039192644895807,-1.3679093538107454,-1.270365154432972,1.3754726214708595,-0.8764106386767048,-1.2721847983842232,-0.7131790860216192,0.6681801133397187,-0.42734684721976907,0.8485281328971351,0.5845081433676174,2.8225214071757367,-0.2588941138931315,-0.22696539165325297,0.5741521162427636,-0.48440016753968873,-0.5222210586809052,0.10783259903977384,0.013895724539492378,0.15180260046600264,-0.7164675348296788,0.5668349398197315,-2.080491444314499,0.46894524293256024,0.2857223066757508,-0.763404823027962,-0.9922721891362046,-0.01613975199012087,0.8376240179863848,1.2456242544376894,-0.20105135681074543,1.6800179680230425,-0.2272200825390139,-0.13581217710091636,-0.5145230740930147,0.7113332142273563,-0.6886541832782898,0.7373069051835578,-0.8645552100907689,-0.7141824831005994,-1.0759040765830834,-0.1307914762592493,-0.4914027554661609,0.08962667612325034,-0.09362855417787483,0.7132573396998518,-1.415856147809114,1.6201915872006334,-0.9685093568414815,-0.3366828750913172,-2.0316761479530023,-0.5610116648369863,-0.7317794004930667,-0.6677166925521977,-0.917864189334034,-0.5079727926616672,-0.7926971845320621,0.2411270590494956,-0.26649716561300885,0.6111876558658884,-0.48407029850507943,-0.017652915669546042,12.0,1.0,GPL3921
GSM363215,0.5333700222904045,0.20494896950774044,-0.6124158213098251,0.22737943998661178,1.272286295583541,-0.12672263682343818,0.39156205398417193,0.1998548900563656,-0.11231117190002413,0.9216585891983722,-0.3783587184232149,-0.011187670183823778,-0.48136217308364837,0.18283608420308878,-0.09807250404485297,1.12897535468688,0.2695327142670019,0.2694451037203391,-0.4800113935932462,2.1925036228505026,-0.3285852666790424,-0.7262916377809894,-0.21074810930019872,0.46570629208997905,0.17099871883409423,0.6675050469833255,-0.6257312550070359,-0.7125417187716384,-0.9458624285317607,0.5616692903338064,0.5434943932706522,0.3906469972990075,-1.0872821881956165,0.18225614924074193,0.9483263741351764,0.39947108271019083,-0.24566426123758048,0.10855851106918832,-0.16014363763547443,-0.6273561233736005,-0.7490421219554695,0.4291611296022634,-0.39163775848631227,1.4641395070298304,0.05238477024805827,-0.020431648503188585,0.2177002655955066,0.7346801614840521,-0.650130872945763,0.7242064404480983,0.27371105396401496,1.1199415777902055,0.29801924948389136,-0.058974403480994426,1.0215125370877218,0.2562428726839669,-0.317589489511377,0.9487058191484588,0.13759003359124816,0.3634237555713705,-0.5170799859563402,0.5678334397367955,0.21050058896068513,0.6240387138995834,-0.10390340296772617,18.6,0.0,GPL3921
GSM363400,-0.9803620346656606,-0.2761034185917669,-0.31128205628692474,0.8490453170794297,-0.9360392391543445,-1.308592759478416,-1.0228093867779398,-0.5891024678708423,-0.7363521468756319,0.24999917341612132,0.4212439844967786,-0.7904661291432895,0.1865533794414809,0.6978370457747501,-0.42783877629743206,-1.3065994970368653,0.07736794822781379,-0.7774411321602754,-0.1508533476100693,-0.988534127100114,-0.6651448071910119,0.11258737284888926,-1.1210514256987305,-0.9217868924146507,-0.3757209557978339,-0.4068674130100607,-0.38497766095846464,4.83402585457215,-0.5931110578910818,-0.537274056924975,1.3510201733449214,-0.5095584709385075,-0.1494999944242089,0.6147821288319151,0.40093303885816434,-0.14840544270913852,-0.04668690129192429,-0.7842151034915787,-1.6168325958427847,3.1766263369973893,-0.679301405139562,0.014985754664566692,-0.05809719098744674,-0.358326752134517,-0.950652902158888,-1.4284047130253623,0.4360352419339275,1.8981061437878268,-0.49556069767489325,-1.1354341534857575,-1.894518628233188,0.18285485061803858,-0.06761037197525469,0.4652778409403339,1.2689617759341298,1.5080260152868155,-0.21332938905033222,0.15938125574201714,-0.1782498437690499,-0.8559884768734904,1.120933347122305,-1.7260581501579535,-0.12125106858448308,0.13912578501035508,-0.629107263122715,55.6,0.0,GPL3921
GSM363358,-0.22544367996137524,-0.9742160305898312,0.29548000756518533,-0.39147346933655564,-0.32273915365002226,0.33200862372189055,0.5718524846742034,0.09724482905427025,-0.4440797915073088,-0.4356531468615926,0.29189648843619154,-0.6170664720449792,0.39023791896629795,-0.11267978789652681,-0.48460182316058187,-1.5940381492305205,1.8381537003968451,0.995300737121971,-0.06600371797884917,-0.3265652257777405,0.9251914831402698,1.3758404712091772,-0.6472486930800847,-0.4762227195111805,-0.002237839056090594,0.4192436817258904,-0.06898856876971489,0.32707052074753695,1.2334923038747287,-0.034827329920766835,-0.40425291760721127,0.6977483419321185,1.6498407172701945,-0.5187342314759864,-0.5714465793349205,-0.8783973494829374,0.5295183702173704,-0.02349758608459284,-0.011575858315823693,0.2728496706552608,-0.23034554063715726,-0.6287699779164988,0.08484876651206565,-0.5414741027259917,1.1824640329745875,-0.7203013004586551,0.4262772541646137,-1.1353374160504124,0.8995342175903871,0.8963953843308634,-0.8029783430174731,-1.8120383109304368,-1.9150699029396037,-0.775092160035901,-0.7067957125294435,-1.0906671408593411,0.6285320191500416,-1.0232010972619394,-0.9904095284098141,-0.5954393234012754,0.7032041827039959,-0.05118604165177047,1.4168702527612966,-0.023126449751059937,-0.4704679739849907,53.9,0.0,GPL3921
GSM363391,-1.0754085148245076,0.6288030553637081,-0.9495058567832209,-0.6024460520603618,0.08019121105517668,0.39094284816694996,0.5341172782507093,-1.1910814924164579,-0.7613664475603082,-0.4694693327256294,-0.3528811813203721,-0.31514706909733264,0.07452688270283041,-0.378070255558803,0.27899630726035035,-0.16704981082533613,0.5929955783691645,0.5872109882080099,-0.4478270513193358,-0.010254962584291304,-0.5782310796961634,-0.5141045939157853,0.003902852438635143,-0.38626320716724954,-1.4225913378869077,0.6161406265852358,-0.24955376430614332,-0.9399568961664582,1.3267484133544487,-0.5609983543214634,-0.036171399247777195,0.42034127489712014,0.6774113981131425,0.728133764862706,0.7337701924688101,0.022232078475931782,-0.2912632395584605,-0.15369373820803678,-0.39930152629637544,0.053928028138514085,-0.2891892704505794,-0.6458333828764791,-0.10941112444881142,0.5213810138212547,-0.856110323316407,-0.23450942439544886,0.1835473084029061,-0.2880597985030985,-0.27955878607842227,0.4954411292895686,0.03609684221637604,0.6657336794346143,-0.3160840231781259,-0.7480688484677906,-1.218958090606895,0.19895055268573636,-0.09195195866284844,-1.2128075315321705,-0.911738789726663,0.09971003748208392,0.621661160882613,0.9632606000886879,-1.4267153833401454,-0.8602004790883588,0.1548480589268142,57.3,0.0,GPL3921
GSM363333,0.3417189229537131,-0.10010864245780081,0.27750187233993756,-0.7824759893180105,1.1409443534973156,1.9383644440689858,1.202170191970363,1.105103650452611,1.4504243498215925,0.22084728905057185,-0.5606210992358607,0.08061214827998746,-0.5526517619173339,-0.38667751396947175,-0.17916257099220922,0.764999783270064,0.8016812971447536,-1.3672668492572535,1.865056818455791,0.25061948128659495,1.3856493160385122,-0.20651562335149598,0.9881560428508505,1.7621816170466313,0.27438182596210753,0.06968026512777534,-0.09155921821176928,-0.6682400608375835,-0.009246720278924163,-0.23987304313327645,0.5159508782913745,0.886072576172779,-0.09406459380717978,-0.2950138972046895,-0.4380366458628854,2.102020341171095,1.3482272991604352,3.1570084157881366,0.18953418442175224,-0.24555677882439428,-0.05817314599788645,-0.3123213768405056,-0.6665338306007619,0.2841901827273783,0.33896696236432844,1.163583127393237,-0.6751556152968048,-0.7085371236291912,0.9550209471748008,0.6479513367285914,0.5954802990389422,0.6913866172154967,-0.6482405102783363,0.3004356403748648,-1.0348098198374744,-0.45504668502991497,-1.32906807607375,-0.9333136024967931,-0.33443439850765827,2.858155528696022,0.21823778976630054,-0.13399801240609363,0.26866484060821494,1.7247726247241826,1.4362838702140603,13.5,1.0,GPL3921
GSM363083,0.7335908862315829,-0.6310262171285976,-0.11801710261551293,0.16268118128464396,1.3268265935684993,1.7241305741268098,-0.3617444742478222,0.439278365727916,0.021976126512447607,0.048268133606521796,-0.025592820076159043,0.4437314302035079,-0.6774085423762845,-0.7553550825597706,0.584435559428723,1.12897535468688,-0.06784253108686662,-1.1278541965610633,0.10369554128358847,-0.2466724273422825,1.5483814015607829,-0.523973758746724,0.3232616003915352,3.0829989276963485,-0.26674957260884663,1.0598721472465147,-0.4225954100285547,0.34774462778343135,-0.03560170774058563,-0.6304766538397516,1.0467895306192658,0.8563782985746663,1.6336720587568931,0.4939731483254157,0.5192140108024427,1.1922086250767059,-0.32235345204996857,1.763909588067275,1.1171769040761594,0.9121008668041615,2.9079867160786765,1.0465461454269969,-0.4869350634859872,-0.24273375217104523,0.8899729296806616,2.3031355959889623,-0.43974416036208247,0.6335126847619846,2.00530547145122,0.8471985432215032,-0.3945789165762201,-1.5057120538999214,-1.4734820150505643,0.5139198017629333,0.11036223900986045,0.9967190839818522,-0.6568238462353727,1.891120022076789,6.221846132630823,0.6397957321289434,4.428432758543987,1.0750567606070245,2.7524938091119746,0.0026864057791655873,5.215903438602165,53.3,0.0,GPL3921
GSM363218,0.5481723429708808,4.258695313126757,0.4078433527229832,-0.671363762416806,2.074807823076492,-0.06380637018614509,-1.4295110560089428,-0.07833238643820073,-0.3163752038013307,-1.8104560135408865,-1.3171079701356596,-0.1886673192138604,2.489886047234617,0.8556367833036732,0.08438014658669679,0.3108807292126331,1.9538003695516497,-1.310678404074518,0.4650379295406764,-0.6999417735679463,-0.26940996285276214,0.9317280538168891,1.829090450882564,-0.6582584386071356,2.1594936171972376,-0.060157575322951594,-0.5580193066808761,-0.2724785832933503,-0.692449087554262,-0.10091644409669993,0.3970129726990416,0.5008283957551617,1.9016098284058682,1.1576768066635943,-0.30875279280751017,-0.45142095118128145,-0.30577200538783056,-0.812114278946602,1.9306760859605896,1.048707971734612,1.6831653769993022,0.19182467879526882,-0.545579558870403,0.5709208709484574,0.0642025926033684,1.4814062869871307,1.8692396955520525,0.7188727432462294,-0.6937275890478035,0.3724490265161681,0.5360767461020324,-0.5595713486874445,1.4940400886935639,-0.8264364520153098,1.4358461463189185,2.2214775473402537,2.20955085599215,1.5428059798618468,-0.4697943459477857,-1.1302507436863491,0.9578473034795406,0.044047724715701626,-0.7136647427722845,-0.017595123566011492,-0.9479260286713446,15.2,1.0,GPL3921
GSM363086,-1.4509200184029039,1.4325125330421526,0.08873145247483719,0.35396298962089573,-0.3260783555674688,0.19263714699370862,-0.5084924992280815,-0.7829214719859077,-1.7184925842844987,1.8906672255092223,-0.7526825327803706,-0.812906084767777,-0.010341675432509643,-1.4511084707554682,0.250614783828776,-0.8967017740861516,-0.23653015376380168,-0.5674109413858905,-0.7901514191418403,1.4033584301410722,-0.9388305873875573,-0.12591744389882073,-0.8998562273215178,-1.4086266062759243,-0.7044978640517866,0.6403960473287776,-0.6257312550070359,0.7789474316749079,-0.3721346245587029,1.4775966291053881,-0.19642457730902776,-0.9010540782188847,0.8414077916051862,0.05548129315367403,0.5604748149690519,0.19593036237284225,0.17923530947970595,-0.3024893406348313,-1.038867698245606,0.10471784920239915,-0.8623707867813181,0.7006243903292184,0.45137686266466465,-0.9377929597436098,-0.46464495779675996,-0.6330234379795029,1.1178746373148065,-0.7796705056993947,-0.4797073463650605,-0.5081744293413996,-0.4366564332398631,0.5887748660919724,1.960089113229518,0.6841666646420237,-0.4670193182984272,0.5481094085240089,0.8012614393168478,-0.40943804706867487,-0.5519358525140166,-0.04058566054141657,-0.8461132319022682,-0.6350104354697483,-0.8170678568123371,-0.42322571046954816,-0.38883804850635606,60.5,0.0,GPL3921
GSM363267,-0.84402487050338,0.32227882026371785,-0.11801710261551293,-0.5025856962377603,0.30725694144153154,1.0623151617775606,1.7067038778548722,-0.019046573414767367,-1.2353216184278575,-0.6163948299279971,-0.6272546578125282,0.2825717489003729,0.23577714315997816,-0.439755607501927,-0.34674870935007696,-0.14493914527197826,0.8164632022246906,0.38153375475537343,-0.5911936669031196,0.6484530081896958,0.3241923036546109,-0.8299178685058577,-0.1295995749842982,0.2487451152604983,0.7111987380615524,-0.44967109667513616,-0.7009667531472145,-0.745029601256613,0.1813201121361537,-0.6482698768871181,-1.041509695991403,-0.46110991275211327,0.8783647253498723,-0.23684661029415288,-1.0101864636398639,0.16991387932220386,0.8590746226273646,0.8134776775661259,-0.4953270421981026,-0.2858383610474767,-0.40033853787593215,-0.6008480425274408,-0.336658544063422,0.4973616891535203,-1.311096483995846,-0.5902078828010512,1.3496268468360344,-0.2848983148555328,-0.8502794332324013,-0.8131948442194407,0.15737909612923423,0.37902437482477347,0.4731094907460179,-0.334612181475712,-0.7489963579141029,-0.6085468631383821,-0.11529377219890269,-0.9038192682769796,-0.6988650262310777,0.16300132982351323,-0.5871783731361243,-1.2188348292877262,-0.5908735448497213,-0.36791244861906536,-0.23943988300772281,47.9,1.0,GPL3921
GSM362994,-1.078524792862503,-0.01797774692861662,-0.17644604209756762,-1.1270645411002285,-1.215419132914027,1.1292134706070873,0.2629828320967064,-0.7236356589624763,-0.07149836551976328,0.7758991673706269,0.6054661758557975,-0.723146262269828,-0.6621322019119227,0.9115839629730176,-0.376481733897441,1.0762499214442576,-0.46608444441694885,1.0551539002960193,2.1956777890877825,0.05985504420600955,-0.42844359188589076,1.3709058887937071,-1.4737857805073642,-0.7905518391129165,-1.1441089141817185,1.340949669980507,-0.8815319486836428,0.9325265125129669,1.9025035240553254,-0.5254119082267305,0.9854426108926941,-1.7746909822896677,-0.11254306067952281,1.0323934194716688,1.308670730523562,-0.5616084088075154,-1.2426237417986274,-0.6633186765198076,0.4395628862036038,-0.5783176754498499,0.6305164325591988,0.03825403415544808,1.2797303599695375,-0.6930960896910651,1.7246066335244388,-1.031537451563557,0.32869737647146474,-0.26118718749879877,-0.7095809403576363,1.0243071712152017,-0.35745169599065013,1.420231849460513,-1.1825232317767367,1.6245779072122415,1.3725451782419293,0.6129686387106856,0.007639779090985251,0.18466211364471424,-0.21989905836601173,-0.7431190055312765,0.401351944031861,0.5926770309630914,-0.1255595316694867,0.8471355366965296,-0.4581464757995364,54.8,0.0,GPL3921
GSM363224,-1.1182573378469391,-0.39050002307884457,-1.371992034576542,-1.1172191539064507,-0.4618725668769556,-1.0768379038904115,0.043559594745272,0.2317780201459043,-0.00962088487872242,0.44473376097798883,1.4187875526004,-1.2107052981109594,0.3724155217578758,0.333463106389787,2.4116650679758025,-0.03778745835955134,0.046065090411475815,0.1540917346939929,-0.8823156720171296,1.693581248947433,-0.7021293720824371,1.166943148954286,-1.6930177078930637,0.11327667314257857,-1.0761182221065382,-0.6808109884665418,-0.2269831148640906,2.2704365821214543,-0.2626600612564229,0.3701803184907189,1.1294200755570991,-0.017258605496115943,-0.5560262656157536,0.34631772770635977,-0.923538774889984,-0.06576484948946344,-0.4280601745210987,-0.44012527287961745,0.1714161625535025,-0.2490595251046634,0.7874330453949905,-0.337140874964113,0.17648079055021498,-0.7741613104446691,-0.3346489118883486,0.3961966384255954,-1.2874693478213137,0.6572238121187186,-0.394495583074711,-0.8992893161608232,-0.9712884096720507,-1.4362982222575396,2.2047004796986647,-0.19409096132154252,-0.33658095983675507,-0.22047246918810243,-1.1594508977117521,-0.693145452421168,1.3835957036170368,0.03641874514065554,-1.059269552102022,-0.6453619318140386,0.7361330853309515,-1.2326431088816066,-0.4150212321504463,57.9,0.0,GPL3921
GSM363269,-1.4641642000643824,-0.9536833067075354,1.1269687617328932,-0.05532382086329017,-0.30604314406279065,-0.9844545250305884,-1.3861854486338192,-0.265310719819793,-0.8548409395925192,-0.4531442774809217,0.6544614395151116,-0.7578261936894899,-0.43298709494650406,-0.09403072800674535,3.27392277984935,-0.9817427954452206,0.7147289143215904,-0.6860290284035485,-1.1734376771311403,-0.8434227176969337,-0.9665690110561265,-1.0388151907607488,-1.7741662422089644,-1.1493315412845937,-1.677789278004707,0.7616731510464918,0.5441807410727387,0.8114353141598826,-0.14507627104286383,1.77245575389032,-1.76640493112784,-1.6395038763824714,-0.2927081126848659,0.7221678892821375,0.7076383498299577,-0.6618483876202699,-0.29748128205676155,-0.16671335342038235,-0.7489793483536038,1.575871286914938,-0.3829033586719553,0.8216194436818047,-0.8937812502153725,0.4748435722775198,0.9416759024851434,-2.2600145347606824,0.6043605309546092,1.1314463592534107,0.035526571204503005,-1.8340292972386845,-0.8203043792907387,-1.4891130941593527,0.18472556396133888,0.3490776011974641,0.3846664340101427,0.6832328047462509,-0.8279971454997747,0.24224628997863665,1.0735404393952066,-0.7399544409142049,0.2797527009648874,0.2034607684177735,-0.1277137632119866,1.179015107799423,-0.4612268503459003,52.7,1.0,GPL3921
GSM363297,1.2672535002382244,-0.3773004148687966,-1.4528936430901558,-0.43226150199649155,0.014520240012063982,-1.0935624810977933,-1.2352446229398382,-1.1363561265486746,1.3543167735067831,0.46222489159731894,0.017523011944037215,-0.6803063469867162,0.5523368650047971,1.135372681650395,-0.8643736366973634,-0.31161954713575396,0.42691652717692447,-0.185438936402423,-0.8706122748266166,-1.0553832033420285,1.6741289221916293,1.079765526280985,1.2067335465727131,1.3684764571414274,0.11139044085037464,-0.4311228337536038,0.9090729070526041,1.1215469196982721,-0.7208313817437405,-0.11023670378817775,0.21798012533373753,0.8938868597512295,0.3494186111290531,-0.7439460346424246,-0.7309883554458093,0.5739345572850608,-0.29748128205676155,0.8711359735065081,0.5464592152262798,0.09771235664186403,0.504111383330367,-0.008282524826316074,-0.5382489969473518,0.7030271566209968,-0.39669247925372647,0.5723991155061486,-0.2189696870813331,0.9259499221617115,0.5785038535662743,-0.3089272228484877,0.7439891813812154,-1.0047252690027249,-0.4255154239669548,-0.7669851665654678,0.595669660933436,1.03455363492408,-0.43429855719165106,1.7590977641404812,-0.5993696802494463,-0.12919346981941648,0.641689271505409,2.103995497229489,0.7727550215534708,-0.6850418165618319,-0.45506610125317315,3.0,0.0,GPL3921
GSM363182,-0.8214318547279165,-0.739556329077877,0.6280755092322696,-1.0257977013928012,-1.2744117001222466,-1.6948508521250898,-0.8327357544225569,-0.4728110654018047,-1.218206570590974,0.06692533960047321,1.6088891755985348,-1.0903455361250738,-0.6740138000508712,-1.0666509284122785,3.5455745041229907,-1.0871936619304672,-0.7504187362486886,1.8713333981239404,-0.6906725430224799,-0.6445059542453833,0.10413414255063172,-1.0980301797463867,-0.5202905022955303,-2.223553953391535,-0.7464099345090894,0.29653978855267454,-0.7912493509154286,0.055353685418662216,0.23403008705947304,0.21936157075589785,-0.04869117878381212,-2.1357108836140877,-1.7594364206770927,0.0017884129285635042,1.4131981010789711,-1.8172863113398048,-0.8135788094158071,-0.5889208753064104,0.18228697567445298,0.18177826736829483,1.9664870390639257,-0.6628967878364593,0.08484876651206565,0.7345525202473981,0.4881669696001186,0.289157750479466,0.5909432977718022,-0.4682643664142809,-0.43809229917674974,-0.16625638363134052,-0.15201440875050368,1.933290605078124,1.5648486421451586,0.8084738978553291,0.7491265532412866,-1.1652552555740185,0.4791444125192911,0.26331367156421737,1.7931463138204995,-0.8074651527450624,1.3097698187086635,1.1475172350170575,1.4448752628138106,-0.5467586619356257,-0.7908269268068026,52.7,0.0,GPL3921
GSM363109,0.9392652367392516,0.2709470105579776,-0.17195150829125616,-0.4153836953785863,0.12137470137034885,0.22688270984691902,1.4034246262290035,0.7995536910241562,0.2484213748158334,1.316958141195217,0.09787524434531016,0.5579712042918066,2.500070274210858,1.4237158384077886,-0.5548798811816229,-0.49870979412570704,-2.923358782999508,0.69712316058217,0.0671224250632349,-1.2494085709710003,0.52945663880202,1.7738967860570805,-0.3625743993105938,0.44665604241714585,1.4814494551324282,1.580650298504929,-0.6821578786121701,-0.050970293623073204,-0.31942464963538353,-0.549983501958808,-0.8524610249972717,1.7003209250473366,-0.3781710219694522,1.0189701994153904,1.2935417689958053,-1.452290357952905,-0.34929830287594354,-0.16857329845071625,1.3653938036711852,-1.0774590203880325,-0.7490421219554695,-0.32162868863685873,1.1990941788159666,0.7015259488292629,0.6211174710973572,-0.6214961731237649,0.7507303474943338,-0.2153456746091121,0.4496953741738825,0.0944868742482738,-0.41438010088852334,-1.5117480392601292,0.09589301508570128,-0.6534872579794075,-0.012403274836420028,0.14165823268750588,0.87906748443703,0.48943690058278805,-0.05561604523354894,0.5870529885110853,0.4929090211646412,0.14756268815860513,0.18895827353567465,-0.9173575163338566,-0.7045764395086225,55.2,0.0,GPL3921
GSM363054,-0.05638559640014674,0.2504142866756812,-0.8461315792380458,0.06563379323169287,0.4163375374114471,1.6078549421135844,0.8318061289249473,0.22949779656808125,-0.49147530859406446,-2.0273460332205713,1.965574695038337,0.6497710227556178,-0.30228951541807997,0.6404553230369617,-2.194250734633995,0.5098767191928554,1.3660022616670744,-1.4042669864921202,-0.43027195553356634,-1.242886709874228,0.9362868526076977,0.28200803578002126,1.7695378974733147,1.6129546612761103,-0.5983206188932864,1.439398142410181,-0.35112168679538475,0.9620609511356703,-0.37416193128652353,-1.0812383043730374,-1.504741538824705,1.5143409758802115,-0.45439469781786795,0.8161304296760828,-0.6195841841959645,-0.3733715020293656,4.596118164106716,6.1608196397790485,-0.5424338990555526,-0.9671225125595927,-0.6727632129380704,1.8578334903424114,-0.25235708194832546,0.17460201393083943,2.5060601367693214,0.9445650951342321,-3.0402479008845007,-1.323445693080506,-1.2585032294605951,1.179277220709691,0.7514146254983294,0.49370809666871085,-0.7010250683058884,-0.16976998091024287,-2.1473722890693905,-2.087337311394597,-0.0888397168580401,-1.1327514815069615,-0.15742523647056797,0.19148241137715538,-1.325357307519164,0.5347086514350662,0.393610270073278,-1.3653949373227643,5.088067894928077,53.8,0.0,GPL3921
GSM363075,0.43287005556506647,0.8414634098589175,-0.828153444012798,2.6366863346924867,-0.7568354029180548,0.23723601954672668,1.3167734114787564,0.8428779390028162,0.7974194477374119,0.3491155802589881,0.5603905332892298,-0.5150666737518558,0.47171173477622325,-0.6004244311677379,-0.5629888878763587,0.263257757251555,0.12953937792171144,0.8614472994781924,-0.7623558508143718,-0.3559136007132149,-0.06784408419449513,-0.31836615810214586,1.7440153745836364,0.07729286820500637,0.39080424389905977,0.8244518870886002,-0.1555093916309206,-0.2104562621856724,-0.8181421046791001,0.550654437971151,0.16038913946797534,0.5391183852895701,0.2731949352806394,0.23147462278042769,0.28952886760831953,0.7338594089786923,0.10669148033285189,0.2740936187689962,0.4123858534012292,-0.7972393179665965,-0.587766714318682,0.2724880476969921,-0.545579558870403,-0.22622046646197766,0.6905471774348036,0.8144716774766281,1.2642444538545288,0.20355090869319775,-0.673910899910513,-0.3876421686234658,1.4122791519214504,0.5359599941901592,-0.30835945371067885,-0.3859564734551208,-1.1594935448376027,-0.001032073723182202,-0.09039583776044427,-0.6271343234530135,-0.3112959459537898,0.9446487902401584,0.07231869808593176,1.8410674900845134,-0.8623067192048599,0.04878079065456819,-0.21017632481726867,18.0,1.0,GPL3921
GSM363129,1.5656371223762444,-0.6222264783218996,-0.41465633383209977,-1.3422565754785116,2.5211478127084943,-0.38794460463397257,-3.913046678770083,-0.621025597960383,3.6135030879754373,-0.2409185592997251,-1.560124477885855,-0.5456666132397932,-0.6001781544731254,-0.1944487427978775,-1.0954803274973273,0.11528638008677324,-1.5164692289207462,-0.8296766200212625,-0.24886929908061442,-0.3233042952293548,0.6256165075197263,0.8248121014817078,-0.6852052655826834,-0.003141519302508005,-0.3999368187287198,0.11391073824835381,-0.5580193066808761,0.13805011356223187,-0.4775545744053433,-0.9541438540347049,0.6173610925332589,1.0118825417858341,1.0770082442275604,1.1666256200344465,-1.0775791104453245,0.38799322254079105,-0.33686221787933956,-0.3899067570605741,0.4178212599617044,0.6196215524017882,0.38860332110402046,-0.9762429516470019,-0.039770786179817205,-0.7936770117372032,-0.13965484302573222,1.0120819321464072,0.0018047861994151988,1.020794431588649,0.7013673262174768,-0.49095553495312394,0.7984424382400498,0.31413753220254725,-0.7937199019152494,0.3842079062360065,0.025960948240541768,0.9761803277560712,-0.7190686823315188,3.2043201409113493,-0.7497696218495878,0.46574467819001414,0.6002024709296182,0.7665821695471711,0.686585759853427,-0.5670401912808027,-0.5705801467418067,3.5,1.0,GPL3921
GSM363101,0.10332365304709645,-1.0064817395477252,-0.7068010312423753,-0.05954327251776522,-0.3015908748395283,0.7995003770901329,-0.9012181660800115,-0.5412177727365322,0.7987359898787111,-0.14180215245685837,1.6618040603505935,-0.5313866414787556,-0.8556325144604984,-0.05960169436407158,0.9736678807760302,1.533770616356051,-1.4564720847727644,0.8853885647478108,-0.6818949951295948,-0.49776407956800944,-0.5948741338973036,-0.4384409968785802,-1.9155217535979527,-0.09627607325857783,0.15982216671214639,-2.3658493354149996,-0.49030735835471456,0.8823179668543719,0.06779093537823416,-0.7651967711983843,2.5541709867579034,-0.06414430696682023,1.7514722850680802,1.2128611557838485,0.946951013996289,0.7874227564358888,-0.5130400886645557,-0.099755332328324,1.8237797569379135,1.6599371976413673,1.2756180631063427,2.6660183979923753,0.2864392193959955,2.157697506810662,-0.8841776514102687,-0.8882700169279677,-3.148805514818128,0.04705746813875081,3.162600117069009,-0.20561385651882955,-1.2658310263175605,-0.005769691888436138,0.12164157997718991,-0.02924876075607341,0.7798179317028567,1.0388775836031914,-0.862231805352654,-0.4389323812884884,-0.2245267488767848,-0.2388983765445598,-0.016377220386448114,0.9301358117869586,0.686585759853427,2.934289283854729,-0.5012717194486265,56.3,0.0,GPL3921
GSM363378,0.13526550293654468,-0.22477160888602665,1.9719411173195374,-0.9976680236962941,-1.9166515355777707,1.172219526283212,0.3789836518430064,0.45067948361703725,-1.8343482927187889,-1.1038143365199764,0.44280190050687673,0.7599308049121921,-1.8248314483660864,-0.4297138060228143,-0.36431822385533724,1.0779507418714396,-0.4286949198029898,0.09750328951125643,2.1722709947067567,-0.5792873432776617,1.997743864991599,-1.1391516998753028,0.7132981040389292,0.9779463388483626,-0.5927323428323125,0.19666452666749884,0.16424147546483767,0.3063964137116452,0.8158671179438117,2.680757425641602,1.772936743709307,-0.9768526289298564,-1.9834878315042528,-1.4986292955842648,1.7240294924674253,0.08956885813640805,1.7088737640619356,-0.44756505300095634,-1.0116906654432298,0.034662923597040166,-1.8736111806119762,2.1479113746620726,1.5069777795841481,-1.323603362219093,-0.8088390338951665,0.746954840464453,1.4655029515966496,1.1140581991918053,-0.9731429058836055,-0.793516107775694,-0.06785937542321545,0.8754841707018158,-2.1583938411641763,-0.6102499594704319,-0.7892787921449135,-1.3263223438709308,-1.746108477917928,-0.4543817944512481,0.14800233724048809,0.4689092428070848,0.17961214785090873,0.12064879766345032,-1.9006463226903874,1.2527661236000662,0.1579284334731788,31.9,1.0,GPL3921
GSM363232,-0.5168156765139064,-0.3450347059109032,-0.0011592236514015566,-1.584171803668477,0.9072002192760676,0.29855946930712646,-0.3617444742478222,-0.35651966293276505,-0.799546169657972,0.2161829875520845,-1.0642924096536033,-0.902665907265726,0.14921121386193073,-0.8342549513242308,1.5129168259759447,-1.645062762045961,-0.9295406448644027,2.0530693663069575,-0.3044604357355514,-0.6021138571163639,-0.5172065476253112,-0.7887963483769416,-1.2054720783338213,-0.949303919719853,0.9673280575228468,0.9414486224398065,0.7322694864231842,-0.7657037082925073,1.0510346983709298,-0.5050767961725973,0.09278232997338497,-0.30482424118310014,-0.10330382724335027,-0.42924609776746714,-0.532936495446086,-1.5816075825281382,-0.9959747226993252,-0.7990946637342582,-0.8540638751894541,0.5022795520128117,0.5782108949472682,0.537746433893046,-1.3482760894445953,0.39978318269085,3.18853937778848,2.3492446554119097,-0.5617190074785192,0.31578357818174224,-0.5768091231377868,-0.8476326329959919,-0.6940718292998053,-0.010296680908591703,-0.0585983742632339,0.7895575797576508,-0.018157908297964636,0.9869901994538514,1.5092964499105086,-0.4389323812884884,1.1406419518014235,-1.0342589503018487,-0.6143593804099186,1.1206033445219028,0.13294825343064473,-1.0722346495152082,-1.0541989505208877,57.9,0.0,GPL3921
GSM362993,-1.160327091359871,-0.16757330664248685,0.02580797918646907,-1.1580071865663872,-0.4240282784792299,0.8671950943581066,0.7465525144126066,-0.7601192362076652,0.2602702540875214,1.579325100485158,0.4565205743314838,0.06837217248481214,-0.8454482874842587,0.022167260537279108,1.2007200682286259,2.08483643476282,0.09562794862067696,0.9865948224784731,0.9770615566256186,1.7506475335441893,0.7809516800637112,0.20140985632734748,-0.7113822121361998,-0.25185311225337637,1.0641915092463912,-0.7064931986655866,-0.1555093916309206,-0.7893312591906705,-0.029519787557125428,0.37272220749748564,1.3522721512985265,-0.738516979787111,-0.38972006376466634,0.6580347267910323,-1.1545992782229946,0.4560951928792275,-0.7016540444463759,-0.04209703638794174,-0.006140451755348451,-0.7166761535204333,0.10310226163889906,-0.12462392228072577,-0.39163775848631227,0.8951817539628723,0.5369154868157721,0.6563834737408049,1.0605464591700808,0.46437330961727785,0.47545707005236054,0.23469787140995432,-0.6990221253778817,1.3523270141581822,0.5773911785565484,1.6759221991916502,0.46714951362561263,0.12760539948039185,-0.12463049761332494,0.6298861111533299,3.7159517210469253,0.525871405914371,0.033693056170541226,-0.2064584868161248,1.0700389744186214,1.461112743236884,-0.2841053139299945,3.8,0.0,GPL3921
GSM363150,1.5469394541482744,0.4572081486330912,-0.8236589102064866,0.5550901851509247,2.2506724573953356,-1.2982394497786083,-0.9347605717897849,-0.972180028945325,2.0560337348190174,-1.1318001455109035,0.21546387712766327,0.04185222492860017,0.06773739805200393,0.012125459058165127,-0.8170710976447392,-0.34393513525220054,-0.224356820168558,0.5523873296340185,-0.0045608827286563215,-1.190711821100051,1.0546374602602566,-0.23612311784431492,1.8873341569641382,-1.1948404710585825,-1.4672975463746973,1.4707875104312365,0.9542142059367112,2.164112603079719,-0.3782165447421631,-0.9990505598209157,-0.3629376451382958,0.4719155465148943,0.6358348476503712,-0.02058362049856566,-0.846518607112314,-0.9663942774483325,-0.759689107763859,-0.41222609742459243,1.6842709885523877,1.6038932571570816,2.068918716887289,-1.8340668555441806,-0.9231034979075804,-0.9843304012873447,-1.488363819325498,-0.8816830084389744,-1.2581953845133689,0.48492295332644764,1.2958680003362057,-0.10230049018917137,-0.2510203303120199,-2.4790146932333315,-1.2288706485814167,0.3842079062360065,0.7356990751643503,0.6821518175764736,1.6322300012003965,0.42623475582604464,-0.23609597515371955,1.581781133143875,0.6173694228920138,0.44982638141188425,1.496576819833837,-0.017595123566011492,-1.1558513105508854,3.3,1.0,GPL3921
GSM363142,-0.7022342197746078,-1.0974123738836075,-0.11801710261551293,-1.1973887353414978,-0.47745550915837237,1.807753460163719,0.2895372366169439,-1.368938931486754,-0.8324597231904411,-0.14413430320610204,-1.9618856398922249,1.1903699537091732,0.6389027943028446,0.12545436146530042,-0.08590899400275039,0.39252010971733975,0.6269070076701975,1.4186258366620534,-0.7550412275703013,0.5457336959155348,-0.7853446430881434,-2.045470003516604,1.7819719470862352,-0.618041244853378,-0.8088123505232959,0.7331373619364397,1.4695773681969337,2.9349614511322906,-0.599192978074542,-0.7990886246219395,-1.0327458503161786,-0.47673847990901425,-0.7916267182381279,-1.8625477059989066,-0.7516187575291133,0.4522692394894278,-0.3555163453742446,1.4068001422429683,1.0211513881744338,-0.7867310791257923,-1.2219713578633407,-0.34644818676046607,0.253451690742262,-1.6328521673161742,-0.9240628018594406,1.1158273158480405,0.564108831406186,-1.1495640924644537,-0.1983103606155305,0.9185339628300768,2.887467383188041,-0.33322189767967436,-0.6521027950120598,0.2599006730227011,-1.1057836325298551,-0.5739552737054882,0.17881307835538723,-0.29286520229512547,0.14800233724048809,0.17987900778122665,-1.0835894007154172,-0.9145008367655884,-2.0363629098679557,-0.9062948639637598,1.8890989285295063,46.1,1.0,GPL3921
GSM363013,1.0717070533540385,-0.325968605163057,-0.828153444012798,0.37506024789327597,0.8504337866794787,0.3829787637824826,0.15676521401575907,-0.2584700490863198,0.9619872153997556,0.29197788690251253,0.78576874612207,-0.7986261130067395,1.2856012072941385,0.013560002126610345,-1.0549352940236492,0.22243806699920166,0.6208203408725764,-0.44770461503779496,-0.9671653016483491,0.9109579173347742,1.0620343732385424,0.25404540209235954,0.460036146133658,0.8033190501807327,1.496351524628358,1.0612989367020165,0.23947697360501619,-1.196906512183984,-0.528237242600842,0.4642302117410847,-0.4518280798441453,0.4906698271031759,0.6727917813950572,-0.5306659826371223,-0.4311598451684507,1.330708137787459,0.19581675614184396,1.3696012416362704,-0.13296660483309983,-0.2648218833658682,0.04861732662647257,-0.13548245270980347,-0.4429516919476753,0.17760442951430724,0.3374897345699142,1.2887362886840963,0.3604108367217379,0.17667829768889945,0.48338374570727777,0.9013150684418012,-0.35745169599065013,-0.3181319342791567,-0.8143187538284409,0.8219855536393836,0.7184351747797165,1.2021066462396603,0.23638955174432216,-0.07235994169937582,0.10056850950505941,1.3170125601822307,-0.5170799859563402,-0.7447362967192263,0.4000729647007815,-0.838075174348165,2.141689641331319,7.7,1.0,GPL3921
GSM363331,0.9852303377996778,-0.11624149693674786,-0.4640962057015316,0.3272397958092133,0.5309834699104399,-0.21830960724481463,1.0693981693691754,-0.798883037030679,-0.25449772316028985,0.07392179184820524,0.6603408711542277,0.14997201111931122,1.7328585086673813,-0.022303574584508646,0.4060374121445412,0.1442003273488574,-1.1860501741927307,0.3292982668943864,-0.2576468469734995,-0.7879868983743707,-0.01421646510192883,-0.06012301169255565,-0.5268347389339093,-0.46034751145048713,1.6956667041364197,-1.4213147158723418,0.3259977964662219,-0.3345009044010308,-1.657447089996576,-0.03736921892753358,-0.3829692923959521,-0.96044263341511,-1.1057606550679595,-1.7163837542749931,-0.9675502993343671,-1.4622378367663844,0.23105233029888608,-0.8716325199173198,-0.4681500093957264,-0.021381016887247035,-1.2895326772787503,-0.883169833683475,0.09217932843511845,0.99125905263381,0.1868124995397098,-0.9689608709181265,0.5763063161178292,-0.5520436830747428,-0.5074507111572683,-1.128054627319353,0.02124595398214806,-0.6999080083122616,0.5851157480239955,-0.6751059072338953,0.41727602362555993,-0.5155819665374795,1.1093733779927697,0.7759532901466929,-0.46400973280931884,-0.7758195065743477,-1.3854416393875508,-1.7157066538136634,-0.6835055011772687,-0.29969275900347064,-0.459686663072718,36.5,1.0,GPL3921
GSM363128,0.26303290249433964,2.770072831660294,0.11120412150639637,0.23863131106521482,-0.4841339129932654,-0.1649502418688822,0.2741636339999655,0.40279478848272715,1.4951867826257497,0.7490794337543212,-0.1294627790339033,-0.5456666132397932,-0.020525902408749363,2.011878496470132,1.3439791865022872,0.4282373386881487,-0.7921558800038064,1.074742208243889,1.2754981849837004,-0.9249459814065853,-0.857464544626422,0.5583446510463346,0.7047905964090359,-1.0826556674296806,-0.638369930663598,-1.0717512992742282,0.863931608168497,0.14100355742450324,-0.1653493383210633,-1.0185383755394601,-0.8674847604405135,1.249436762570734,-0.9810310036796435,0.18673055592616805,-0.19872398169655278,0.19057402762712214,-0.819796851914109,0.2740936187689962,0.6750971704908568,1.5968877645965451,-1.263379908472786,-0.9328088299306897,0.5100213580490804,0.8966829617546048,-0.5621419922280682,-0.8174596756712967,0.04571573116133169,-0.650049676149246,-0.3409905224040253,0.6848489675606093,-0.5975410557773266,1.1380495338708279,2.8033546134257876,0.04101184932101371,-0.6300672663755182,-0.7998815921890763,0.34064965220536697,-0.49370757341099963,-0.6190373649202334,-0.28425713605591724,-0.056433441632040095,-1.285084405891183,-0.13202222629698832,1.2085155141196804,-0.626026888576351,30.1,1.0,GPL3921
GSM363315,-0.11169953157455756,0.03042081650822455,0.3044690751778102,-1.1791044448387675,1.2455726802439697,1.7368731091419578,-0.4148532832882971,-0.9972624883013925,0.44853578029324354,-0.5091158954627759,0.06651827560334955,0.6722109783801054,-1.6007784548887876,-0.6090316895784067,0.2735903027971927,0.7207784521633482,-0.4191301576924419,0.10403272549388005,0.9185445706730536,1.03161234762506,-0.1325670727544894,-1.456609835270531,-0.4705543038438489,-0.3386375829851685,-1.229795813783315,0.2751379467201362,0.3372831211872474,-1.2175806192198757,-0.4370084398489426,1.3437238080823453,0.664936254770193,-0.7111669872625344,-1.5238359680547204,0.26726987626383514,0.7420223533021311,0.5708737945732214,0.5336637318829063,0.46752790192382904,0.9686091247565086,1.1555417332827842,1.0533195282556371,1.2761265030703643,-1.084375860214724,3.17701759739764,1.1470105659086571,-0.5523325839893426,0.8946606670917286,0.4944074042691418,0.824230798868681,-0.06786270141261573,0.394993307876871,1.7673010076724271,-0.7602467675563138,0.35718459466789737,-0.54758418676005,-1.3025406261358161,-1.0100632910810017,-0.30129215492935824,-0.2754313444952948,-0.1418517282877027,1.6645534925981869,0.4477560821430273,0.14156517960065007,1.4482063154717704,1.2114165283295197,65.4,0.0,GPL3921
GSM363384,-1.1759084815498464,-0.795288008186966,-0.5629759494403932,0.8602971881580327,1.7898625927877327,-0.9581730465618453,-1.1863286146130851,-0.38388234586665565,-0.13205930401950614,-0.278232971287628,0.25466008805511314,-0.876145959709514,2.119859133764533,0.27464684058355215,-0.041309457181704326,-0.6823984002612963,0.19562318886731347,-0.0417913447847081,-0.16401966944939558,0.33051227972205294,1.359760120614514,2.8496357526295135,0.5797956766159953,-0.4402389145736083,-0.24905336508242978,0.9343146751622929,-0.11412986765382199,2.675058391252496,-0.9296439747092008,-0.43390390398313067,0.19544452216887445,0.45550555100014806,-0.8147248018285562,0.19120496261159414,-1.7968924630832073,-0.0037844045747066108,-0.6871452786170049,-0.7897949385825836,-0.17463805513007455,-0.11770653959461508,-0.37200637166947,-1.1701452807376844,-0.6518727067546579,0.7045283644127307,0.29908181191515665,-0.1916938692169971,0.2335569957206453,0.13874049391812412,-0.33504551566283775,-0.795975949831165,-0.40200436069333184,-1.7139535488270705,-0.14485606664972286,-0.2697562337122486,0.12762613939449258,1.5393746432103754,2.953376647341096,1.0090989796937904,-0.5021881795232004,-0.810629717362133,1.2024763689436866,-0.773720486483238,-0.43361464224714263,-0.8989197623836963,-0.37805673759408337,51.6,1.0,GPL3921
GSM363147,0.4959746858344646,-0.022377616331965937,-0.7202846326613115,0.3483370540815948,2.029172063538058,-0.9597658634387394,-0.3505636723445644,0.5168059673739417,1.7571786687442008,2.0807375115726026,0.09983505489168334,-1.4004249229361705,-0.559441246568162,-0.16145425222364768,-0.8846461534342019,-0.10071781416526253,0.12084413963939387,-0.5184401715162152,-0.6263038584746585,-1.1727767030839273,-0.6078187316093027,-0.9039366047379058,0.47639673772960595,-1.6181793526770818,-0.7184685542042206,0.633262100051264,1.0821145527750138,0.5928804683518716,-0.8384151719573014,-1.255781349504347,1.2308302897989836,1.2697538998747055,-0.5052104817168118,0.2016452448775888,-0.5288104150294249,-0.9855240443973318,-0.5814385561458748,-0.2969095055438263,-0.34675926287845027,0.33765047684021765,0.49103499892738384,-0.8505942423962405,0.34508371478041133,-0.6525634793142644,0.7171372777342511,0.68767176406352,-1.053277641357756,-0.6042081632595594,1.4583648512619911,0.8619575955543122,-0.5727895753869482,-0.28191602211791483,-0.5928810957616343,1.1651816105543764,-0.26560714714437433,0.4270388455088801,-0.08105911234602202,1.2408401771351834,-0.49408972112934696,-0.8749758645759198,0.8963323922809537,-0.11743561825522901,0.22127174667319036,-0.838075174348165,-0.5505577121904436,28.7,1.0,GPL3921
GSM363368,0.13916085048403834,-0.7468894447501254,0.07974238486221231,0.14439689078191417,-1.8966163240730924,-0.7383643175505423,1.351713417426435,-0.1741017767068209,1.383280700615356,-0.8507759802270111,-0.8408740073671346,-1.037305641012649,1.0437258166084182,1.0048292624219248,-1.1860309022552067,1.6222132785694823,-0.8764996913422739,-0.13755640586318438,-0.6365443310163575,0.7674769732057881,-0.25461613689619206,1.2853731269255633,-1.2126707386360382,-0.34075427739326075,-0.25371026179990774,0.006901529085665709,-1.0696206940340882,0.043539909969579335,-1.0411458447392996,-0.053467849303722455,0.24301968440580737,-0.2743485352271428,0.5573013634429118,0.24937224952213077,2.333314033994351,-0.6993427308403074,-0.730671576105117,-2.037818053937321,-0.48807983345080175,-1.145762572853257,-0.5289229845052618,-1.0693160696105302,-0.46127809675530645,-0.12714075220757348,0.8323610456985252,-0.3843638675200315,-0.25312264427393577,-1.415128718859881,-0.46583566396895754,-0.09000127991182913,-0.7212984577292225,0.048554176353430636,0.4164626479847411,0.23557969261140144,-1.481753018684089,-0.6561102986086109,0.8961848143634703,-0.08921384696784078,-0.4235174408400498,-0.058518193371488426,0.3298229775218768,-0.9703989170247567,0.14371941114314998,0.2903153674016732,-0.5813614576540794,15.4,1.0,GPL3921
GSM363081,1.1122186678479737,-1.3394051910678106,-1.1472653442609442,-0.04547843366951172,-1.5237387766249113,-0.09247707397022778,1.783571890939769,0.7721910080902635,2.9920951972824277,-0.1709540368224068,0.1860667189320741,3.2038459720154364,0.13478355897892333,1.3519886849855531,-1.4387616109077985,-0.4204720544753628,-0.8043292135990493,-0.46946940164654005,-0.5809531943614206,-1.3439755568741962,1.0731297427059705,2.617710379102429,1.6301456570758395,1.858491212614841,-1.213962364943889,0.6817729415383502,-0.38497766095846464,1.0861055933510286,0.7976213573934311,-0.2822378599127212,-0.7560587225698009,2.2473207755388818,-0.6992343838764127,0.28069309632011347,0.5205893709413301,1.1378800869415493,-0.5441303011560648,0.09925878591751221,1.2929217161981847,-0.1649936143782326,-0.2456013224406363,-0.09359954962621587,0.6163145059333338,-1.277065920675358,-0.05102117536090564,0.5147627912274628,0.16037208745078307,1.1836108394382259,-0.9493628789188555,0.09694671630374488,-0.5282369106842654,0.8332322731803647,-0.3135091666889761,-1.261511768261875,0.02787915939439054,0.9005112258716165,-1.266823239977604,-1.2170210078492862,-0.34831747003997854,0.5142680023184423,1.0665713325747164,0.9549794030132565,2.136383587956663,2.5434089001113214,-1.1620120596436125,5.2,1.0,GPL3921
GSM363052,1.9037532894987008,-0.5180962357759695,2.2416131456982518,-0.2086305643092565,-0.47634244185255653,-0.9836581165921414,0.9352285465300817,-0.4636901710905064,0.6091539215316909,-0.2735686697891396,-0.004034904066060914,-0.4824267382980562,1.8160296956400157,-0.9203275354309146,-0.4575718008447961,1.4997542078124224,0.484305099840212,0.48056353382516154,-0.5253620577064841,-1.477673709358025,2.5025831757595514,-0.16539410322257977,1.085010745098862,0.2773204897697471,-0.1642978448243284,-1.549725766867567,0.9955937299138098,-1.0049326611364076,-2.1034545701169742,-0.43475120031871983,-0.5695140074828765,0.6328897882309781,0.9384197426849866,-1.8923770839017469,-2.0540848090550705,0.5310838793193032,-1.9867161607620702,-1.6807086081130151,0.8091705323159074,0.7071902094084865,-0.6269958675276314,-1.6122425910644402,2.6725371253494123,0.031987273716166775,0.08636100951957439,0.8556404805328311,0.12012038790235763,0.2762650325871841,-0.8086643860440905,0.05020971724985137,-1.2806819145517887,-0.8779695764383743,-0.5890188110279108,-1.0155996329920773,0.5764875493949552,0.4032571277737662,-0.22266611446475446,1.0638741718163023,-0.7034927167418519,-1.2578881832415634,-2.059244503911605,-0.5107924793382627,0.2083463574181833,-1.376457589692861,5.371462353193526,14.3,1.0,GPL3921
GSM362966,-0.5627807775743325,0.7534660217919339,0.4393050893671673,-0.3985058887606824,-0.9805619313869631,-0.41741171685650225,-0.05427242190823295,-0.2767118377089142,-0.894337203831482,0.9216585891983722,0.6858184082570722,-0.31514706909733264,0.09234927991125255,-0.9734056289633698,1.5872493873443536,0.0064338727471658875,0.3860489072500393,0.5589167656166422,0.2426733829209297,-1.0553832033420285,-0.7631539041532884,-0.7575439930789655,-0.40707520845157197,-0.5471319821822792,-0.10282680815361779,-0.8006613027287517,-0.43011895984257176,-0.4851265413768185,1.0875262194716893,0.6108124777979614,-1.2355662787999486,-1.7020181450100766,-0.12640191083377855,-0.14884994548077604,0.9895871783017858,-1.135501417277483,-0.5192581311628578,-1.431475974048134,0.7638754776452814,-1.030171945604415,0.07694949283293473,0.5113757171367126,0.5759964153565476,0.7946008319167341,-1.2076905383868834,-0.34813532083057164,-0.09577509149373375,0.16719384674620527,-1.0761896893975176,-2.1685678167823434,-1.4762186096357834,-0.4705405646243896,0.7537688480632498,-0.3102912010644135,-0.3384991709906021,-0.1653421235294285,0.6191952937356208,-1.2198299920606972,-0.3830251488707807,-0.9678030933433478,1.1752953616698936,-1.258170515396028,-0.1557187732645006,-0.11162766871183176,-0.946385841398163,66.1,0.0,GPL3921
GSM363169,0.3993700666566202,1.1787867307823516,0.44379962317347876,-0.007503368779226295,-1.2744117001222466,-0.874550160524937,1.6354262657216034,1.1940323699877602,0.715793834976889,0.8143796547331511,1.352153994023734,0.5436912325307681,1.1566009989284203,0.9818765733268091,1.0763819655760134,0.28366760237773087,0.921675585440717,0.37935727609449926,0.6405888873983712,-0.7276596832292278,0.07084803414834948,1.6768499985528393,1.1589606191125454,2.818412126684787,0.35261769081573907,-0.38831915008852824,-0.847675974520563,0.8321094211957742,0.1874020323196139,-0.5220227228843746,0.4671237381008376,1.4440124236741558,0.5757798303152548,-0.6977104988930237,0.9029394895519061,-1.260992688462916,-1.2073881676415845,-0.1350942879046879,1.2929217161981847,-1.114237856330846,0.7830742505939968,0.7673267915364134,0.7409340586252183,-0.2697554924222461,0.47782637503922143,-0.34484181658607566,0.8251350042353597,-0.4145191444056828,-0.6441858662045755,0.12400497891389167,0.5558779304143356,-0.5957872608486877,-1.4322843112241816,-1.683075428724387,-0.7355688798371666,-0.18804285409476507,-1.0676397644699367,-0.4234829681257287,-0.48946203061857285,-0.8074651527450624,1.2253656382268816,0.5098650602087701,0.6068791927808866,0.33087842609202733,1.7458615121236003,39.4,0.0,GPL3921
GSM363085,2.3213345465900295,-0.8070209932625637,-0.9090550525264119,-0.27754827466569937,2.4621552455002735,1.1443452309375757,-1.0479661910602707,0.21809667867896,3.4410360674653004,0.03194307836181405,-1.381781718165954,0.4661713858279954,-0.4626910902938733,-0.8959403032673549,0.6074110783971409,1.2259221190362197,-1.539946372283,1.1628895940093043,-0.8179469874693082,-0.9820122660033419,-0.7391139369738622,-0.10946883584725482,0.9076619321987881,-0.7503346453591588,-0.6840075184948828,-0.6451412520789787,-0.847675974520563,1.2603587812249795,-0.4268719062098429,-0.8880547398587723,1.4086111592106847,-0.6783469962330411,1.086247477663731,-0.20701723239131267,-0.8203867644734614,-1.1071893621929647,-0.5006040036679527,0.08251928064449886,-0.2235567141743501,0.04692253557797896,1.840081989835094,0.3547026352314413,0.0335348330507026,0.3547469489388476,1.0081511532337628,0.23152142620078026,-0.4824353568528353,-0.7306675091621424,1.6763484317721902,0.9628111198284992,0.8009175862790886,-0.9911443019422594,-0.0585983742632339,0.4139335489609275,-0.7336506686833179,0.4010951534342096,-0.6832779015762352,0.7267960664470032,-0.7648096160096018,-0.7737097968296336,0.970722517451337,0.2842024399032379,0.47762530023082,0.4083169926827023,-0.5028119067218081,54.8,1.0,GPL3921
GSM363388,0.9852303377996778,-1.0842127656735603,-0.7023064974360638,-0.9160919583764212,0.3406489606159958,-0.4922741100704964,0.7451549141747001,-1.5194336876231573,1.4991364090496462,0.7817295442437366,-0.399916634433313,-0.07850753705728619,-0.31586848471973444,-0.4426246936388162,-1.0184447638973388,2.01170115639402,0.7895079635495099,-1.398825789839934,-0.37760666817625793,0.06311597475439527,2.591346131498972,0.07804529594060028,0.09813986003129417,1.9251670864697532,0.9943380584842196,-0.47249972796317624,4.020060755148984,2.001673190654848,-0.7796232768505219,0.3515397991077633,-0.15510930484011118,1.5627895340666051,-0.5213791402301112,-1.0541715648319558,-1.1876079215562818,1.7293724810045958,0.5357364127156724,-0.1574136282687079,0.08082605321225221,0.20629749133017086,-0.4787968442938271,1.1644387615141312,-0.06909303387202512,0.9522276500487405,-0.3479439620380717,-0.18510686072800372,-0.3677790005633861,-0.5156866211277503,1.8646069785764552,-0.980464103991268,0.5360767461020324,-0.10989043935200876,-0.8954267332366314,-0.01303477381520697,0.3117744101639133,0.267052744381746,-0.0032530672258397906,-0.547078273427805,0.6616759839363563,0.5564621972127282,-1.2924539829245718,-1.4817628364327016,0.518555699538341,-0.640791207081446,0.6276855517936233,57.3,0.0,GPL3921
GSM363196,-0.7645597805345076,1.0189248091273326,-0.07756629835870399,3.656387151190886,0.8960695462179132,-0.03195003264827504,-0.2527316556910582,-0.8741304150988797,0.043040800773227625,0.631305820917503,0.4819981114343283,-0.4865067302297807,0.2816061645530622,-0.9031130186095784,-0.8792401489710454,-0.33543103311629374,1.0416698737366805,-1.114795324595817,-1.0959026707439918,1.5533612353668311,1.552079858049925,0.028699471785901105,-0.4803706588014179,-0.26772832031406973,1.8530698131871797,-0.7421629350531497,1.2401090988693897,-0.20454937446113228,-0.7208313817437405,0.4176289132836964,0.4245564876783171,0.36954843163719064,1.871582319738309,-0.8781782352052022,-0.3637671983629889,-0.082599044404582,-1.1389897001602654,-0.26157054996746404,-0.6330240083968028,-0.9723766319799932,-0.7010953791445326,0.9736388696888995,0.12150157612732636,-0.5324668559755923,-0.5340746641342065,0.09813450429867884,0.07255019752694793,-1.818217883924368,-0.763086001028322,-1.3346813599786693,-0.6618949047923127,-0.9066405068993586,1.7013160360700512,-0.5778219855887002,-0.5974576767601011,-0.7036737340788396,1.0829193226519085,-1.052695431481753,0.031153151843455015,-0.17982650369255954,-0.37402205293637053,-0.45696469834795306,-1.4633373195626647,-2.0918424429590994,-0.09928284114818063,57.7,0.0,GPL3921
GSM363266,0.20693989781042982,-0.5840942768262066,1.5404658719135915,-0.5504061483218229,-0.44295042267809326,-1.22417346500306,-0.21080364855384234,0.8314768211136948,-0.5072738142896489,0.10307367621375368,0.389887015754818,-0.5089466858542682,-0.21063147263191193,0.4840901285764852,-0.5008198365500525,-0.6466811712904873,-1.0191015991722594,0.1573564526853047,-0.62337800917703,0.35986065465752876,-0.6226125575658727,-0.6818803960417602,-1.0379396203913163,-0.6804837298921067,-0.8348909721411728,-0.2641884674598107,0.3899479698853732,0.7523664369144734,-0.5120187887782821,-0.8583993681131612,-1.6637427389323518,0.9509311298739196,-0.2765394541715665,0.6565432578958911,1.1174956712182735,0.1370106801699256,1.7482546998845137,1.1352481678140687,-0.23986293385577584,0.6896764780071472,-0.19329578482870763,-0.5310432040547953,0.19114191439631895,-0.04307311587050298,0.2207887388112272,-0.10441600673784486,-0.33118654642845496,0.9480803076946627,1.4504381756070739,-1.088697154431864,1.2390187891887965,0.17380087257773014,2.668174647745469,-0.8777807439947174,1.2286793417033193,0.7480920349329275,0.7950369557072325,0.6495490006332061,-0.39922206565848856,0.10076489235444142,-0.6057759044287201,-0.20438818754726787,-0.3539080751746023,-0.4379759136296768,-0.10390340296772617,2.5,1.0,GPL3921
GSM363326,0.24277709524737168,-0.5092964969692715,-0.9584949243958437,-0.14815175726176497,-0.05226379833686456,0.5669491130636819,1.0903621729377846,-1.5741590534909407,0.1325656663815433,1.0685840864007388,-0.5919780679778213,0.3784515592959086,-0.3090790000689079,0.12401981839685393,0.9398803528812981,1.42321728858926,0.8834165369985254,0.6710054166516766,-0.4639192224562907,-0.052647059713309956,0.7088317785254327,-0.8101795388439775,-0.252631223785825,0.2487451152604983,0.7102673587180566,-0.023061049479886755,0.08524420241765066,-0.3994766693709775,-0.49377302822790325,-0.4372930893254866,0.676204056352625,0.010872815386306078,-0.8355130770599428,-0.36958734196178805,-0.23448334530761483,0.2204164640675609,-0.5607117478182028,-0.7674755982185637,-0.363065482559876,-0.2910924804678788,1.208056743690933,1.4995019861828307,-1.2016648509835557,1.353050130441559,0.6742976716962521,0.26280971652349544,-0.7971304624132404,-0.16001971077673127,0.30701521238538776,0.4757623928458263,-0.2782469587414371,0.5661399209911973,-0.39590457434174153,-0.22651893520327301,-0.11982309945191544,0.07896097684038485,-0.9213643996439931,0.3616281189635966,-0.43740051237237004,-0.4161139951005606,1.226796217557082,-0.43419140639051396,-0.04800719613944632,0.4175358696577841,-0.20401557572454151,37.2,1.0,GPL3921
GSM363230,-0.0454786232671641,1.627573409923965,0.3853706836914241,-0.20441111265478018,-0.6599985473121085,-1.3332814210702648,0.8136373258321534,1.5793901546400657,-0.13864201472599974,1.3612690054308518,-0.08438713646733559,-0.7109062864746536,-0.8064087507420011,-0.9404111383891413,0.9520438629234019,0.31258154963981505,-0.438259681913537,1.1596248760179924,-0.035282300353752745,-1.2869092722774396,-1.1995717698721047,-0.12098286148335212,-0.41165617409843713,-2.1695782459851762,-0.8199889026452429,0.245175368154585,-0.742346277124313,0.5249512595196535,-0.059929388474424625,-0.8185764403404836,-0.1438415032576802,-1.802040974814245,0.19235164271413832,0.9056185633846008,1.1450028739960123,-1.206664150327759,-0.772125192760462,-0.2820299453011485,1.3961944408472111,1.50231361502931,0.24694249007170965,0.301961201718776,-0.3659807917556299,0.06801626071776842,-0.6847518991644109,-0.9212050593729302,0.07864893988277068,1.5266318151989866,-0.0457218542583905,0.22731834524354985,0.060848322606754546,0.6762966538149764,3.2771282074291888,0.43284986705860345,2.183948496319689,1.0853600319036427,0.6627666790029223,-0.6959544366325785,-0.47210819120317227,-0.8528239122564188,1.3827293645488479,-0.28098926049501655,-0.08247490081946383,1.0057002206679129,-1.0341765159695246,4.8,0.0,GPL3921
GSM363237,1.7354742754469712,2.2230224025105505,-0.10453350119657662,3.7253048615473303,0.07128667260865294,-1.5164553619130174,0.647322897521194,1.410653609881068,1.8282719443743336,-0.8286205481091936,-0.3940372027941952,-0.19886729904317257,0.830705735688713,-0.23748503485121877,-0.661648469328974,2.2123979668014244,0.6425584365783672,-1.2617076342048428,-0.8267245353621933,-0.49287268374543086,-0.48392043922302896,0.27049401014392543,1.0372378176386945,0.521798693904431,1.0269363355065664,0.2680039994426251,-0.02384726988560778,0.4511151629628928,-0.2626600612564229,0.1447994932240761,0.06398683704050441,1.297103892399283,1.0954867110999036,-0.6410346808776283,0.23313910191395465,-1.1729957604975205,-1.1265536151636624,-1.2659408663483254,0.5808834567759552,0.49702543259240956,0.5280847547358354,0.5532586202203003,0.11783629516579915,-0.7546456091521351,-1.1692826157321248,0.4258381766260619,0.6458319789741983,0.11186788291382442,-0.49556069767489325,-0.26710990790553196,2.367686294990081,-1.2446556870709615,-0.8542290294102487,0.7165946385237566,0.6973348520873869,0.9945571096422965,1.012893882043743,0.39674042160623113,-0.21989905836601173,-0.5363674505492751,0.31980892221047813,-0.17333369851439553,1.8326369404640086,0.6406326924547288,-0.5582586485563524,57.5,0.0,GPL3921
GSM363204,0.06748645561015389,0.0450870478527214,-1.1472653442609442,-0.6840221173802348,0.20819395122395457,1.6524538146666023,-0.4875284956594723,-0.4272065938453176,-0.39800081656185354,0.6534612530353204,-0.6154957945342925,1.5514492396668322,-0.4058291563431951,-0.29917038679434277,0.5830840583129333,-0.3031154449998472,-0.7199854022605826,0.2988275656421444,2.7486633063395205,0.6680185914800115,-0.2879022452984759,-0.13907633034007374,0.39786589806905676,0.48369819455876467,0.4709028674396831,-1.1687729822483979,0.15295615074381047,-1.3829734755070175,-0.007219413551105297,2.1723796242882725,0.7438108658472155,0.6453926419564991,-0.16797846129655192,1.177065902300441,0.5040850492746858,0.5892383708442603,-0.6311828961322888,0.6051638341686135,-0.4735854159562016,0.09070686408132736,1.0816516944621013,-0.44572617925489555,-0.94142990271521,0.49285806577832125,-0.15738157655869675,1.435297227564183,-0.1274885517440069,0.7773601907261745,-0.394495583074711,1.6786251579697062,0.24895957357363646,-0.3739647988610744,-0.6662645057023778,0.1761284071615618,1.0944045609339512,0.24327102664663117,0.0029714163837741238,0.8925261349202422,-0.8481080452035265,0.6039306664687997,-0.5042047719845425,0.14756268815860513,0.43884913246580076,-0.18537868451247494,-0.3441726175840844,14.1,1.0,GPL3921
GSM362992,-0.20518787271440728,0.4542749023641921,0.15614945956951476,-0.44632634084474504,-0.9783357967753324,-1.2448800844026757,1.2468933995833942,0.42103657710532155,1.2516264864854802,1.3612690054308518,1.7107993240099078,-0.759866189655353,1.2533511552027088,-0.02804174685828697,0.02761709972354813,-0.8626853655425231,0.3756146213112595,0.7025643572343561,-0.8750010487730592,0.6239960290768007,-0.9351321308984153,0.7672419733012257,0.10206640201432178,-0.5270233853054004,-1.2093054682264113,-0.234225888894257,-0.2946950631902504,-0.2636182517065414,1.7869470405695853,-0.6075996527788518,-0.4843795066378366,-0.42985277843831066,1.160161345153103,-0.25921864372128206,-0.29224847114086716,-1.0589823494814876,-1.3814933575940336,-1.5151735004132056,-0.6402712171441021,0.03991704301744228,-0.8536531971793306,-1.0305356037923932,0.9498550734321993,-1.3145961154686938,-0.39964693484255365,-1.2027996722773655,1.46306345465432,0.09289898102843747,-0.9612528924012306,-0.13919812102118934,0.5657785225704883,-2.352259000668981,-1.3151283409679055,0.3193519584725431,-0.08721350983649825,0.9221309692671746,-0.22266611446475446,-0.2282585654326768,-0.2476652014306533,-0.46780188384606114,0.8691513850071594,-0.31618434806560275,0.08555515949562208,-0.14665940121713583,-0.38729786123317445,64.3,0.0,GPL3921
GSM363264,-0.38671106842761577,-0.22770485515492575,-0.28880938725536554,1.9193795534315434,-0.6577724127004778,1.0957643161923238,0.37059805041556276,0.3777123291266596,0.30371614475038067,0.04243775673341211,-0.12358334739478546,0.41313149071556965,0.9546138305663106,-0.05960169436407158,-0.49135932873952803,-1.0480747921052942,1.207748924928919,-0.4085279991420551,-0.8969449185052711,0.017462947076989456,-0.1547578116893453,0.3231295559089375,0.05298462722647846,-1.075247237001357,1.8484129164697007,-0.7764058819852099,0.22442987397698047,-0.02734274272491007,-0.6904217808264413,-1.040568080264771,1.165727436211601,1.6557795086501677,0.23854780989499488,0.02266897746055152,-0.25098766697425784,-0.7498453155856645,0.3056688402785081,1.1092089373893792,-0.44459658096700144,0.36567244708236124,-0.5071290105002892,-0.6815114114291655,-0.6665338306007619,-1.6358545828996407,-1.182577665881849,-0.7219480525809039,0.9568678391211113,-1.0310084556807806,-0.07544688796432625,-0.476196482620315,1.0311063539096135,-0.81610072649625,1.4412555306660106,-0.7129385434292483,-0.9619177959912458,-0.6053039016290482,-0.08417135415082896,-0.7142128340067493,-0.5380527809816963,-0.15556484162834552,-0.47845434404094844,-1.0697732819299446,-0.4939331254371723,0.16678241593559728,-0.026894039308635743,17.8,1.0,GPL3921
GSM363312,-1.2818619348416758,-0.40809950069224116,2.1876787400225104,-0.8935882162192151,-0.11348250015671489,0.23643961110828038,0.7954685227393596,-1.8774287893415724,0.1457310877945305,-1.5445908281270784,0.1096341076235458,-0.1335874281355733,-1.8333183041796202,-0.08685801266452181,0.09924665886037881,-0.7623369603388225,-0.5730358752894383,0.5578285262862046,1.1365203433463578,-0.008624497310097722,-0.5098096346470253,-0.7558991322738082,-1.2362299905342027,-0.6878921603204301,-0.6625857935944839,-1.6153580818206814,1.3792947704287195,-0.06278406907215346,-0.22211392670002394,-0.6745360632903736,1.1644754582579981,-1.2378497004501077,-0.9255956030626143,-0.7812327570209745,0.5549733744135047,-0.6649091503321094,0.5834080718693203,0.9641332250232559,-0.26522816447132486,0.18177826736829483,-0.7621185063584507,-0.9079893318070824,-0.3403238250249492,-2.110236245087395,-0.7423637831465473,-1.3526541154019474,-0.20189320848503284,-0.11101671423948035,0.001838199671107749,-0.2154532247407007,0.42964538042340217,-0.05707556745019563,-0.462850843059614,0.40042189317687293,-0.4785285852215164,-1.1760651272717977,-1.1345529632732938,-0.12292165750477069,0.01611315768344097,0.22945718678201316,0.05658232545373628,-1.3637557781077905,-0.7438239843673004,-1.1275479113656894,0.03625363889181671,55.3,0.0,GPL3921
GSM363123,-1.1579898828313755,-0.03557722454201258,-0.5180306113772748,0.31036198919130936,-0.749043931777346,-0.7574781200732644,0.9086741420098468,-1.323334459930267,-0.5954821377566654,0.8097153532346637,2.018489579790396,0.19077193043655985,0.37665894966464347,0.4941319300555979,0.7303976799339625,-0.5259229209606092,0.4460460513980203,-0.2866451941330853,0.4591862309454206,-1.065165994987187,-0.09558250786306503,-0.3134315756866773,-0.3233089794803195,-2.1653448571689906,0.22222458272635293,1.6320147189030187,0.22066809906997198,1.0595245985905941,1.2253830769634495,-1.0888639713933372,0.5485023050850657,-0.6338055798358727,2.0378885215893963,0.35824947886749564,-0.5989537821126604,-1.5984417774432567,-0.17312043209072644,-0.34712802136286963,0.812794136689557,1.1187628973399708,-0.3894415508734469,-0.5651700139747559,0.09950989035816961,-0.5114499468913243,-0.6478212043040663,-1.4646332597148222,0.43847473887625704,-0.2580257038512345,-0.6540942107732208,0.11416561069202051,-0.6074416479334783,-0.7134889753727284,0.807840834335378,0.4571708474699031,1.052203915549292,0.6551271383320247,0.933531716021158,0.8321329743749094,-0.6201942875479272,-0.8718112999588482,-1.2438142856977825,-0.38864482247563575,1.1217405314386477,-0.03972042830620363,-0.76310355588953,42.7,0.0,GPL3921
GSM363245,0.6439978926392268,-0.34063483650755383,-0.7921971735623026,1.909534166237765,1.108665401628667,1.5194536054459953,-1.5511022767068712,-0.6894323052951126,0.4919816709561016,0.6173129164220399,0.04104073850050679,-0.44162681898080663,1.5376608249560983,0.9919183748059217,-0.9346516947184044,0.38231518715425106,0.8738517748879782,-0.6729701564383013,-0.8647605762313602,0.6174741679800279,-0.13996398573277524,1.4399900426102865,0.4135720660011666,0.7482849955703264,0.11232182019386974,-0.558107095293326,0.2808564975821148,0.06716746086774247,-0.6458210328144011,-0.24072033946886562,1.0142381038255748,0.32735130031355764,0.26626551020351047,0.006262819613989602,-2.5203318961377525,0.6412713369455372,-0.2083560062477704,-0.858612904704976,1.311039738066436,0.9681448072884486,0.2752746562781718,-0.7171894399818506,-1.4252469896366406,-0.029562245744903192,0.36407983486936163,0.5855731324841339,1.0703044469393967,0.5007303715642717,-0.43214729243556227,-0.1908548041860206,0.5831045588437529,0.48616311496845066,0.4126003632510187,-0.29407721412354826,-0.04501286445183892,1.7620580001846307,1.4439393720095544,2.5568492801811544,-0.34368977952920543,0.7748171557906572,0.39562962671106155,-0.04290484457633724,-0.4293061791621409,-0.382662651779194,-0.35187355394999315,57.5,0.0,GPL3921
GSM363192,-1.3208154103166132,-0.07370942603770622,0.012324377767534754,-0.44491985695991915,0.13918377826339634,-0.899238822116786,1.4733046381243657,0.2751022681245663,-0.5480866206699109,1.3601029300562295,1.6284872810622615,-0.3620669763121707,0.10083613572478642,0.37219576923779385,0.03032010195512635,0.40952831398915324,-0.04175681623991858,0.4740340978425379,-0.9657023769995344,-0.3412394132454784,0.07269726239291971,0.39385857053067264,-0.27619047568399,-1.4551938832539597,-1.0593533939236173,-0.3398083086014434,-0.5693046314019016,0.40976694889110926,-0.4511995869436819,-0.47542142442698626,-0.07999062762390054,-0.21808569346229809,0.11381815850668092,1.1979464668324278,1.9688435971893052,-1.2395673494800374,-0.48816791867134873,-0.17787302360239235,0.13336831663017742,-0.7044165415394961,1.0053727854447023,-0.17271169989521454,0.11417101420427357,-0.2472373755462456,0.24737883911067465,-1.1468101001209285,0.13597711802749637,0.5386681753350471,0.47545707005236054,-0.09000127991182913,0.1054009873094363,-0.07971051255097346,0.604427171692612,0.5868827429968299,0.5803239717026509,-0.34262401937300957,1.6260055175907813,0.7956161796265689,1.0446173737028712,-0.748393279893062,-0.30964598307738456,-0.28927045757044795,-0.9377048231923985,-0.8067309926328927,-0.7153577504208951,52.2,0.0,GPL3921
GSM363291,-0.4147575707695703,-0.892085135060647,0.20558933143894656,-1.0117328625445476,-0.7401393933308222,-0.5034238282087511,0.6137804918114218,-1.2617684233290105,-0.7521506525712163,0.26515815328620673,0.9170760527290303,-0.6435864196011921,-0.37357910425176555,0.13549616294441313,0.20601524700772997,0.38231518715425106,-0.16609872367704087,-0.32582181002882515,-0.5473059274386962,0.5930171888671327,-0.15105935520020156,-0.6933944216778576,-0.6629548610121946,-0.37250469351464843,2.279641552508172,0.3964150504378503,-0.9793380962658741,-0.641659066077149,-0.7816505835783407,-0.7855318832525174,-0.622097081534224,-0.7197626991988294,-0.934834836498787,0.26428693847355156,0.215259420108423,-0.7368370740603456,0.13778169282435998,-0.06069648669129064,-0.4971388443849266,-0.9583656468589214,-0.25213951464212786,-0.6194626661201471,-0.21936955329459032,0.6910174942871297,0.1203372487910905,-0.5819741221898106,1.1056771526031632,-0.8650305641836381,0.29116186107555503,-0.382722484512528,0.258860165729787,-0.8040287557758357,-0.25943718041684904,-0.5967383036863761,0.03747021516363099,-0.06697229107963619,-0.2071049054407183,0.4711785032086178,-0.056772967861242724,0.14506879699344136,-0.25242280986939697,-1.0118049024019173,-0.17726108868951107,-0.6961044689319271,0.03009288979909024,50.1,1.0,GPL3921
GSM363273,-1.340292148054082,-0.05464332528985875,-0.37420552957529285,1.490401968559802,-0.3182868844267609,0.2850205258535321,-0.10877883118661433,-0.8171248256532735,-0.0662321969545677,-1.3113757532026857,1.0091871484085388,-1.243345233564759,-0.7427573321404966,-0.3407721357792401,-0.07779998730801452,-0.5990581993294092,-0.6730311155360749,-1.7155034349971674,-0.3585886477416738,1.9691298802860555,-0.8130830667567126,-1.022366582709183,-1.6923632842292256,0.22863651838361948,-1.0220982201837925,-0.3740512555335035,-0.5429722070528403,0.18825865922082952,-0.28293312853462416,1.5470749286236773,0.3970129726990416,0.20466704813188238,0.7028192900626145,0.5610892486068045,-0.12307917405777004,-0.47820262490988,0.7056962410025865,0.036020654886124964,-0.45003198752747664,-0.7902338254060599,-0.5921255091196777,0.5439513084239471,0.07751820458901448,-0.9768243623286779,-0.9683796356918538,-0.7581765992703623,-0.4799958599105068,-1.4261939116263564,0.16631671951062277,-0.7812168974983561,-0.5183363185281148,-0.24871810263677493,0.1744261380047432,-0.22651893520327301,-1.0674194094528924,-1.291730754438037,-0.11996213490611382,-1.1130885920270859,-0.18056368902443645,0.20519552471779817,-0.7259445681654948,-0.7178224062240715,-0.7524409105373038,-0.2591297003131165,0.034713451618635774,58.0,0.0,GPL3921
GSM363148,-0.8385713839368891,-0.2937028962051629,0.49773402884922197,0.7013645091727643,-0.23591990379641656,-1.394604870830665,-0.303045264255719,0.883921963403655,0.45906811742363357,0.324627997391927,0.27425819351883807,0.027572253167563513,-1.0406459711955418,0.7681296561285441,0.09924665886037881,0.3517004194649864,-1.1886587456774256,-1.7350917429450372,-0.7345602824869033,-0.779834572003405,-0.6669940354355829,0.03692377581168406,0.3134452454339662,-0.9598873917603161,-0.6765564837469179,-1.6367599236532198,0.5178483167236758,0.24142064874169591,-1.06952813892878,-0.9007641848926052,0.46461978219362976,0.18513133918575547,0.3424891860519242,0.9220247212311627,1.2041433599681521,-1.5035581333762222,-0.4632957486781417,-1.0483272977991394,0.8327239607446324,1.4235018237232813,1.6461156211908505,0.8790145330926465,1.0891357499701861,0.110050078886303,-1.0599677589455063,0.5427575773056821,-1.0374209112326196,0.19248571592672215,2.1539306399809024,-0.7639980031100805,0.06579861868482981,0.6159368002129058,-0.43710227816812425,0.1788307383183713,-1.0808468875298296,-0.5761172480450438,-1.0567469181531102,-1.055504415693164,-0.8955418729389557,-0.9878453359181337,1.9692668899307209,-0.5356360705645605,0.14371941114314998,0.767853194710838,-0.7615633686163484,52.4,0.0,GPL3921
GSM363263,1.9504974600686253,0.058286656062769344,-0.365216461962668,0.4819530231400055,0.04345998996326589,-0.5989928408223612,-0.7880125468095256,-1.4715489924888472,1.1621016208771657,1.0301035990382146,1.9694943161310816,-0.8149460807336393,1.7600164472706903,0.09245987089107059,-1.4671431343393728,-1.0276649469791184,0.11040985370061558,-0.3671749045854401,-0.5604722492780232,-0.7439643359711585,0.4166537158831734,0.2129238819634433,0.9698321802633899,0.38844694619460257,1.6938039454494287,-0.5281445167277735,0.09652952713867617,-0.390616337784166,-0.45322689367150254,-0.8575520717775724,-0.5770258752044968,1.3596181610268883,1.3426362055174919,-0.30545417947068415,-0.8754011700289401,0.3573855954223934,0.2476337769610241,-0.5238227992446891,-0.7236141177380532,0.010143699635165681,-0.7228893531495032,-0.4534822724185227,0.543008886702814,-1.4617144790585668,-0.9151994350929576,0.11130852127666412,0.3799268122603677,0.1798397813364637,-1.373440026456882,-1.22152862542714,-0.681696089104616,-0.8281726972166644,-0.7563844828225903,-2.2667789585955576,2.1781938628581443,1.423709016044137,0.7265676360014726,0.7534814164554062,-0.5449943167478559,0.11236829595037015,1.2997557633972663,0.029555629833695765,-0.8235305514398407,-0.4453510152097403,-0.6876343795036226,3.0,1.0,GPL3921
GSM362978,-1.2210945131007735,-0.3861001536754953,0.49323949504291054,-0.29442608128360453,-0.2314676345731542,-0.685801360613057,1.058217367465919,-0.10113462221644325,-0.8048123382231663,-0.5557589104476545,0.9366741581927552,-0.8210660686312269,-0.1979011889116119,2.7191082292133886,0.41009191549190793,-0.3711482620871027,-1.4016920835941726,-0.4074397598116175,0.2704689512483982,0.7576941815606295,-0.9739659240344115,-0.9598618721132307,-0.9103270059429244,-0.4614058586545337,-1.1729816738300824,0.33648989330674534,-0.776202251287393,-1.5011112299978333,1.261874598064209,2.5146873438661808,0.7187713067751456,-1.2058111377784604,-0.5652654990519262,-1.1913867031850172,1.697897649828573,-0.006845167286546781,-1.2301876568020245,0.10483862100851721,1.2186378265383602,-0.7166761535204333,0.9922964010417191,-0.27509212965509455,1.0781399070856077,-0.3132905183825159,-0.7719083390348233,0.6860250119412713,0.2335569957206453,-0.04462555764062392,-1.3199349657861963,-0.08754143785636244,-1.2311789537710305,-0.10385445399180224,1.6047589177269677,-0.6588919202930289,-0.43824615099070585,0.5913488953151264,-0.1401917066373611,-1.0316280498961723,0.32269765402219186,-0.37919407456806026,-0.3482716249927764,-1.6970739603939418,1.1368201522361547,1.1642649046392946,-0.38267729941362894,28.8,1.0,GPL3921
GSM363056,-0.730280722116563,0.6728017493971998,0.3673925484661763,-1.4421169313011137,1.5572315258723006,0.22767911828536602,0.9044813412961249,-1.2138837281947004,-1.1207824521348666,-0.9708817438130729,0.6133054180412868,-0.18254733131627274,0.09913876456208055,-0.04812534981651365,1.252077110628617,-0.027582535796462637,-0.13566538968893402,0.15517997402443048,0.4372423612132079,-1.6456116325999082,0.6921887243242908,0.1685126402242142,-0.2231821589131191,0.022258813594601946,1.7385101539372185,-0.3797584133555129,-0.45268960928462615,1.0034091652074564,-0.34375233036922254,-0.757571104178084,-0.05119513469101888,0.9118597119816657,0.03759448265826513,-0.372570279752073,0.4848300073302692,-0.3098606757586897,-0.14824826209752034,0.17179664210057558,0.6008132808310306,0.2675955512348586,-0.7534009167564631,-0.4317652115603659,-0.6445421448316052,-1.323603362219093,1.8073313900116097,0.34020706626915836,1.009317023381178,0.053380435433879325,0.4318603539503218,0.3257120274622746,0.2044069088709525,-1.7788403914492967,1.3871835443938836,-1.4614842738658878,0.7222715970874141,0.3167781541915313,0.23172118903711106,0.013314076748654202,1.1649373269829846,-1.1007148072603485,-0.3697303149457713,1.0999003518333206,1.3953279373362861,-0.4269132612595799,0.4767471990218084,19.2,1.0,GPL3921
GSM363310,0.9127768734162943,-1.0006152470099265,-0.08655536597132886,0.15846172963016766,-0.21365855768010672,0.7214523501223514,0.6571060991865441,-0.2858327320202104,-0.08861341335664691,0.7490794337543212,-0.2862476227437063,-0.309027081199745,0.7882714566210437,-0.6563716108370824,-0.8089620909500033,-1.2657798067845119,0.6799479611923263,-0.9069416124823054,-0.1508533476100693,-0.3347175521487055,-0.1103763338196351,-0.9203852127894717,-0.26244757874339397,0.836127813506165,1.673313599892525,0.5176921541555618,1.1084469771240768,0.3329774084720771,0.7976213573934311,1.1530821325748462,-0.7009716926112454,0.6688354926918505,-0.703854000594498,1.1457450555024584,0.17812469635847597,1.024631866603476,0.08389199117241189,1.0124917958119637,-0.009764056128998076,-0.41368860027725585,-0.040737966793909584,-0.270438473756918,-0.014113819449134864,-0.3838472845939853,-0.5547558532559995,-0.1916938692169971,-0.36899874903454977,1.325877603578633,0.7806340827666406,1.4695385832549233,-0.46635820970831904,-0.6516201254306041,0.13065357768921185,-0.41027745386641923,1.247861453241802,1.1880538130325473,-0.33781906124262434,0.29140351367832623,-0.44549897076622447,0.9056191599629441,-1.012060434205433,-0.955906822142749,0.5250183941658445,-1.8079010321266233,0.7154762263649843,23.5,1.0,GPL3921
GSM363275,-0.9055713617537808,-0.14117409022239225,-0.580954084665641,-0.52086998674049,-1.7240908916716948,-0.9812688912768011,-0.5629989085064628,0.3343880811479976,-0.22421725391041783,-1.58073916474036,-0.04323111499351253,0.9108905063860149,-1.1823764632815594,-1.1670689432034107,-1.2211699312657283,-1.4154520043764742,-1.1225749347318228,0.18347419661579825,-0.19766693637212124,-1.376584862358057,-0.13811475748820337,-1.1473760039010859,0.45218306216760334,-0.5598321486308346,0.4085004514254766,-0.7393093561421438,0.14919437583680198,1.8599078852658693,0.28065814179933396,-0.24326222847563236,-0.45558401370495605,-1.741870991260175,0.8021410495014586,0.33140303875494037,-0.8850286910011497,-0.3022087689790896,3.986749999273144,2.0410413975871795,-0.7417321396063029,-1.2473422149810272,-0.6509692389330999,-0.059472739706255405,0.02986955208917539,-0.5805055053110612,-1.254961827808124,-0.5029300203218989,-0.1555427665807868,-0.7796705056993947,-0.04175851643093276,-0.8500924750514587,-0.21141796168741342,0.45598318816741534,0.3276300991091035,-0.4048727915527979,-0.908207883683498,-1.003107180107328,-0.025038759859491257,-1.1833131973123563,-0.4096343693077285,-0.11759006622348774,-1.7330724166260758,0.8700971329900745,-0.9118540446823843,0.5797881044191975,-0.2594623175590859,59.8,0.0,GPL3921
GSM363352,1.031195438860104,0.12428469711300648,-1.5248061839911469,0.15424227797569137,-0.8291847777960596,0.667296576307972,0.026788391890387134,0.3982343413270791,1.3503671470828869,0.3607763340052075,-1.219117442817033,0.8986505305908397,0.07707293944689071,-0.1012034433489689,-1.5590452102130432,1.6868444548023753,1.207748924928919,-0.5978816426381325,-0.5370654548969972,-0.49287268374543086,2.953794867434938,0.18825096988609447,0.6295318750676767,2.271246622192876,1.6220877360002661,-0.3069921511248849,0.8225520841913985,1.4109844182007698,0.469197667486593,1.0276822749076917,-0.170133040283354,2.098067959190475,-0.45439469781786795,-0.8483488573023633,-0.09694733141891751,1.8158390276140706,1.254956661685909,0.9864525653872742,-0.10941317640437485,0.2868606557763326,-0.326239026259031,1.3055996570921484,-0.45761281579377927,0.3067082996033788,0.10261051525812598,0.9758533854569473,0.07742919141160699,-0.8792572405976794,0.011746544239752998,-0.4565177461765727,-0.7980280469393979,-0.5293914218864092,-0.6881507858601441,-0.8426504389561751,-1.0539919313759554,-0.19452877711343292,-1.044297950933881,-1.1355604657183724,-0.23956674303679987,2.637690860373378,-1.189452271150194,0.8245505490751963,-0.5499431455422004,0.26081496108141755,0.5938014317836235,16.2,1.0,GPL3921
GSM363293,-0.7715714061199966,0.6214699396914596,-0.41016180002578834,0.7013645091727643,-0.06005526947757246,1.1825728359830197,0.38038125208091533,-0.7236356589624763,-0.3782526844423716,-1.0595034722843426,0.6897380293498169,1.5596092235302812,1.5215357989103835,-0.2963013006574536,0.028968600839337843,-0.4800007694267116,1.5877308378661381,0.8342413162172614,-0.6380072556651715,1.8973894082215625,-0.9665690110561265,1.017260815685033,-0.5870417160069967,-0.34392931900539964,2.499447077573138,0.8815234653087016,-0.1705564912589563,-1.2530219455671217,0.3130950494444538,0.1447994932240761,-0.9000361872342048,0.3742370017842612,0.2085203012274377,-0.2815906771484125,0.3816779969137465,-0.08795537915030213,0.7823854318149747,0.08809911573550386,-0.9446539845307045,-0.9408519154575822,-1.570674941942878,-0.7559699057999876,-0.8497978786770606,-0.5940163754366609,-0.3612390121877961,-0.6050286519012836,1.0446897290449442,-0.931421720782496,-0.117061935152637,0.5913749694528223,0.9147743960748328,0.06968012511415482,-0.7473724851105695,-0.812924796231254,-0.6108851548370373,-1.4798225219793972,-0.6397065163089324,-0.778819470869198,-0.6005266028771391,-0.24311779603398886,0.4814643865230437,0.4933026660579055,0.9494020080385601,-0.946857922654114,-0.0037912302109094375,61.5,0.0,GPL3921
GSM363292,0.2801724317033116,-0.30983575068410996,0.43481055556085585,1.1767560622437425,-0.6087974512445977,-0.30193249328172306,0.286742036141131,-1.6995713502712764,-0.7152874726148518,0.7082667956425522,0.27621800406521124,-0.7374262340308656,2.214063233294761,-0.04238717754273406,0.335759354123499,-0.447685181310265,-0.4599977776193278,0.4043867806945552,-1.0754217256605938,0.33540367554463224,-0.4007051682173225,1.2919525701461891,-1.349445284378161,-0.2539698066614687,0.42992217632587554,-0.4396835704866178,-0.20817424032904638,-0.46445243434092676,-1.2154942233318193,-0.530495686240264,-0.2928268797364987,-0.5072141858649722,-1.8333502881664647,-1.28385777468382,-0.6608449883625738,-1.1707001884636412,0.015493523691092803,-0.5349824694266975,-1.0370558960587803,0.4094567755857112,-1.1173602826394795,-0.6396285083455779,-0.7948186642541704,0.20162375418204034,0.6373669768359088,-0.3349613038525864,-0.3128903193609888,-0.4872332682996678,0.8262124677824108,0.07972782191546487,0.9964542813630822,-1.4212082588570218,-1.0730918309879076,0.16261675137750725,-0.24258861329819592,-1.6019740721643043,0.8417205827793424,-0.08078689433360861,-0.6491173532402625,-0.9129506399807766,0.3412676121634743,-0.1484901072880995,-0.4228434845346374,0.22209567778607844,-0.09774265387499832,59.9,0.0,GPL3921
GSM363211,0.9151140819447907,0.370677383700559,0.6370645768448926,1.5705715499948492,1.6206763623037816,2.1334845114884398,-0.226177251170822,1.675159544908686,1.3569498577893804,-0.6327198851727037,-2.177464799993203,2.597967170154282,-1.184073834444266,0.5586863681356111,-0.7440900373921188,-0.2367834483397736,-1.0756206480073152,0.11600335812868971,0.1885451709148073,-0.05753845553588926,-0.18989314833619778,-0.46146904815077333,0.22640689814352422,0.1556105613044285,-0.1978275011901711,-0.004512786558354338,0.13038550130175774,-1.013792992723219,1.14429080785065,-0.8160345513337173,1.8793548697656073,-1.156581151234221,-1.121929313581259,0.3269286320695143,-0.7832520407235143,0.7529891759276908,-0.5627844286509698,0.5270461428945469,1.1389185303180587,0.8332890754981327,-0.032020377191920184,0.12822471485352444,-0.530918435024299,-0.8176963364049376,1.9447135748920898,-1.016716682463323,-0.32142855865913894,0.669869746708977,1.0263610280690492,1.417881900090092,-0.3648771401077641,0.09835105557513917,1.6472440497979242,1.6624105434075958,1.167296584780179,0.18597870664840066,-1.4162108466083545,0.27033613209274426,0.3041868919790975,-0.1914299072884883,-1.6658351881066908,0.8970110234852293,0.5444064780483552,-0.2222541924127957,-0.4735483485313546,8.9,1.0,GPL3921
GSM363070,2.685939077035443,0.19761585383549202,-0.18094057590387905,0.5986911855805123,2.2929690150163236,-1.5061020522132098,-1.929851941179729,0.6878227357107646,-0.27161277099717346,-2.0273460332205713,0.6603408711542277,-0.24986719818973335,2.281958079803034,-0.19157965666098706,0.7736457156392189,0.15780689076630852,1.3268736893966515,0.4207103706511142,-0.33957062730709037,-0.9021194675678831,-0.4543327873098888,2.6111309358818033,0.6517822796381655,-1.6541631576146538,-1.4328365106653596,1.1554670407651828,1.6614278884543894,0.2680016435021304,-1.351323774095759,-1.090558564064515,-1.6800184523291972,0.6907154867115127,1.5135620240866645,-0.42924609776746714,1.4984704296899634,-0.11473705287890074,-0.4550050253470727,-1.7234873438107179,0.5283411933580301,1.010177762651664,-0.005867608385955856,-1.0925843491014116,-0.3439891059864748,0.10554645551110396,-0.35828455659896885,-1.5502643700717265,0.10426365777722106,0.5781867209296038,-0.2537970901999443,-1.9521017159011516,3.808222453710141,-0.6561471144507597,-0.36243143998280586,0.524729126390176,1.280471042857219,0.28002459041908073,-0.6272575490897031,2.1902768405920416,3.9959269969487274,-0.8570433317458479,0.3927684680506625,-0.4900894866496823,1.3113129071787442,-2.021778977948488,-0.8909390995636186,57.0,0.0,GPL3921
GSM363339,0.24823058181386334,0.3164123277259183,-1.425926440252285,0.27238692430102396,0.3896239220718759,-0.06619559550148472,0.07570440021714023,-0.11937641083903765,0.9619872153997556,0.6942738911470893,0.8367238203277574,1.0842901634843252,0.48104727617111154,2.5182721996311246,-1.1941399089499425,0.18161837674684833,1.5520803609086413,0.3978573447119325,-0.2605726962711274,-0.2972168508422662,0.8327300709117073,0.6076904752010338,1.8107665882951034,0.7906188837321773,-0.3235637125620793,0.5305332592550849,-0.24955376430614332,0.9295730686506982,0.23605739378729368,1.2437428404828568,0.5485023050850657,1.3650881595318034,1.0585297773552174,-1.1734890764433141,1.0294726223295076,1.0835515488063925,-0.17519311292349438,0.2461944433139728,0.06451983353082649,-0.13171752471568687,0.6915395597731188,-0.1525458576697837,0.05919179978138331,-1.581811102397239,0.4999847919554287,0.0322644194087525,0.6958416662919376,-0.5220095884228789,0.05732492925552326,1.16943785248782,-0.6272428322457816,-0.9730363458616371,0.9172722351242059,-0.8453527701129857,-0.7624238359910391,0.6864757662555848,0.4822566543240994,-0.752134120860795,-0.42004667295696946,0.8908511917499438,-0.5099270893053419,0.6444345126845441,0.005848592423081784,-0.3586935716439852,-0.2871856884763584,65.4,0.0,GPL3921
GSM363270,-1.0777457233530041,-0.6295595939941481,-0.18992964351650393,0.08110511596477221,-1.1074516042499263,1.0017881204556072,0.9352285465300817,-0.1581402116620495,-1.0325741286678503,1.8242009291557701,0.8269247675958932,-0.5640265769325553,0.16788229665170581,0.15701430897108504,1.066921457765489,-1.5634233815412544,0.09562794862067696,-0.5521755907597691,-1.1412533348572294,-0.026559615326221333,-0.8944491095178472,0.8264569622868649,0.5130444629045289,-0.4360055257574238,1.0586032331854172,0.8701091496646803,-0.44516605947060744,0.4452082752383526,-0.28293312853462416,2.427415821300526,-1.052777497573835,-0.6369312932672526,0.02373563250400734,0.8668403721109098,0.3527954339971203,-0.05122622660822416,-0.5814385561458748,-1.091106033496842,1.0954352778342584,2.10128322895513,1.6613714029943316,-0.6784089741637136,-0.5015961873320911,-0.17367819375130975,-0.04806671977207844,-0.9590803581846372,0.8653867037837829,2.0071773296288056,-0.5966258122750773,0.5667765488981422,0.137577911816931,0.24472370056016282,0.4164626479847411,0.535538451017421,0.11419866131755628,1.064821275677862,-1.3135068670497125,-1.1341559736126672,-0.570446614557111,-0.6439626475297043,-0.5843172144757253,-0.6495025303517542,1.2488401924462125,-0.5006642770602231,-0.3487931794036299,21.3,1.0,GPL3921
GSM363371,-0.3586645660856605,-1.0123482320855242,0.12468772292533269,-0.05813678863294062,-1.7964402665496997,-0.17450714313024288,1.3964366250394662,-0.22654691899677906,-1.3893570489598113,0.2884796607786465,0.8230051465031485,-0.5109866818201304,0.3537444389681007,0.11684710305463165,-0.6629999704447637,1.8280125502584308,-0.9373663593184876,-0.7132350116644787,0.5645168056600361,-0.142322649793928,-0.20468697429276786,1.212999251498671,0.3572916309111062,-0.2709033619262086,0.7866404648846971,0.45776699702445695,-0.1555093916309206,-0.2636182517065414,0.29484928889407325,1.0386971272703471,0.5697859302963271,-0.10712286664829859,-0.7292618925439699,-0.5127683558954179,0.18775221733068426,-1.082703260498246,-0.13581217710091636,-0.8809322450689943,-0.4029251306700267,-0.2508108982447964,-0.7490421219554695,0.1763124924680132,0.4257198959339823,-0.928785712993209,0.12772338776315917,-0.9179115551284343,0.3177196402309851,0.15612865397972966,-1.056373000260227,0.1904207144115275,0.5360767461020324,0.8664301926615047,-0.2787486040854667,-1.764145363428717,-0.7278960352217732,0.8507858160618311,-0.5556759875791362,-1.3097174868258437,-0.20948675471677075,-0.9625288189815622,1.2854499700952695,-0.3741527275936299,1.440566799728809,0.734665237600549,0.0054498934281816324,66.3,0.0,GPL3921
GSM363009,0.5193467711194272,0.3486780366838125,0.9831436799309112,-0.6502665041444257,-1.2710724982048,-0.4038727734029072,0.4251044596939466,0.8770812926701819,-0.00830434273742323,0.9088317600775305,-1.2504744115589936,-1.6431844428738045,-1.1654027516544916,-0.6649788692477511,-1.0914258241499593,-0.05819730348572725,0.36865843068540577,-0.6697054384469895,-0.04113399894900989,-0.6901589819227884,-1.1940240851383914,-0.7312262201964594,0.4083366766904633,1.274283555981311,1.96762947243714,-0.23565267834975998,0.9053111321455957,-3.025088262929354,0.24011200724293322,-0.47542142442698626,-0.3353941301590181,0.024938525827517086,-0.8701602024455852,-1.1406767607501902,0.018582920247587138,1.1853219089750662,-0.6622731086237978,0.6814215804123464,-0.908417940794205,0.36216970080209365,0.24476309267121182,-1.087930693203235,-0.9524257455997883,0.44181700085938463,0.47782637503922143,0.25951621227899807,-1.114265064915975,1.7052556412863862,-0.29343046847452703,-0.02112570235872223,1.1152613872369017,0.6189547928930104,0.11391701050974401,-1.0399206134033758,3.1181173282437284,1.3729026190645734,-0.2071049054407183,0.457133582151564,0.05891929490809657,0.1566722005893701,0.0022203109061477077,0.025415031295978226,1.7098457425414455,-0.20381643846263534,-0.4750885358045362,58.9,0.0,GPL3921
GSM362982,0.9953582414231614,2.531013260744991,-0.01014829126402643,0.9376538018234282,-0.3761663843291647,0.46182319918871034,-0.01653721548473767,0.15425041849987856,-0.0728149076610613,0.2849814346547805,0.868080789069718,0.20301190623173518,2.2514053988743115,-0.5028755025134962,0.19520323808141588,-0.003771049815922821,1.9616260840057347,-0.5195284108466519,-0.3893100653667709,-0.47819849627769295,0.08934031659406165,2.1357661631915392,0.655054397957355,0.018025424778416486,-0.49214337373478606,0.1838234215679758,-0.1291769672818577,-1.247115057842579,0.8118125044881704,0.08040497171932057,-0.3504178656022598,0.7766726060744702,0.7813527742700719,0.49248167943027327,0.28127670677499744,0.532614260675223,-1.80639292831132,-0.4922037337289947,0.1442391297511279,-0.348887794092299,0.47142042232291104,-0.7978528088835738,0.6456367536255417,-0.3478182975923837,0.01249961979888644,-0.6988935228694293,0.7787845623311136,-0.9614558154343599,-1.791572167253721,0.9308331731074146,-0.2658712185462479,-2.005189842457067,-0.5516833919352516,-0.6129522906272425,0.9083380790106819,-0.032380701646742234,2.4569740794743313,-0.8771339182685766,-0.5473081620032435,0.29802275348522717,-0.8918917704686583,-0.18575549412754447,-1.5193473396676926,-1.1109539328105456,-0.34725299213044764,64.6,0.0,GPL3921
GSM363188,-0.47942034005796647,0.5041400889354822,0.5876247049754607,1.11065131965695,-0.6722422876760789,0.3726254540826742,0.46563486659325604,0.0105963330969483,-0.08861341335664691,-0.11498241884055256,-0.6919284058428208,-0.3885869238683827,0.2917903915293019,0.22587237625643258,-0.11429051743432471,-1.0786895597945603,0.2130136654319455,0.5567402869557679,-0.1786489159375378,1.6381454296248699,-0.13996398573277524,-0.34961851340012196,0.7532179475330416,-0.15131012786898318,-0.5396437202530627,1.1925635666082477,-0.3887394358654748,-0.02734274272491007,0.4408153732971126,1.048017386961825,-0.943855415610328,0.25077132124474133,-0.040939001549192264,-0.19955988791560295,0.7351455526076963,0.6948346844027343,0.6580245818489404,0.6758417453213413,-1.145764027268282,0.004889580214763561,-0.9168557217937465,-0.6877162859600666,-1.5352054184824195,-0.8687374013238729,-1.2372350942751582,0.41925116813707,-0.11041207314770447,0.6350934265857674,-1.2109431755310969,0.46100334051301733,0.2638104618078623,0.8905741341023334,0.1409530036458075,-0.1346396758717005,0.8776467005491118,0.2627287957026338,0.3282006849861378,1.1649976034270921,-0.096108337202818,0.48473206589244255,-0.3454104663323773,0.4084203960347236,-0.5865650817647197,-0.622353453131284,0.27806304078135724,57.3,0.0,GPL3921
GSM363251,-0.5853737933497961,-0.7556891835568235,-0.365216461962668,-0.5743163743638549,-0.6677900184528174,-0.3624595346036765,-0.8481093570395365,1.0002133658726946,0.6802471971618226,-0.5044515939642886,0.18998634002482048,-0.11522746444281033,0.6304159384893107,0.3650230538955716,-1.254957459160459,-0.5021114349800695,-0.10957967484198443,0.6807995706256119,0.3099679167663797,-0.18960614274552595,-0.23242539796133777,1.3445881159112012,-0.4293256130220608,0.05295088251194302,0.08344906054550588,0.7759410456015166,-0.13670051709587638,-0.5382885308976876,1.0672531521934898,-0.5728605030197079,-0.2477556734067714,-0.5837941649337886,0.6404544643684564,0.8146389607809403,-0.49717713183502515,0.9963198115189575,-0.819796851914109,0.5772646587135902,1.5665038464087628,-0.13346889785581986,0.349374167895073,0.6820097667365136,-0.13873337214101933,0.41629646839991763,-0.44396376867496695,-0.0352524176034211,-0.1896957237733895,0.878527667448242,-0.46583566396895754,0.6036741797301646,0.1054009873094363,0.7200575476764783,0.5593671831325069,0.308542633845298,-0.03925823099029431,1.1685960439765437,-0.17287024558783762,0.10179707940809474,-0.6815111868156771,0.3296683996559418,0.10522202268052545,0.5926770309630914,0.0941720856656255,0.2958466935867216,0.2549602316836309,19.6,1.0,GPL3921
GSM363057,-0.16155998018247741,-0.5870275230951064,-0.3787000633816043,-0.028600627051607784,-0.10903023093345253,-1.0640953688752635,-1.9522135449862448,-0.20602490679636162,-0.6362949441369273,1.4044137942918642,0.18998634002482048,-0.408986883527007,1.450246210076698,0.12401981839685393,0.23980277490246193,-0.8473779816978915,1.0260184448285108,3.0488083536570234,2.6009079168092946,-0.7537471276163163,-0.7243201110172922,1.2409618851863342,0.6360761117060557,-0.40637180404412837,0.2669307912141426,0.7759410456015166,-1.1636650667093127,0.24142064874169591,0.31714966290009333,0.3761113928398408,-0.19892853321623455,-1.7004552882943866,1.890060786610652,0.7206764203869963,-0.7873781211401741,-0.5830337477903939,-0.4943859611696507,-0.9571899913127271,-0.9845136326408551,-0.774471467144855,-0.7839124803634232,0.14528811981350467,0.23146000497310526,-0.8477204922396063,-0.9846291414304041,0.46206672331552173,-0.43486516647742557,-1.4593894899257847,0.176225064079268,0.9578914357175659,-0.12726292836012518,1.0022398632661662,-0.08563436739929742,-0.5940359725295654,-0.9715088517604862,-1.3263223438709308,1.1171539825047878,-0.9585944603994908,-0.7173757882741721,-1.099659952387991,0.5243817664290347,-0.4486835012725198,-0.6899681958047722,-0.1153152195018635,-0.5413165885513532,60.5,1.0,GPL3921
GSM363030,0.5949165135408053,-0.20570550813818048,0.00782984396122132,-0.5279024061646168,1.392497564611611,-0.39750150589533323,0.40553805636324386,2.3250232645886117,2.4457302086434467,-1.9422225308731678,-0.09614599974556952,1.710568925004104,-0.8895799377146354,0.11110893078085206,0.6682286286076575,-0.8507796225522539,-0.8904120725939799,0.009355903745841368,1.3983838554840862,-0.4635243088099558,-0.5893264491635897,0.03527891500652834,1.327147500718888,0.044484104879573036,0.008938713065856413,-0.9490474061010122,1.5297657667090765,-1.7580608460153564,1.3612126277273875,-0.9160155189332053,0.9478832722845894,-0.9580983483415747,0.22006934302265185,0.9458882235534344,0.8850598077463756,0.3344298750835945,-0.8944133618937301,-0.09231555220698509,0.20221679972952836,1.50231361502931,0.8484561726089105,-0.037755678848099994,-0.06909303387202512,0.44181700085938463,1.3109828510885846,2.247146023832525,-1.4960463363904197,1.134607842900975,1.8864053366274753,-0.6311665321148044,1.1548637558615082,-0.9021135178792031,-0.8065941843609938,-0.16166298743980964,-0.731732457529469,1.2950715428405621,-2.0277663612529886,0.7296050506584137,-0.7462988539665074,-0.6260301146996325,1.577288153456006,0.7852148629668945,0.8416904309135058,-1.0796097510952716,0.6276855517936233,4.5,1.0,GPL3921
GSM363274,-0.2223274019233799,-0.5224961051793188,-0.9764730596210914,-0.6727702463016317,1.6651990545364004,1.6755496593815582,-0.509890099465988,-1.3142135656189706,-0.1992029532257414,1.5991483818537318,-0.0020750935196894647,-0.19070731517972175,-0.570474159125756,0.6734498136111904,0.5222665081024167,-0.8711894676784299,-2.003402572730454,-0.37043962257675195,1.6953575591933532,-0.7945087594711429,-0.5449449712938794,1.418606852143249,0.4561096041506304,-1.1937821238545359,-0.5983206188932864,0.14530010626940926,-0.4000247605865003,-0.17796837970069776,-0.20792277960528469,-0.7601129931848507,0.4195485758639036,-1.4363325033427545,0.3632774612833109,-0.745437503537567,-0.31425423336305863,-1.5334005698166604,-0.6581277469582638,-0.8028145537949276,0.7004624011064058,-0.4452133167996686,0.15976659405182533,-0.11997026638254922,-0.5675712446395598,1.6202651173701041,1.1425788825254155,0.6926120204302633,-1.9778469825003417,1.1140581991918053,0.6934406505625613,-0.12935875279931816,-0.68912153322173,-0.5942782645086367,-0.5079108316197203,0.17342607600474994,-0.3883726609906548,0.07787998967060751,0.4324607854471826,-0.5358423365821617,-0.08106834304280396,0.19148241137715538,0.491478441834441,1.277946088955116,0.04462476018810102,-0.05447063146633226,-0.8185502977240744,26.9,1.0,GPL3921
GSM363146,1.2991953501276732,0.005488223222578861,-0.14498430545338356,0.1654941490542944,0.9851149306831506,-0.19282453721451862,0.4824060694481409,1.244197288699893,-0.424331659387828,0.8528601420956763,-0.8643917339236041,-0.6599063873280919,0.48104727617111154,0.23304509159865483,-0.15753855313958107,1.5388730776375952,0.8521136791821874,-0.3649984259245659,-0.15963089550295306,-0.03797287224557351,2.5377185124064057,1.5107190572320202,-0.6001301892837552,0.6805507745113666,1.4115960043702567,1.2196725662627954,0.4313274938624718,1.7388166869127823,-0.29104235544590323,-0.22970548710621022,-1.3908115450467846,0.3406355823969233,0.705129098421656,0.5864442198242173,-1.0817051908619855,1.5656216759211647,0.9502725792691228,0.5103066376215318,1.7911673175750638,2.0522447810313778,-0.2325249380376551,0.7316487629837284,-0.42462528714004577,-0.32530018071638317,0.3921471629632234,0.49170826151598823,0.13231787261400316,2.607859222666081,0.1940600843028305,-1.0517995235998416,1.486533593092588,-0.6682190851711741,-0.34183258806961453,-0.8804830751515293,2.2510858867043737,0.7362011760653702,1.2525365010139065,0.940278866514226,3.537785636382142,0.22101834780315596,0.04227653215173842,0.06682101667314073,0.44100336400830253,0.9743560389526389,0.32888922079635674,54.9,0.0,GPL3921
GSM362983,-1.3846991100955104,0.9954588389761371,-0.2798203196427427,0.099389406467502,0.4174506047172629,-1.4774313484291268,-1.3204982374521788,-1.2184441753503505,-1.4420187346117612,2.1425395064275654,1.3874305838584393,-1.0862655441933484,-0.03665092845446414,1.251570670194421,0.8939293149444636,-0.36094333952401403,-0.46695396824518076,-0.19088013305460905,-0.4858630921885027,-0.8874452801001459,-0.6318586987887288,1.032064562931443,0.4325503522524659,-2.301871646490957,-1.3098944373239385,-1.0674709309077204,-0.9229114726607415,1.8215131150563546,-0.22616854015566348,-0.07634485036462241,1.1456957889539447,-2.1966622955260027,2.1880260649271843,0.669966477952168,0.5728530562190352,-1.960376968118317,-1.5307263775532758,-0.992528946889091,-0.11303678077802447,-0.8270126613488747,-0.005867608385955856,0.4912098749112818,0.7152770918945359,3.2130465843992417,0.1897669551285383,0.8045911647431387,0.1067031547195506,-0.9962321355575695,-0.36675221828250326,0.2789750284083811,-0.5406126508794545,2.3301566425117466,0.46538492127857084,-0.5967383036863761,1.510656381318995,0.8421379187036077,2.1877651633585,0.9065710559772961,2.891065887501533,-0.8074651527450624,0.8319563224219678,1.021228979616715,2.4487471616193206,1.7044910953790056,-0.33955205576453884,64.2,0.0,GPL3921
GSM363222,1.7261254413329865,-0.051710079020959636,1.926995779256419,-0.5996330842907114,1.8210284773505663,0.9993988951402668,-3.256174566953686,0.3982343413270791,1.372748363484966,-0.9697156684384516,-1.1250465365911513,0.5967311276431939,1.180364195206316,0.11397801691774122,-0.11969652189748116,1.0813523827258018,-1.317348272255705,0.7722116743823388,0.45626038164779137,-0.36895732290675914,0.3093984776980408,2.1357661631915392,0.819969161244508,-0.2656116259059775,-0.6877330358688657,0.28512547290865325,-0.44516605947060744,0.6549027894595495,0.2178116332369131,-1.0524302289630154,0.6323848279765018,-0.032887172653017605,0.2085203012274377,-0.262201581511567,1.5259776324677021,0.011519408984492203,0.6476611776851044,-0.27459016517980794,1.5809982639033628,2.2028628710829,2.4895424151832315,1.8950627375278226,0.09217932843511845,0.5454003384889892,-0.6138449650325501,0.7453080883422043,0.5726470707043361,1.6341222592161826,-0.2379437388901115,1.3834441113135407,0.4519217127747442,-0.392072754941694,0.3430792380439976,1.3435354669039001,1.0445310709338986,0.015182733823487442,-0.11062540949169156,2.823702780265183,-0.45938204229854473,-0.23678866679984575,-0.1837550020198118,1.1765014247810692,0.16741595811066226,2.383000440744923,-0.056157597499089884,48.4,0.0,GPL3921
GSM363074,-0.8860946240163126,-0.34796795217980225,0.12468772292533269,-0.24801211308436652,-0.3394351632372549,1.0137342470323087,0.31189884042345956,0.19757466647854052,0.8619300126610511,-1.078160678278294,-0.3372026969493918,0.19689191833414751,0.2943364482733622,-1.1541580555874074,0.09384065439722117,-1.0650829963771091,0.9347184428641904,-0.9994419555694709,-0.4609933731586628,0.9843288546734622,1.1156619923311089,-0.7114878905345806,0.31868063474466946,0.9980549357252414,1.7617946375246083,-0.6565555677229987,-1.077144243848107,0.8734576352675605,0.41243307910763227,0.4794815457816844,-1.132904086604459,0.1749727705337697,0.9730668680706311,0.5267854640185395,-0.7571201980846618,2.0377443242224587,1.7005830407308675,1.9052654103727291,-1.1403286207078067,-0.8515318853107492,-0.4809762416943249,0.19337589742799344,0.2131336001654757,-0.37183762226011813,-1.794149972769147,0.16894484555534986,0.011562773968731177,-1.1053033213985484,-1.0761896893975176,-1.3420608861450738,-0.68912153322173,-0.2788980294378103,0.06370730897133936,-0.3859564734551208,-1.2055306125299579,-1.1976848706673568,-0.7439666167699771,-1.174886244678124,-0.5797019955786581,1.7832584137640897,-1.9633956887882267,0.0688913159419995,0.22988867284319378,0.46178647913817,3.384620770789021,57.7,0.0,GPL3921
GSM363290,0.8964164137168208,0.0157545851637277,1.001121815156159,0.05578840603791567,0.39964152782421547,-1.2448800844026757,0.644527697045381,-0.5708606792482479,0.40377334748908517,1.2749794277088267,0.14491069745825105,-0.7802661493139774,-1.3275016976929916,0.8900658169463457,0.9804253863549763,1.596700972161762,0.44691557522625147,-0.4433516577160465,0.05980780181916445,0.3582301893833352,-0.7945907843109996,-0.10617911423694193,-0.5661001587641836,0.2042945326905561,-0.29841647028769747,-0.10296125898802709,0.49903944218863167,0.4452082752383526,-0.6012202848023626,-0.5754023920264747,1.0017183242895398,0.2523341779604313,-1.382937658153105,-0.09664853415080668,1.158756475384883,-0.3442942562668877,0.08803735283794685,-0.408506207363923,0.49935235836882985,0.3919430441843718,0.33411838609159206,1.3350728111139323,1.1404496834315507,0.802106870875401,0.40839666870177493,1.0878325297698215,-0.2738583682837292,-0.09046707053031057,-0.09922691492907626,0.12154513685842497,0.21183235298806652,1.290458164216058,-0.6212045171422728,-0.09680703967634625,-0.4094729836829845,-0.6063848887988256,-2.0277663612529886,-0.3883706654830935,0.8907466642196494,-0.4604178997395605,1.206768106934286,-0.8875869462704336,0.4474660586358042,0.7438841145756292,-0.23481932118817728,54.7,0.0,GPL3921
GSM362987,-0.033013511115184135,-0.16757330664248685,0.9337038080614795,-0.619323858678267,-0.8258455758786131,-0.5480227007617691,0.7172029094165562,-0.7373170004294226,-0.1004622926283361,0.010953721618618966,0.8837592734406983,-0.9414258306171133,0.4445537961729143,-0.16432333836053684,-0.8008530842552686,-1.2368658595224293,2.101619420351025,1.0736539689134514,0.28802404703416834,0.028876203996341634,0.15591253339862615,1.8742332951716345,-0.30105857490983073,-0.5958159535684069,-0.26488681392185476,0.17240910592395703,-0.48654558344770604,0.20597932239445252,3.4108197295533973,-0.1907298556691214,-0.45933994756576674,0.30859701972527603,1.629052442038808,-0.15481582106134462,-0.03918220558566518,-0.8072346164326614,0.47355598773265434,0.00998142446143551,1.2204496287251843,-1.4084685438733537,0.5629551131437891,-0.7016772536545963,0.9498550734321993,0.3952795593156497,0.8722461961476969,0.09319424793193419,1.008097274910014,-1.7455037600303815,-0.31324715761181754,0.87425680583165,-0.8500061557591936,-1.9674649339557715,-2.0592618663319433,-0.08870004620591304,-0.3327445375290592,-0.6528673370992769,0.7483533286351226,-0.9782573498793663,-0.35641592843383296,-0.6566209059979897,1.0551266979331189,-0.6370807347386053,2.306567879814249,-1.251080862831767,-0.7831259904408931,60.4,0.0,GPL3921
GSM363035,-0.7910481438574656,0.5686715068512704,2.758484533424125,-0.3520919205614444,-0.5175259321677287,-0.8211907951490045,1.0777837707966191,1.9031819026911172,-0.7021220512018647,-0.605900151556399,-1.2583136537444848,-0.7455862178943155,-0.13509845589146016,-0.439755607501927,0.7358036843971202,-0.36094333952401403,-0.2643549162672135,-0.42811630708992504,0.6830137022139806,-0.9282069119549717,-0.8408214904252809,-0.2821792203887012,-0.06546605592818316,0.2064112270986484,-0.6318502752591282,-0.45537825449714553,0.4915158923746146,-0.4467317711673037,-0.23022315361130302,0.3871262452024962,-1.2230464992639125,-0.31263852476155063,1.0331218854057456,0.1718158669747486,-0.10107341183557855,-0.6059894681291927,0.7181323259991905,0.4917071873181829,-1.4229697618525081,-0.7814769597053902,-0.49623202349780393,-0.6628967878364593,0.9645161972783033,0.9146974552554064,-2.0216430531088667,-0.5243377979111248,-0.9105670702315259,-1.0436543902710391,-0.4063855965570843,-1.152653047874033,-0.8722824881105344,0.504271071049073,-0.4036291438091886,0.1031654659276652,-1.038646242145171,-1.4106393431136102,-1.0894254571035882,-0.33921344178340396,-0.23956674303679987,0.04274787437479772,-0.5986230077777218,0.6961919944059968,0.8029142631484847,-1.0298278154298373,0.7462799718286207,56.1,0.0,GPL3921
GSM363036,-1.4953269804443325,-0.833420209682659,-1.0618692019410187,-0.07220162748119412,-0.013306442633323074,-1.039406707283414,-0.6692165265874115,-0.6620696223612199,-1.3274795683187703,-0.13713785095837,1.5638135330319671,-0.6497064074987788,-0.3421777377416904,-0.4784882703499352,1.930530670754825,1.3670902144922752,0.7025555807263482,-1.8025625814321458,0.9916908031137608,-1.260821827890351,-0.9406798156321292,-1.4237126191673992,-1.7205035017742558,-1.238232706424479,0.3377156213198092,-0.402587044643553,0.025055803905507837,1.0447573792792424,-0.9742447227212393,0.7514636695057163,-2.650301366371925,-0.4079727844186485,-1.3806278497940614,1.672233575487577,0.3170360703860595,-1.6879690867645716,-0.47365915284197774,-0.8623327947656454,1.0827526625264838,0.8648137920205439,0.03772033962398727,-0.7528674685345357,1.2723997980464865,0.37276144243964915,-0.6788429879867551,-1.0529452291527828,0.29576416775002573,0.9370151149281871,-0.27955878607842227,-2.8401046979251237,-1.3301848753325467,0.6234817819131659,1.344698412322927,-0.10221170198997001,2.082283305165738,-0.6442194397410534,-1.1221039960540646,0.0666847767654602,-0.25229289194142634,-1.1144279206009915,1.9120437167227333,-1.1111792673071053,0.4797795317733218,0.16125108975054883,-0.6352680122154422,32.7,1.0,GPL3921
GSM363079,0.06826552511965289,-1.1634104149338447,-0.25285311680487005,0.9376538018234282,1.5004650932757115,0.5319071417720245,-0.15629723927545972,0.5624104389304287,1.0343970331711865,0.33045837426503666,-0.05498997827174645,0.5885711437797431,-0.7410599609777891,0.14697250749196977,0.4600974567761116,0.2819667819505504,-0.2991358693964776,0.04309132298939515,2.9183625656019596,0.09898621078664249,-0.3415298643910422,0.15699861458811837,0.638693806361407,0.6646755664506742,-0.8730775252244934,-0.7464433034196561,-0.74986982693833,-0.7214020503584498,-0.6944763942820809,-0.15599070590997766,1.9795131060538889,-0.3079499546144807,-0.3250454297114667,0.5953930331950695,0.10935668941412667,0.7981354259273283,-0.01974205046595025,0.16807675203990613,0.20584040410317797,0.2675955512348586,0.702436546775604,0.132878370751701,-0.7764922594465408,0.5048677281121885,1.0258778867667286,2.219151237754306,-0.02380993169503518,-0.24379902743719326,1.3672080812304523,1.16943785248782,-0.9292108930084065,0.7336385147369451,-0.05473608952951038,0.9733160984207982,-0.36151770483678053,0.5145988062608933,-0.6972829896978673,-0.11028122855342212,0.8167036160472719,0.832834173770301,-0.21665832661440548,-0.2954813553770224,0.518555699538341,0.5687254520491022,-0.3210698084863574,7.8,1.0,GPL3921
GSM363317,-0.1514320765589938,0.04948691725607071,0.6235809754259563,0.3609954090450225,0.8615644597376341,-0.8570291748791082,0.18331961853599654,-0.10569506937209133,-0.3782526844423716,0.12989340983005948,-1.7521859114303633,-0.11318746847694898,2.180964495621979,0.4955664731240419,1.0088069097865506,-1.0480747921052942,0.949500347944129,-0.8122647907342668,-0.8120952888740517,-0.8205962038582308,0.33158921663289675,1.7607378996158276,1.3788469701620831,-0.317470638904244,-0.513565098635185,1.1098097781891025,-0.3022186130042691,-0.5382885308976876,-1.2560403578882182,-0.6397969135312295,0.3018626482251735,1.676878074311985,-1.6208479191345209,-0.7051678433687335,0.3087839095527374,-0.04586989186250403,-0.3762431537019176,-0.3489879663932052,1.2295086396593107,-0.24555677882439428,1.3758703435292101,-1.3206134881120546,-1.8980682336734929,0.7465621825812653,0.0006817974435763158,0.55263809003917,1.8509434684845862,-0.6864067380962385,-0.8383894197500263,1.713062946746262,2.2365034489210727,-0.7014170046523139,-0.36371886822738075,-2.2775882832228014,0.6397885174719441,0.2540808983444103,-1.3181752297569236,0.004887124114421413,0.7033251985333192,-0.8918535425336331,-0.7602784720902873,-0.7074709098797795,0.4883964579433252,-0.8067309926328927,-0.30412774848135754,62.8,0.0,GPL3921
GSM363172,0.2365445391713817,0.561338391179022,0.4393050893671673,0.5832198628474329,1.0251853536925069,-0.4476752375174783,2.1651167558884414,-0.34511854504364375,0.8540307598132584,0.4738856453435383,0.172348045107467,-0.5130266777859935,-0.09521023356784969,1.9774494628274593,-0.8008530842552686,0.5745078954257485,0.2025793794931672,-1.1213247605784398,2.6404068823272757,-0.8401617871485473,0.5738381166717302,-0.2229642314030619,0.395902627077543,0.263561976117146,0.44109872844782333,-0.2028365208732028,0.11910017658073056,0.3034429698493738,-0.5667560704294221,-0.13989207553378877,1.7015740003539082,1.0837739507075805,-0.9325250281397433,0.03609219751682849,0.3527954339971203,0.42472237508286903,-0.5731478328148059,0.13087785143320665,-0.4409729765933518,-0.0266351363076476,-0.05817314599788645,-0.2549262874296638,-0.7398394498312817,-0.40336298588651937,0.2872639895598465,0.8128249253543794,0.8641669553126192,-0.17582712901455397,-1.6251119785004764,0.9013150684418012,-0.13221322443820044,1.3417640397778203,0.5155946228169743,0.7138923073669448,1.7331688751653775,1.0010430326609643,1.0860315644567156,0.6692118901130809,0.15957156351742285,0.26743196218687,1.1695730443490941,-0.08431082995349974,-0.6447293334122495,0.1538759881704837,1.2822651428958822,6.7,1.0,GPL3921
GSM363084,-1.3317223834495955,3.089796674970332,-0.6978119636297524,0.5972847016956864,-0.6611116146179243,0.429170453212394,-0.201020446888491,0.7288667601116016,-0.05043369125898327,-1.2519059090969664,0.27425819351883807,2.573487218563931,0.5752513757013399,0.21439603170887336,-0.2021380899606259,-1.1688330424351738,-0.35565491823153406,0.32385707024220034,0.03493808278932517,-0.18797567747133237,-0.42104667890760494,-0.5108148723054711,1.4645764701248483,-0.7746766310522222,-0.10934646355808682,1.1369187778436503,-0.3473599118883762,-0.6387056222148803,0.8483040255889316,-0.44152957100343093,0.053971013411676254,0.2796841704850087,0.05838275788965182,1.0383592950522373,1.2426534438569878,0.2127645572879615,0.1294909694932919,-0.07743599196430564,0.6026250830178562,-0.5047600035642233,0.02246455782050631,0.11736618442444673,0.3377531528573586,-0.8732410246990733,-1.0200826084963346,-1.0035426654853377,1.8216695051766427,-1.2191167327108743,-0.5629374407416838,1.2038756412643712,-0.753475382236715,-0.657656110790812,-0.4474017041247199,0.9219718064413894,-1.581499998684192,-2.035449927245256,-1.0614152808603214,-1.3757286157939976,-0.4570681970431582,-0.6112621464866331,1.0193622146781263,0.1185784983945934,-1.3276207323850964,-0.19275378609253843,-0.5644193976490796,62.6,0.0,GPL3921
GSM363239,-0.8860946240163126,3.2261926264741554,-0.041610027908208495,0.5255540235695918,0.4797823738429291,-0.40546559027980056,-0.5616013082685551,-0.6803114109838143,-0.6915897140714746,1.9279816374971253,-0.3489615602276275,-1.3473850278237456,-0.4779674307582351,0.44392292266003186,-0.8711311422763096,0.8602457271922218,-0.10523205570082719,-0.9820301262824752,-0.16255674480058227,-0.2711294064551775,-0.5800803079407336,0.023764889370431044,0.8572713100832691,-0.07510912917765333,-0.5489575136880187,0.3222219987517181,-0.5843517310299373,-0.3049664657783249,0.33742273017829283,-0.35764723378013136,-0.6258530153950348,0.2976570227154449,-0.3319748547885956,1.0607313284793665,0.43394168219145157,0.17603540474588353,-0.6042380453063149,-0.19647247390574124,0.9649855203828573,0.12748570002414064,1.8052116314271403,0.3236782625769328,-0.39896832040936503,0.45682907877671963,-1.1293974652829541,-0.7993454023265668,1.4606239577119904,-0.03197962305036548,-0.5332124070357462,0.9332930151628858,-0.4787339499035083,2.1807660048466184,0.6752357251442079,-0.22651893520327301,0.8527099555490862,0.9621274945489582,-0.22577835626956141,0.13269590573361414,0.6153990788286214,0.011102228204084004,-0.18232442268961288,1.1620093298990635,-0.49824158852217404,2.239185959933668,-0.5413165885513532,42.2,1.0,GPL3921
GSM363121,-0.5806993762928035,-0.1573069447013393,0.9831436799309112,-0.3619373077552228,-1.066268113934754,-0.949412553738931,-0.7963981482369693,-0.43860771173443885,-0.3242744566491235,0.3467834295097444,-1.6835925423073244,-0.22742724256524588,0.2629350817632871,-0.712318790506428,-0.35215471381323343,-0.24868919133004277,0.7460317721379298,-1.382502199883375,-0.5663239478732797,-1.5510446466967123,1.4744122717779327,-1.6951146520182423,0.920750405475546,1.5166450657079027,0.15330251130767736,-0.04018252294591746,7.687791289482682,-0.745029601256613,-1.594600581434157,0.12276978849876531,-2.327291054342217,1.8941151577929123,-1.713240253496236,-0.9199393642691782,-2.2755177914158726,1.397279726769975,0.4486838177394482,1.1110688824197148,1.3690174080448365,0.9576365684476443,-1.6360568639577917,0.8867706262562737,-0.20837371041001357,-1.0368726739980139,-0.5813459535554469,0.906689796322525,-1.7460947729791136,-0.5741740686076955,0.8262124677824108,-1.391257727254434,1.845430058753083,-0.8206277155164056,-1.186385516510459,-1.3209630537117172,0.7145987524720206,-0.3664057371081244,-1.7523329615275418,0.9051665638715902,-0.16205292698134208,-0.13868716367063116,0.6445504301658082,-0.7757907857520968,0.5250183941658445,0.017436608939294225,2.693076685130399,51.2,0.0,GPL3921
GSM363108,-0.729501652607064,0.3912101075828541,-0.1270061702281358,-0.05532382086329017,-0.6299457300550908,0.617919253124274,0.22245242519739702,-0.798883037030679,-0.15444052042158415,-0.8169597943629743,-0.03343206226165006,1.1414100505284737,-0.3956449293669539,2.594302982258697,-0.6535394626342393,-0.7844476258921803,-0.21044443891685208,0.22373905184197565,-0.26203562091994204,-0.44885012134221863,-0.668843263680154,-1.504310798620073,0.7244233063241733,-0.6222746336695625,-0.27885750407428955,0.6831997309938519,-1.0545735944060526,0.04649335383185071,0.9050686139678904,0.20919401472883087,0.3506897884157104,-0.8924583662825889,-0.3019473461210384,0.3716726989237739,-0.7598709183624355,-0.13769277321769896,0.20618016030567998,-0.099755332328324,-0.8142042270793034,-1.2438394687007597,-0.14099024721677703,-0.17891657442611567,-0.7068519211775466,-0.7966794273206697,-0.6744113046035137,-0.07148096429288096,0.5665483283485154,-0.9567135899630128,-0.5807724609652445,0.20026008263340303,-1.4093896125817598,1.0535457388279257,1.0048173557552684,0.21396104335691365,-1.1345567998375772,-0.9468958472788757,0.05432340616309514,-0.847639584048763,-0.7624957707542153,0.08705177901379861,0.027970738849741824,0.32353812601154164,-1.655063926845263,-0.122690321081927,-0.606004454024988,48.8,0.0,GPL3921
GSM363152,1.7471603180894522,0.40147646952400295,-0.5000524761520271,1.0586114159184112,0.4897999795952677,1.7002383209734078,-0.3435756711550284,-0.7738005776746114,-0.11362771404132332,-0.9650513669399632,0.03908092795413534,1.9961683602248517,-0.6222439795883137,-0.14567427847075537,0.2087182492393094,-1.1569272994449031,-0.889542548765748,0.07900322089382411,1.5622314161512678,0.4218183350768631,-0.10113019259677901,-0.3298801837382432,-0.7781334258476661,-0.6508500081788113,-0.3021419876616795,0.6760657837163409,0.2582858481400604,-0.8897483505078632,-0.4917457215000826,-0.9549911503702937,0.7675984469656825,-1.420703936185853,-0.31349638791625256,1.3664824519834717,0.029585801358682877,0.06049161237392949,-0.21871941041160645,-0.3322484611201902,-0.3685008891203512,0.0031382070746290036,1.1295984372730363,1.5196678284082614,-0.703186640216021,-0.04307311587050298,-1.6094964984674265,-0.2213354074174636,0.8300139981200165,0.9338536312806228,2.6473661994994457,0.09694671630374488,-0.7683262704709429,0.27490362736119817,0.5748163220673997,1.9650716329704248,0.18133605170224112,-1.0085121159562174,-1.038073467324267,-0.6748870550469978,-0.6525881211233419,-0.6197009854654904,-1.149396049904602,2.6215703144440083,-0.3474453805470988,0.35300373083222114,-0.6814736304108955,8.3,1.0,GPL3921
GSM363105,1.17064888106038,-0.14117409022239225,-0.45510713808890674,1.386322161082724,1.6930257371817874,0.8584346015351922,-0.8397237556120941,-0.796602813452854,0.3800755889457079,-1.5236014713838832,0.9033573789044231,-0.309027081199745,-0.45080949215492616,0.8054277759081071,-0.591370411307933,-0.9103083375036027,0.048673661896170776,-0.23114498828078645,-0.4873260168373167,0.18213993977048767,-0.14736089871105945,-0.39567461594450826,0.43909458889084485,0.5800077901269742,0.17193009817758934,-0.3512226242454634,-0.7160138527752501,0.34183774005888856,-0.7208313817437405,2.928167955633555,0.4671237381008376,0.05228851835209447,0.24085761825403854,0.7042702625404343,0.028210441219796673,0.9817811886377182,0.21447088363674807,0.23689471816229837,0.3670907987306032,-0.14747988297689169,-0.8253210309728666,0.8309267554781578,-0.4356211300246241,-1.0158557649137472,-1.317005395173502,0.17717860616659048,-1.1179243103294672,1.3701383746445381,-0.1368786242899275,-1.7430151411863686,-0.34260080775642215,-0.17175928929413303,2.1802393430517495,-0.5805243167455109,2.611709583627822,-0.7847477718121849,1.303888490793226,0.8560093401719007,-0.6537450437510356,0.669331668554943,0.12381955397312128,-1.0987574716939563,0.11356016954813607,-0.4932891754801596,-0.008411792030454971,9.5,0.0,GPL3921
GSM363327,-1.2444665983857361,-0.4007663850199921,-0.21689684635437456,-0.8753039257164853,0.059042932244682676,1.5775914214526083,1.2552790010108377,-1.241246411128593,-1.2366381605691568,-0.8740974877194498,-0.3940372027941952,0.7028109178680418,-0.23694072565386792,-0.8055640899553353,2.004863232123235,-0.36944744165992077,0.7312498670579912,-0.3671749045854401,3.123172016435936,0.5995390499639042,-0.7261693392618632,-1.1457311430959287,-1.2100530439806865,-0.3894382487793884,0.9729163335838207,-0.5723749898483507,-0.1404622920028849,-1.0758153138308968,0.759102529564851,-0.1907298556691214,0.3544457222765211,-0.6971012768213226,0.07455141640295121,-0.0011945248617201195,-0.2234804641965191,-0.12009338762462018,1.076706110067925,0.6330630096236385,-0.3848071088017754,-0.5730635560294478,-0.7664773011594463,-0.5977456052619903,0.17648079055021498,-1.6268473361492413,-0.18988058803579994,-0.7598233513926109,0.1310981241428373,-0.6121118723784708,0.42195200938167476,0.10432624247014934,0.20935720494902998,-0.11441742837216433,-0.2813234605746153,0.3031379715316767,-0.3519266490675401,-0.9706775650139905,-0.4996556350926041,-0.9852798104078931,-0.6178804422925407,0.22418291242022753,-2.086425511185399,-1.0739138804676602,-0.6059531656472302,-1.345113407977587,-0.16551089389499699,60.1,0.0,GPL3921
GSM363194,1.196358174873838,1.3019830740761287,-0.4056672662194769,-0.013129304318528443,1.3335049974033912,-1.371509026115709,0.2965252378064811,-0.5092946426469935,2.7195709740335867,0.21968121367595053,-0.47438943519546983,1.890088570000002,1.6182859551846722,0.41953569049647205,-0.029145947139600524,-0.2963121632911224,0.3651803353724797,0.3750043187727508,0.04810440462865147,-0.8890757453743388,-0.3766652010378947,0.8412607095332737,1.1864464129937375,-0.545015287774187,-0.5759675146493916,-0.8577328809488519,-0.776202251287393,-1.202813399908524,-0.370107317830884,-0.1280299268355442,-0.23273193796352973,1.2869453237472972,-0.7246422758258846,-0.4262631599771835,-1.5520783583613273,-0.5432438325364763,-0.9400123402146092,-1.3886972383504312,0.21127581066365322,1.9769357360056166,2.2955760465389883,0.3841757892532252,-0.7911533832926447,0.19111529963990703,0.6964560886124593,1.237686972894404,1.095919164833847,1.1994182576760486,-0.6818375755654286,1.2186346935971801,0.122727023582703,0.08477008851467248,-0.06246065899695742,0.8409018717370595,0.954375146703037,1.2161594794467734,0.01075202089579359,1.898142482605316,-0.5218558641939886,-1.0616851769831344,-1.1293679392818072,-0.43005080785279826,-0.3108234443245795,-1.1127977082055607,-0.9494662159445262,4.5,0.0,GPL3921
GSM363346,0.3206840461972468,1.0438574024129783,-0.20341324493543825,1.0670503192273626,0.784762815636367,-0.7033223462588857,0.8905053389170505,-0.6050640329156136,0.5472764408906489,0.1450523897001449,0.019482822490408662,-0.759866189655353,-0.3277500828586815,3.269972767496169,-0.7440900373921188,-0.9766403341636762,-0.7773739749238694,0.5458578936513958,-0.4712338457003618,-0.686898051374402,-0.030859519303070775,-0.31672129729699017,-1.4541530705922268,-0.8127771303978876,0.4196770035474236,-0.04731647022342983,-0.9755763213588655,-0.23408381308383552,-0.6701487135482419,-0.8262021073607838,0.2355078166841871,1.807376610072111,-0.6299401331051258,-0.3979252509694858,0.7599020351076626,-0.8072346164326614,-0.8550324260711522,-1.559812181141244,-0.017011264876298938,0.16076178968668636,0.12489623564387159,0.42140503643863625,0.12516685708885195,-0.2187144275033108,0.3404441901587414,-0.7746441204928449,-0.29703358923585227,-0.15527748530538418,-1.183199810738889,-1.82664977107228,-0.45645761755216635,-0.9021135178792031,0.5490677571759112,-0.423789109650475,0.6858255851642994,0.28651051343774864,0.3904455210822838,-0.18050583383869245,-0.9163664802374366,-0.7241316178288472,0.012234366217545067,-0.1940366912029777,-0.6253412495297389,-0.8288562973730849,0.006990080701362565,14.3,1.0,GPL3921
GSM363174,0.1531841016550163,-0.6647585492209412,0.7674060572279382,-0.6432340847202976,-0.04113312527870914,-0.951005370615825,-0.8914349644146613,-0.18094244744029406,1.3766979899088623,0.5928253335549788,1.514818269372653,-0.2804671376776717,-0.9574747842229077,-0.045256263679624494,0.9196078361444597,1.12897535468688,-2.3477340087101757,-0.9232652024388646,-0.7287085838916468,-0.47330710045511437,-0.34337909263561245,-0.5272634803570384,0.015682478387717375,-0.4783394139192737,-0.793910281027366,0.12817863280337854,-0.5655428564948931,-0.4467317711673037,-0.5181007089617423,-0.5262592045623189,0.5635260405283086,0.31172273315665594,0.09072007491625059,1.5007146525462494,0.3968069584415033,-1.4974366079525427,-0.8591777877366871,-0.6633186765198076,0.3652789965437792,-0.39442349573578195,2.8578605758672437,1.9958919486549767,-0.10574584348728584,0.29920226064471195,-0.011136024911733808,0.34350057051365435,-1.536298035938843,-0.4176806280532471,1.751651850493896,0.2100994508552742,-0.5628889832307965,0.08175209583456787,0.33406724033197566,1.1381582989862673,0.03555200400978222,-0.35991981408945656,-0.622589186382492,-0.6734825629412918,-0.5889573766002053,-0.6513466316362041,0.706065341364395,0.7231058849011516,1.0592678167061162,1.1716400062193597,-0.539776401278171,67.1,0.0,GPL3921
GSM362976,-0.7715714061199966,-0.8466198178927062,-0.29330392106167696,0.8785814786607625,-0.44517655728972394,-0.3385672814502738,-0.26111725711850187,0.1428493006107573,0.652599812194549,-0.6723664479098502,-0.6213752261734103,-1.3575850076530578,1.125199632418345,-1.3392141114167782,-0.5886674090763548,-0.19766457851460073,1.406869881593961,-0.46293996566391643,-0.14939042296125468,0.6027999805122913,-0.5689849384733056,0.00731628131886514,-1.6125235972410008,-0.2603198898857464,1.8390991230347449,0.40782936608186904,-0.30974216281828615,-1.595621433590486,1.3814856950055887,0.3574708734568852,-0.20644040093785593,0.7258797628145406,-0.6645872584907703,-0.1801707922787574,-2.1173513754438713,-0.07800790033682276,-0.22079209124437346,0.6628221301089958,0.5011641605556555,-1.5485783950840717,0.4365500639149573,-0.6985748163891444,4.039686923998606,-0.8372120376974717,-0.3686251511598647,0.1952928795113204,-1.0203444326363182,-1.90199720058483,-1.1396030946368485,-0.6483854265030801,-1.0826700714287563,0.252268682260423,0.06241988072676561,0.3436729388838404,-0.8909439832988643,-1.750069314423881,0.6580983162957111,-1.1762907367838293,0.5725929416039648,0.735787525513443,-0.1036425595286291,0.7438088775897319,0.7512127061284584,0.7752282962909032,0.21183498803454018,67.0,0.0,GPL3921
GSM363190,0.719567635060605,0.3472114135493635,0.13367679053795556,-0.03282007870608408,0.9483837095912397,-0.16415383343043521,0.47541806825860616,-0.42036592311184445,0.17732809918570053,0.34328520338587837,-0.05107035717900181,-0.15194739182833447,1.1744233961368424,0.3908448291275779,0.015453589681444333,0.36700780330961946,1.0634079694424714,0.23788616313765953,-1.0242193629520995,0.7430199940928917,1.113812764086537,0.4152417609977086,0.887374798619813,1.6880973127633936,0.3162938964194103,1.06843288397953,-0.02384726988560778,0.14395700128677463,-0.31942464963538353,-0.3101986389871539,0.23926375054499668,1.4252581430858735,0.18542221763700942,0.2389319672561374,0.3968069584415033,1.4278873538883725,0.31395956360957616,0.4210292761654551,0.490293347434705,-0.3243685701304245,-0.7926300699654106,0.18717102289709228,0.20946831920395012,-0.6585683104811973,0.7392956946504584,0.11460202552116007,0.7470711020808405,0.8295246709109897,-0.2537970901999443,-0.32614611723676334,2.090469714617836,0.3714793931245133,0.5464929006867614,0.19504472525923772,0.2753283982407986,0.5783770492777917,1.6586840565412577,0.7928071954151572,0.05082083651424317,2.122921682663091,-0.6343874910327145,-0.3223952458721772,-0.020002186086932317,0.1004065017150176,0.11634337709727036,4.8,0.0,GPL3921
GSM363069,1.1597419079273974,-1.2074091089673364,0.20109479763263513,2.460875849089314,1.2477988148556005,-0.48032798349379535,-0.3156236663968845,1.0230156016509373,0.42088839532596994,-1.38483850180387,1.3854707733120661,-0.15602738376006078,0.40042214594253767,-0.378070255558803,0.5046969935971565,-1.747111987676845,-0.39391396667372497,-1.1420013078567472,1.2637947877931874,0.4022527517865474,-1.0516335103064038,0.3872791273100454,-0.04583334601304572,0.35352148846107695,-1.1217558099378238,-1.2757821914110858,-0.04641791932766217,0.7464595491899333,-0.7532682893888604,0.406614060921041,1.1769952377940331,0.24764560781336073,0.3424891860519242,-0.5560209538545351,-1.6002159632223714,0.41554008694734984,-0.730671576105117,-0.6316996110041148,0.7620636754584574,-0.7166761535204333,-2.089371523261188,-0.13548245270980347,-0.8424673167540094,0.5048677281121885,-0.4823716913297245,1.315084322640067,-1.749754018392607,0.2810072580585312,1.6704034250310043,-0.3335256434031678,-0.6643700528313504,-0.15063334053340885,-0.11910750175823309,-0.7372595238405468,0.5899150274718932,-0.3069514427703373,1.0191183656533582,-0.09764079960207356,-0.28352980288914825,0.6988676049809427,-0.9419620470256477,0.16412508230946976,-0.8903117292573739,-0.882325783828551,-0.4473651648872637,13.6,1.0,GPL3921
GSM363247,-1.0434666649350595,0.7974647158254257,0.45728322459241505,-0.21566298373338325,-1.0985470658034024,0.6601289003619517,-0.6971685313455567,-0.21058535395200972,-0.644194196984719,1.4055798696664856,1.14833369720099,-0.9332658467536634,1.7294637663419683,-0.08255438345918743,-0.025091443792232593,0.6340366103770972,1.7016384593644807,0.8168294869302657,-1.2977862722803406,1.0153076948831286,-0.679938633147582,0.8083634934301419,-0.9738061013352013,-0.37144634631060275,-0.019934046582507445,0.2408949997880773,-0.7310609524032858,0.45997549454970427,1.2841749720702291,-0.5152443521996635,0.22674397100896176,-0.9205897871650116,1.067769010791388,0.07188745100023594,0.17124789566404006,-0.3626588325379267,-0.6871452786170049,-0.39362664712124357,0.2964305134444283,-0.788482452265927,-0.4286707040823943,-0.30611650230960447,-0.4099641632939418,-0.5354692715590588,-0.1529498931754553,-0.7911116417153262,1.7009144065313708,-0.7496364110475308,-1.0504279935190395,0.12892466302482944,0.2935122382763182,0.24623269690021649,-0.4680005560379113,0.24638901723864653,-0.14667805560578973,-0.4842333386139194,0.027869350822232547,-0.4459548418170153,-0.6630004247725828,0.26743196218687,0.03083189751014089,0.7872851622357514,0.7770634846384724,0.703321055885275,-0.5520978994636252,52.9,0.0,GPL3921
GSM363076,-0.5783621677643072,-0.15290707529799,0.4527886907861036,-1.33663063993921,-1.6773420648274455,-0.7550888947579241,-1.695055101211315,5.4284075540074825,0.5011974659451937,-2.0996427064471326,-2.424400928836143,0.5538912123600821,-2.142239855792259,-3.3002344859807367,-1.5576937090972536,-1.7675218328030209,-0.882586358139895,-3.0573025294262712,1.2140553497335076,-0.5140687323099402,-0.6910340026150091,-1.356273326155977,0.021572291362258782,1.3832933179980762,-1.1282754653422926,-4.186432680636195,-0.6595872291701158,1.0093160529319964,0.6394914326234713,-0.6304766538397516,-0.35292182150946766,-1.770002412142597,-1.1866039476344605,-3.1541597691918573,-1.4365481066948227,0.648158053047177,-0.11094000710770933,1.1426879479354077,-3.14780544370992,-0.6763945712973525,-1.3745291758981388,-1.9379985039367866,3.8967409664990935,-0.8237011675718718,-1.54006679212998,1.2063986825716888,-3.5574212526581888,0.38059399295681584,-0.243888745631299,0.7340458086699695,-1.1965268812244994,0.5887748660919724,0.6031397434480382,-0.4481100900617735,-0.060358553682623974,-1.0333748208611104,-1.3384048014881709,-0.719830802429571,-0.3668282320830729,-0.8201234112133476,-0.5886089524663245,-0.5294251727579861,-2.542607322355713,-1.4243957499632787,-0.5736605212881706,23.0,1.0,GPL3921
GSM363376,0.6603583523387004,-0.692624388775486,-0.540503280408834,-0.7023064078829646,-0.8202802393495359,-0.5854538973687662,1.8073310949841912,0.053920581075610284,-0.7600499054190091,0.5904931828057342,-1.524847888051148,-0.6374664317036044,0.38599449105953026,-0.3407721357792401,-1.2157639268025706,-0.571845072494507,0.7860298682365838,0.16606236732880256,-0.051374471490708264,-0.17167102472940235,-0.16585318115677164,1.096214134332551,0.020917867698420654,1.3938767900385383,1.4022822109353008,1.1469063040321674,-0.17808004107297498,-0.33745434826329956,-0.1775131786879837,-0.0560097383104892,0.8264414107850486,0.6375783583780479,-0.6668970668498119,-0.4993451358391409,-0.14370957614107407,1.1746092394836272,0.5191549660535344,1.0664302016916765,-0.8431930620685036,0.35516420824155853,-1.1783834098533994,-0.4069457134367585,-0.6518727067546579,-0.42137747938731956,1.7615373283847835,0.9017495399557803,0.4836054323093372,-0.20269974001885369,-1.4923401612806269,0.7955418600566719,-1.3153339870983187,1.0022398632661662,-1.046055837851843,-1.2912374109867961,-0.3058895813751849,-0.6107088374779378,0.5413892486154371,0.21556093997023365,-0.2754313444952948,2.531150518265306,-0.405494798200764,1.0874785562201734,-0.5520973770847022,-1.018765163059742,0.4998500081195347,61.5,0.0,GPL3921
GSM362959,1.0483349680690766,0.43520880161634595,0.10670958770008494,0.20206273005975525,-0.45408109573624766,-0.6563342483905272,1.274845404341538,0.8246361503802218,1.7045169830922506,0.6651220067815398,0.8817994628943251,0.6028511155407815,-0.23524335449116054,1.4165431230655663,-0.9968207460447107,0.4639545676589577,0.09562794862067696,-1.249737001570033,-0.7799109466001413,-0.5271124545034845,-0.43029282013046266,-0.6555626231592542,1.2316016457985526,1.0594390735599235,-0.7082233814257687,-0.15717925829712262,0.2733329477680961,-0.012575523413558437,0.28674006198279417,-0.09413807341198886,-0.9739028864968126,0.873569722447258,2.1510691311824983,-0.987055464550567,0.8080396399687054,1.0146843877899965,0.005130119527256774,0.35035136501272895,1.5610684398482875,-1.560838007065009,1.7877764522231634,0.9193462175435082,3.9040715284221448,-1.1254439337102848,-0.24896969981235054,1.1207675722147852,0.29088517386536883,-0.531494039365573,-0.6362591905496601,-0.4245397994554881,-0.5158611704890761,-0.21099319413547946,-0.6752765034143997,-1.5425542085702164,-0.8794347163757759,1.8485369737668655,0.46202708259285213,-1.0091561762048857,-0.4038497561692616,0.12291684467394139,-0.17087978804801537,-0.676416420846909,0.4517745217208078,1.1402958245040857,-0.16551089389499699,9.5,1.0,GPL3921
GSM363226,-0.13351347784052284,1.929697775620607,1.2932665125664344,0.691519121978987,0.20596781661232388,-0.016818272317786678,-0.9361581720276926,0.6262566991095082,-0.5059572721483508,-0.9452280855713905,0.18214709783932947,0.821130683888065,0.5777974324453987,-1.0881690744389492,-0.5251468566342589,-1.1042018662022806,1.3060051175190934,2.4840121411601013,-0.8574459529872897,1.934890109528002,-0.6022710468755886,0.7014475410949605,-0.4947679794058515,-1.5991291030042485,-0.7445471758220984,-1.298610822699126,-0.23450666467810763,-1.123070415627223,1.5254244726808075,-0.28393245258389876,-1.3482442946242652,0.16168848845040332,-0.4890418232035104,0.2270002160950016,-1.4613045891947878,-1.7009773282898912,0.6849694326749145,-0.22623159439110013,-0.6638246455728287,-1.4084685438733537,-0.13663145241578137,1.6499701935571995,0.14715854285800706,-0.7261226611092002,-1.622791548617151,-0.5210442936666274,0.5982617885987886,-1.8087334329816738,-0.16660365799586502,-1.3789585169770961,0.4865737853212754,0.27490362736119817,-0.2735988911071683,-0.056272072324182555,-0.8429887044526612,-1.906812454041682,-0.5012117559950082,-1.0091561762048857,-0.4269882087231301,-0.3412192991632034,0.06087406344433424,0.2531479508703674,-1.5968996751977331,-0.3015365343984873,-0.5305352776390806,60.4,0.0,GPL3921
GSM363010,1.1028698337339884,2.0968928129478743,1.3786626548863616,-0.0890794340990993,-0.06228140408920314,0.9627641069717168,-0.5993365146920504,2.2132923092752224,-0.17682173682366337,-2.1917626610422682,-2.153947073436733,-0.8394260323239889,-1.7942787674373635,-2.7737571798615175,-1.1873824033709963,-2.197829400879912,-0.7191158784323507,0.9158592660000537,0.9009894748872849,-0.18960614274552595,-1.077522705730402,-2.264236490602435,0.9096252031903019,1.919875350449523,0.8406604668074427,2.1099891864963567,2.6771071133467985,-1.3829734755070175,-1.055336991834039,0.07955767538373215,-2.1507621628841207,-1.851270961358484,-0.19569616160506545,-3.1586341758772836,-0.9537966979454977,0.9473476081295202,1.4933149574541413,3.5717761575528257,-2.153126043142989,-0.5222737349655627,0.7830742505939968,-1.8495790418714348,-0.5822323684856637,1.144382247390616,-1.9876668138373503,3.373524475450264,-0.5312252956994098,-0.15527748530538418,0.7251473531822268,0.44132460406927065,-0.08271026365744343,-2.457888744472606,2.0914067941761134,-1.477698260806753,0.01445168131745255,-2.177059246486166,-1.3010578998304834,0.037190442545646685,2.2929368889840465,-0.45092420588834675,-0.9777265302806404,0.4208421916478725,-1.7067654838652893,-1.984903470048167,1.20217540469043,62.0,0.0,GPL3921
GSM363220,-0.7123621233980921,-0.5826276536917571,-0.3787000633816043,1.8532748108447499,-0.05560300025431009,-1.1604607899273203,0.5970092889565344,0.6171358047982121,1.017281985334303,0.30597079139797556,-0.2666495172799813,-0.8067860968701893,0.24681005571757234,0.7121824764591972,0.514157501407682,0.6595489167848175,0.1573641404251233,1.1476542433831838,0.35531858087961704,-0.3151519688583898,-0.4691266132664589,0.19812013471703313,0.27025328362066425,-0.1132096285233178,-0.5498888930315138,0.22234673686654488,-0.2119360152360549,-0.17796837970069776,-0.09236629611954449,-0.07126107235108892,-0.550734338178823,0.6641469225447807,-1.2535883900467037,0.2016452448775888,0.5453458534412952,-0.38944050626652527,-0.3720977920363826,-0.5945007103974153,0.1949695909822275,0.4462356115285245,-0.26739529644560883,0.9193462175435082,-0.05809719098744674,0.3172167541455134,0.01249961979888644,0.6695574907187901,0.3640700821352311,-0.7116986072767554,-0.5926624744476195,-0.34828469573597676,1.7117720646450356,0.36846140044441134,1.2249675855775024,0.2193657056705374,-0.5245656529138716,-0.3296521733356748,0.4137873346183381,-0.6285388155587186,-0.033634515307375275,-0.5268737566980614,0.5372569804008311,-0.5687608588662898,0.22558020975819207,-0.4066317319144028,1.5517979157026947,54.2,0.0,GPL3921
GSM362964,-0.15766463263498376,-0.3010360118774113,0.19210573002001025,-0.6741767301864563,-0.23035456726733836,0.2428108786158544,1.2818334055310752,0.5008444023291724,-0.6099641013109518,0.7619062628751628,-0.8545926811917417,-0.8373860363581267,0.4063629450120112,-0.5889480866201801,-1.488767152192001,-0.2571932934659495,-0.13131777054777524,-0.15496823515018007,-0.7301715085404614,0.3060553006091579,-0.5504926560275935,0.15699861458811837,-0.8075824907203726,-0.3164122917001974,0.11604733756785263,-0.9533277744675199,1.0520203535189425,-0.9281431207173779,1.4017587622837882,-0.8982222958858388,-0.20894435684506268,0.6133540792848512,-0.9463838782940011,0.559597779711662,0.22488694108063254,0.30152667593131627,0.38857607358919816,0.08065933561416332,0.5102231714897804,-1.0091554679228065,1.8030322340266425,-0.1432385458734306,5.091622559956564,1.0993460136386148,-0.8147479450728222,0.11460202552116007,-0.031128422522021627,0.8801084092720234,-0.023923496207370252,-0.9337271049373745,-1.3425606155277359,-0.31511394159905476,-0.4718628407716348,0.04101184932101371,-0.46893752945227596,-0.7177265672859536,0.7374604823182975,-0.666460102412765,0.8456266817396073,-0.28425713605591724,-0.4541344954275532,0.6485751112222599,-0.6361124072422442,0.281096490426593,-0.740000746791803,67.4,0.0,GPL3921
GSM363348,1.6443231428356178,1.2403849024292408,-1.3585084331576056,0.5157086363758147,-0.09567342326366741,0.4952723536034737,1.2524838005350223,-0.575421126403898,-2.0305130717723032,-0.23275603167737072,0.6603408711542277,1.0842901634843252,-0.13934188379822635,-0.38667751396947175,-0.6319154447816112,2.557664513519246,0.5051736717177702,0.9604770785479796,-0.2752019427592696,-1.118971349035557,1.0990189381299669,-0.6769458136262901,1.5195480578872336,0.7070094546125231,-1.2670509875231397,1.9073850838150017,-1.2200916903144454,0.2857223066757508,0.017108267182735504,-0.43898768199666416,-0.48688346254504333,-0.22511854868290326,1.067769010791388,0.2016452448775888,-1.1037109530841769,0.01075421830653267,0.28908739361637004,-0.19647247390574124,0.31998394187315327,0.2675955512348586,-0.7316069427514926,0.18251736699891571,0.6199797868948593,2.0345984678885225,1.473477908474099,-0.22792241590645548,0.09328592153674356,0.2272620360499332,-0.40044058981589675,0.3921277629599104,-1.0108907782966572,-0.466013575604234,-1.412972887555564,-0.6318686087249197,0.04706127093287144,0.8118702779498249,0.08855806601597581,-0.2956741865065366,-0.6572158116341159,-0.2821474263112032,-0.2924790311149889,2.2986036285021485,-0.30866921278207954,2.099059029912447,0.05781626071636208,14.3,0.0,GPL3921
GSM363213,2.5605088860061436,0.3604110217594102,0.44379962317347876,2.351170106072934,-0.09456035595785157,2.2505565519401123,1.2958094079101472,0.6330973698429814,1.2292452700834022,-1.9189010233807289,0.7994874199466789,3.148766080937149,-0.17753273495912944,0.6361516938316274,0.8817658049023598,-1.4324602086482876,0.33561652521260393,-2.0963872006501982,2.0596257967480693,0.10876900243179964,-1.48620214778065,-0.8726842494399297,-0.48495162444828305,-0.49633131638805933,-1.0509709798321563,-1.1744801400704086,-0.6934432033331974,-1.309137378950257,-0.7958417306730818,4.122008492478292,0.9829386549854885,-1.6277824510147956,-0.4405358476636102,0.16883292918446496,-0.6512174673903655,0.32371720559215494,-0.3700251112036156,-0.6819181268231581,-1.5932791674140598,-0.38741800317524683,-1.5314457887339306,1.7182238133971204,0.3047656242036251,1.345544091482892,-1.6848351159825288,-0.8965037775392083,0.4982424139633101,0.5892519136960808,-0.4262022856943765,1.3121086917049671,-0.4960599861767728,-0.5067564767856314,2.5935038095601506,2.2515187355923874,-0.5092199636830865,-0.9966212570886609,-0.3938394137291565,-0.795673376137663,-0.5797019955786581,-0.37708436482334623,-0.6572767603159096,-0.13606831167495057,0.21050058896068513,1.5090509035073016,-0.2825651266568129,57.6,0.0,GPL3921
GSM363198,0.9797768512331868,0.37507725310390705,0.7224607191648199,-1.443523415185939,-0.1346307789672089,1.191333328805934,-0.6664213261115973,1.4425767399706086,1.8927825092979718,-0.15696113232694375,0.301695541168054,0.5681711841211188,1.0055349654475152,0.5228227914244921,-1.0535837929078593,-0.17045145167969852,-1.316478748427474,-1.1224129999088774,-0.8852415213147582,0.13811737736727542,-0.7002801438378652,0.4958399404503824,1.7525228822135293,-0.6699002578516444,-0.47072164883438633,-1.886448078366158,-0.33231281226034054,0.2798154189512107,0.46108844057531206,-0.44915523802373114,-0.23273193796352973,-0.46345419782564856,0.6312152309322839,-0.03549830944998643,-1.4351727465559354,-1.0888247859219258,-0.763834469429393,-1.0222880673744499,1.0102805750534833,-0.07742495737153424,-0.17804000302522666,-0.36816524761862285,0.29743506228057387,0.24515878014231016,-1.457342035642809,0.25951621227899807,0.2786876891537255,-0.4651028827667166,0.8599008393158043,1.0907229067128419,0.30341283043246875,1.5696224871256415,0.16283928380357263,0.4814918278812004,0.006778836702060871,0.9340218281347321,1.5341943843489672,-0.82095423404036,-0.3853389941261673,-0.8338365245539905,-1.017782751526231,-0.7323145011060773,0.8696954409660198,0.9135114509171076,-0.3380118684913572,57.9,0.0,GPL3921
GSM363184,2.8690204117676483,0.00842146949147797,-0.4865688747330908,-0.042665465899861275,-0.36837491318845683,0.6999493222842891,0.7325765120335346,-0.29039317917586055,0.5222621402059736,-2.4238116605920386,-0.45675114027811636,-0.5130266777859935,0.08640848084177902,0.7279624502120908,-0.9576272136868222,1.2497336050167596,0.8825470131702943,0.4566222685555422,0.8029735234167384,-1.1727767030839273,3.8895043591879945,0.18002666586031152,1.6353810463865432,1.510294982483625,2.9222932995201476,1.5892110352379445,-0.9492438970098027,-0.8040984785020221,0.17726549868051417,0.3955992085583856,-0.396741049885591,-0.3501470859381138,-0.09637440216622138,-0.9631919622282954,0.16162037469183174,2.162470404729932,-0.9027040852247992,0.4098696059834468,1.7386250541571386,0.05042528185824652,-0.9299321061967277,0.5486049643221237,-0.6701991115622875,1.5121781563652992,1.5163175145120982,4.644817113825842,-1.4216416796493938,1.4412717567147417,-1.37542169537061,-1.711037194465284,1.3256489705551235,-1.484586105139197,0.3984386525606995,-0.09950937083315814,1.4089911901650443,0.2508379368350773,0.2612874861827806,1.3335366561117417,-0.3888097620092476,0.9910624046238724,-1.233800230386384,1.3069302787191295,0.13510248497314656,0.08196874776485721,0.04703494980409008,16.3,0.0,GPL3921
GSM362960,1.2477767625007554,-0.5826276536917571,0.8348240643226178,-0.18893978992170085,-0.2871209998639273,-0.5902323479994468,-0.1590924397512751,-0.5298166548474109,-0.10967808761742692,-0.5009533678404225,-0.12162353684841402,-0.3069870852338836,-1.3113766716472768,-0.687931558342867,-0.19267758215010153,1.1953073513469552,-1.089533029259021,-1.6687091437883663,0.08467752084900504,-1.1352760017774872,0.03201424101235161,0.4168866218028643,-0.017038704804177976,0.11327667314257857,-1.0034706333138796,-0.9219384064464645,0.8827404827035412,0.161677664460395,0.0779274690173339,0.36001276246365194,1.8755989359047964,-1.3355282451807409,-0.7523599761343982,-1.4151070374563142,0.9125670105241156,0.21582531999980098,1.161686024211383,1.0217915209636381,1.1244241128234587,-1.331408125707458,1.1078044632680657,1.139619263390524,2.540587010734478,-0.14515524570837496,-0.7379320997633058,0.6580302258630522,-0.04332590723366497,-0.016172204812541377,-0.9117111695580026,-0.055563491135277865,-1.4663180174796318,-0.9700183531815338,-2.2176155404146005,-0.8291387831721205,-0.32315348175981873,-0.26371195597921987,-1.0691958853723393,-0.9557854761880796,1.539780258355645,-0.3549324125038462,-0.17231036737821426,-0.17954459632097,0.1243313272606413,1.3136107116355975,-0.8478138559145285,66.1,0.0,GPL3921
GSM363145,1.4503348349704301,-1.0534136798501164,1.3157391815979935,-0.7065258595374396,-0.9983710082800107,0.5741167890097022,1.4313766309871474,-0.6301464922716812,-1.8448806298491796,0.5275251125761489,-0.4841884879273323,-0.5395466253422055,0.010026778519972815,0.6447589522422962,-1.0360142784025992,0.9673974141046486,0.1660593787074393,-1.010324348873843,-0.5048811126230861,-0.7733127109066329,0.7587609411288568,-0.44008585768373737,0.46658038277203695,-0.03806697703603454,0.5537956290107927,-1.2058695080914628,0.6118926893988986,-0.13366672176664288,0.06981824210605483,1.2539103965099236,-1.5911280176233478,0.2023227630583471,-0.7154030423897121,-0.8945843930517641,-1.5218204353058151,-0.4131614172832837,-0.749325703600022,-1.3273190523493779,-0.553304712176503,0.7509745379118365,-1.801691066395571,-0.6908187232255173,-0.25235708194832546,0.7946008319167341,-0.0554528587441471,0.289157750479466,-0.11529106703236355,0.20197016686941632,-1.044482986777852,-0.7812168974983561,1.0187306137144243,0.16927388355757456,-1.0112952752483337,-0.3400168437893345,0.9428658797799477,1.1102227368085358,-0.5619004711887501,2.0498276300215013,-0.7624957707542153,-0.7019796655093471,0.5558545116934269,-0.349309136367332,-0.233271108794541,0.022967935124342666,-0.35033336667681153,33.0,1.0,GPL3921
GSM363050,0.5777769843318333,-0.7688887917668714,2.1247552667341423,-1.1692590576449904,1.158753430390363,1.2192076241515706,-0.03191081810171732,0.6422182641542796,0.027242295077643197,-0.10915204196744287,-0.07654789428184458,2.3633676340800966,-1.044040713520955,-0.7969568315446679,-0.6697574760237098,0.799016191813691,-1.0547520761297562,-1.479355500292289,0.2719318758972128,-0.9363592383259367,0.4240506288614593,2.4663831850280205,-0.09687839179240283,0.46464794488593336,0.11232182019386974,-2.217463232042739,0.792457884935327,0.7966680948485283,2.338374470536623,-0.467795757406686,-1.1016046377643718,0.10776993175909388,0.293983210512024,2.3165481381889097,1.6057485205231459,1.2702580742286218,0.4362477327428443,0.6498025148966519,0.13518011881700304,1.1345252556011756,-0.6967365843435389,0.12201984032262328,-1.1027022650223535,1.2119365980186187,-0.2504469276067635,0.040498180019993106,0.2359964926629727,1.419141371181789,1.5435766145523424,-0.7984357918866317,0.3504406431741892,-0.3739647988610744,1.5828726375692004,3.186525315848984,-0.9312264175296757,-0.21614852050899117,-0.5292219322382736,-0.693145452421168,-1.0563541181883376,1.2146916375635881,-1.2709952929715769,1.4207967385063232,-0.1837237833170146,0.2276270039711269,1.3746763792867902,54.2,0.0,GPL3921
GSM363241,-1.195385219287315,0.29294635757472287,0.16963306098845107,-0.6094784714844885,0.16589739360296754,-0.6690767834056753,-0.2695028585459456,-0.5845420207151941,-0.85352439745122,0.7199275493887727,-0.46067076137086277,-0.9210258709584881,-0.5297372512207927,-0.8141713483660041,2.10487431469164,-0.0020702293887423766,-0.44086825339823194,-1.9059453178236823,-0.586804892956677,0.5245376473510255,-1.112658042377256,-1.9089465566886035,-1.9508606314451997,-1.246699484056849,0.03501733468373332,-1.1887480346254333,0.6194162392129172,0.533811591106465,-0.7573229028445018,1.8673529434762743,0.1516252937927511,0.4844184002404154,-0.6299401331051258,-0.07725943851396114,-0.516432173779443,-0.6763870105015092,0.12741828866052396,0.3410516398610545,-0.23442752729530061,0.48476582061147233,0.6479516117631756,-0.9917551379742562,-0.7764922594465408,1.7433641562922426,1.1913273997410703,-0.32508079111909705,-0.6946715908354345,-0.2675101547939287,-0.509432380070998,-2.119370975672979,-0.06043393130610145,-0.467522571944285,0.2812826823044235,2.95142250520643,-0.17161480060581524,-0.21398654616943552,-0.22577835626956141,-0.4656177312968914,1.8024016948420465,-1.0289846759400632,0.7175099760059925,-1.7177769530825222,-0.5607143032547075,-0.047095529886268764,-0.14548845934363325,54.2,0.0,GPL3921
GSM363122,-1.1252689634324275,-1.0768796500013118,5.005751436580091,-1.869688032288029,-1.412432046043364,-0.982065299715248,-1.1220390036693535,-0.70995431749553,-1.5644571537525451,-0.5184444984597516,-1.9932426086341857,-0.8292260524946768,-0.3846120168093597,0.47404832709737255,2.413016569091591,-0.09901699373808058,-0.13479586586070136,1.3522432375053826,-0.6804320704807809,-0.716246426309877,1.1877818938693872,-0.4483101617095203,-0.4293256130220608,-1.1313396388158081,-0.07209128981826207,1.8617278212389214,3.1285201021878697,-0.38766289392189723,-1.7648943465710365,-0.7329995104460064,-3.2637705636376495,-0.09696429799631281,-1.4014161250254482,0.5148537128574038,-0.7406158764180176,-1.1117805062607247,2.6933971596263806,-1.0390275726474631,-2.1893620868794885,-0.2350485399835916,-1.2088949734603576,-1.13756968945045,-1.3409455275215425,-1.3746444271380298,0.7540679725945958,-0.002317375158458654,0.2921049223365325,-1.07843071039425,2.054847194294448,2.136155780286766,3.1349821870918304,0.7004405952558052,-1.9923155976140707,-1.0750509184419181,1.2593707201648894,-0.27344084050722167,-0.09817644227246235,1.7071315562293812,0.9798297065520409,-1.4857368356707072,-0.9448232056860467,-1.0677029826610858,1.1820590146286774,0.07459364618479207,1.7350802012113282,55.4,0.0,GPL3921
GSM362971,-0.6905481771321268,-0.4212991089022885,0.8348240643226178,0.24144427883486527,-1.0284238255370284,-0.7670350213346258,-0.60492691564368,0.11092617052121656,1.625524454614325,-1.3486901651905885,0.485917732527073,0.44577142616936927,-1.7569366018578139,-1.6275572681741715,-1.0279052717078632,0.03534782000924855,-0.21131396274508477,-0.2801157581504617,-0.011875505972726776,-0.9053803981162688,-0.11777324679791931,-0.06834731571834006,-0.18718885740203425,0.17889419979344617,0.506295282492516,-0.869147196592872,0.03634112862653503,0.699204447393607,1.8214112549425256,0.5201517698899508,-0.8236655320643901,-0.2563756829967059,0.8159998996557143,0.5521404352359524,-0.6704725093347821,0.9022013581298826,4.699752205745079,1.7434501927335906,1.1334831237575835,-0.16324224123809802,0.8702501466138811,2.082760192087602,2.2620256576585027,0.4132940528164498,-1.7261974942261147,-0.31026002201886455,0.08108843682510021,-1.1780174452925347,-0.03779517860347325,-0.4638972723429728,-0.9490120773207098,-0.7059439936724695,-0.04572409181748959,-0.3913611357687433,-0.5360749198369608,-0.7285364389837328,-1.408430242096335,-1.0864032420186829,0.14106080147432848,1.7853681235088037,-0.8690025011854632,1.6257563661232732,0.8481531255410093,2.7720370490933144,-0.21017632481726867,48.1,1.0,GPL3921
