pat,ADAMTS2,AFG3L2,AKNA,ALDH18A1,AMPD3,ANKMY2,ANKRD28,ANKS1A,ARHGAP23,ASF1B,ATP8B2,AZIN2,BICRA,BMP1,BRWD3,CALCRL,CCN1,CCN2,CDK2AP2,CEP19,CHAF1A,CHD2,CHD4,COL6A3,DAB2,DUSP23,DUSP8,EME2,EPS8,FERMT2,GALNT2,HSPA4L,INSIG2,JADE2,KIF15,KIF24,KLF7,KLHL18,LIG1,LOXL3,LRRC58,MAFF,MAFG,MBOAT7,MCAT,MCM5,MMP2,MXRA8,NEDD4L,OPTN,OSGIN2,PALLD,PBX2,PDGFA,PIM3,PKDCC,POLM,PPFIA1,PPM1M,PPP1R10,PPP1R13B,PTPN23,PYCARD,RALGPS1,RHBDD1,RNF217,RUSC2,SAMD8,SEMA7A,SH3TC1,SHTN1,SLC1A4,SLC7A1,SLIT2,SPTBN1,SRFBP1,TAF12,TCEANC,TIAM1,TLR8,TRAF3,TUBA1A,TXNRD1,VAV3,WDR19,WDR35,ZBTB2,ZBTB8A,ZMYM3,ZNRF3,ZZEF1
VENHQS00Ui1BQThJOmxpaGNfdGNnYV9wYW5fY2FuX2F0bGFzXzIwMTg,-2.7631,1.6928,-1.133,1.6285,1.6064,2.5562,-0.3338,-0.0318,-0.0803,2.6986,2.5635,1.5565,2.793,1.8022,-0.0462,0.5316,-1.7523,-0.8267,1.3043,2.4182,2.6512,0.9253,1.3027,-1.6935,-0.1525,-0.3671,0.3974,3.5738,1.1786,-2.9657,-0.5848,0.8558,-0.2087,0.2621,4.3356,3.9466,-2.2007,1.4858,1.1932,0.247,2.6303,-1.7131,0.974,0.2064,0.6827,1.8583,-0.7802,-1.1082,2.9252,-0.9254,-0.8181,1.5724,1.8349,2.1207,-1.7606,-1.4601,1.6458,2.2388,-0.9803,1.1066,-0.6471,2.1716,-1.5301,0.753,0.7149,-1.4054,-1.227,0.1415,1.0051,-1.2254,1.6812,-0.3377,-0.0919,-1.3105,-1.4213,1.7871,2.6032,1.7896,0.1037,-0.5652,2.6305,0.4674,4.5282,-0.4836,1.0367,3.352,-1.7899,1.2908,1.015,1.9846,-0.2357
VENHQS01Qy1BOVZHOmxpaGNfdGNnYV9wYW5fY2FuX2F0bGFzXzIwMTg,0.4153,3.792,-2.5232,3.96,-1.207,0.4008,-2.0166,-0.1643,0.9256,4.3237,3.0338,-1.074,3.5691,-3.296,0.5526,2.6175,-1.078,0.2573,0.6476,-1.0889,3.1237,1.4765,3.9466,2.7472,-1.2686,-0.8457,0.5477,5.0539,-0.0621,-1.5794,1.6977,1.5457,-7.0723,1.309,5.4922,2.5887,-0.3384,0.4628,3.8478,-0.1994,1.0444,-1.9408,2.1181,-0.2121,-0.2493,1.6038,1.9546,1.8635,0.1675,-2.6584,-2.4251,0.6094,4.7799,1.6564,-1.1828,4.071,3.4254,1.786,-2.4138,0.1026,1.1282,2.7936,-1.8786,0.0014,0.2651,-4.1749,-2.5887,-0.5277,-0.2652,1.0415,-4.078,-2.1719,3.3365,1.2303,-2.0041,1.0619,1.721,-0.4217,2.4033,-1.4986,-4.2073,1.3177,1.5388,1.4306,0.0875,-4.4375,-0.5166,0.3174,2.783,3.4215,2.8342
VENHQS01Qy1BOVZIOmxpaGNfdGNnYV9wYW5fY2FuX2F0bGFzXzIwMTg,0.3361,-2.027,-1.7896,1.6691,0.8989,0.2214,1.6094,-1.3035,2.2293,2.494,1.3247,0.9831,2.7465,-1.3858,-0.1153,3.6039,-3.2966,0.4383,1.7339,0.9161,1.9537,-0.1799,0.794,2.3238,-0.8724,1.5469,1.5523,3.158,-0.9507,-3.4776,-1.3941,0.3767,-1.5352,2.0159,4.0234,2.0806,-0.713,0.6937,3.497,0.4854,-0.0385,-0.7098,1.1499,0.5685,-0.5458,1.5912,2.9079,2.2337,-0.486,0.1535,0.2387,1.3275,2.7981,4.4845,-1.2229,6.2596,3.7961,0.635,0.5472,-0.8882,2.4061,4.0267,2.0738,1.6527,1.3214,-1.9585,0.9012,-0.5661,2.2321,0.422,0.564,3.3068,0.6366,1.3293,-0.801,0.5897,-1.2579,0.6767,-0.405,-2.1973,1.2713,2.1753,-1.0305,-0.259,-0.6884,0.24,-0.4789,0.8397,0.7364,0.0299,1.4899
VENHQS01Qy1BQVBEOmxpaGNfdGNnYV9wYW5fY2FuX2F0bGFzXzIwMTg,-2.2686,-3.2158,0.8215,2.7115,1.741,-0.1626,-8.0817,-1.7859,1.5934,6.1396,2.0759,2.1093,4.3466,2.6884,0.3121,0.2029,-1.9093,-0.3003,2.7427,5.5579,4.3871,-2.6626,1.7569,1.6015,-0.2529,2.5899,0.3882,-1.5956,-1.9586,-6.7472,0.1442,-2.1111,-3.7821,0.6941,4.3822,5.2972,-1.7162,-1.3082,5.6902,1.2559,1.0665,-1.4052,1.9243,6.311,0.9016,5.8328,1.9211,2.2327,1.0461,0.618,-1.1977,0.7514,0.338,1.9014,-1.5897,5.5905,2.5845,-3.9966,3.1871,-0.4651,-2.9691,0.4016,3.2745,0.4146,-1.9202,-3.3455,0.6331,-2.2085,0.9222,-1.2727,-0.3305,1.0394,0.3112,-1.0678,-2.4047,-2.3618,4.9403,-0.0193,-3.6678,1.029,0.2123,2.3473,-1.2248,-0.3628,-1.0924,-1.7855,-1.6565,-1.9568,0.0499,-3.3361,-0.3967
VENHQS01Ui1BQTFDOmxpaGNfdGNnYV9wYW5fY2FuX2F0bGFzXzIwMTg,-6.4147,-1.1303,-3.6507,-2.3303,2.7966,2.8093,-3.2391,-1.6131,-4.5411,2.6996,-1.557,-1.6959,-3.3055,-0.4038,1.2895,-1.5186,-3.0804,-2.717,-1.373,1.2822,0.9043,-3.322,-1.4468,-2.6622,1.7549,1.8816,-1.065,2.1455,0.8227,-2.1189,-1.5024,0.2444,-1.1538,0.1831,3.7117,1.6776,0.6132,0.0411,0.0993,-0.6913,1.5287,-3.2334,2.8551,-1.1484,-0.0233,2.2009,-4.4971,-5.9818,2.3232,0.7063,-1.721,3.8242,-0.0364,-2.3787,-2.7846,-4.6529,-1.2378,2.1955,-1.7422,-3.6465,-1.9104,3.0686,-2.1546,-0.1895,1.997,2.1789,-1.3541,0.4423,1.7653,-3.618,3.5642,-3.3183,0.3468,-2.2744,0.969,2.5587,1.8469,1.2201,-4.8651,-1.5536,-2.7729,-1.0076,8.8806,-1.5101,0.6641,2.1908,-2.156,0.1831,1.5819,3.1157,-0.3017
VENHQS01Ui1BQTFEOmxpaGNfdGNnYV9wYW5fY2FuX2F0bGFzXzIwMTg,1.324,-2.3541,0.0574,2.7701,1.375,0.3,-0.9682,-0.1636,4.0148,1.3932,2.6606,1.7172,0.9624,-0.5944,0.7743,6.7487,1.0545,2.1154,1.207,2.297,0.204,-1.0805,0.2954,7.5104,3.7766,1.2251,-1.3029,2.0189,3.0115,-1.1302,-0.2625,2.4362,-3.6313,1.9401,2.3252,1.0719,2.5327,0.6495,-1.2226,1.3029,0.2402,-1.3721,0.6949,1.1835,0.1146,-0.0075,5.0919,3.4837,-1.1967,-0.9868,0.0636,2.7236,1.1315,2.3993,-1.0469,4.1288,0.503,-0.1396,0.5638,-1.0449,1.0492,-0.0974,0.5847,-0.2137,-0.4362,-0.1178,1.7839,1.329,0.544,0.6892,-0.7064,-0.8023,1.858,5.6754,-0.5182,1.3366,4.3916,0.7846,0.3805,0.0981,-1.4728,2.245,1.1132,2.4621,0.38,2.7219,-0.6782,2.2144,-0.1063,-2.8782,0.1809
VENHQS01Ui1BQUFNOmxpaGNfdGNnYV9wYW5fY2FuX2F0bGFzXzIwMTg,1.8557,0.3121,-0.0277,2.1162,0.3716,0.0144,-0.4771,0.8159,2.1339,1.1837,1.2884,1.53,2.1828,-1.2685,0.2483,2.4623,-0.0439,0.8953,0.4043,-1.3836,1.7078,0.5016,-0.4138,3.1137,1.3001,0.3234,-0.4755,2.182,0.9969,-0.8048,0.6734,0.5263,0.1658,0.8345,1.9917,0.3998,1.7347,0.334,0.2892,2.2124,-0.144,0.5461,1.3238,0.2213,-0.6654,0.901,2.0503,1.4982,1.5578,0.4949,0.8085,1.3911,-0.6199,1.5578,-0.6267,3.4267,0.2059,0.327,0.1937,-1.315,-1.1783,2.0471,0.9931,-0.1914,0.8903,0.4431,1.7975,0.4503,1.1777,0.5759,1.5591,0.9442,0.9519,2.6877,0.3479,0.8479,0.5423,0.1217,0.4268,0.6379,0.5365,1.3203,4.8498,0.8743,0.0742,-0.3923,-1.2228,1.0074,0.0802,-1.8992,-0.5126
VENHQS0yVi1BOTVTOmxpaGNfdGNnYV9wYW5fY2FuX2F0bGFzXzIwMTg,-4.7523,-1.7956,2.0139,0.2761,1.2905,0.1015,-1.2952,-2.2674,-0.856,4.2333,0.353,0.6505,2.0584,-5.0517,-0.4333,-1.0163,-2.4156,-0.064,1.7571,0.2282,3.2267,-0.2409,1.1468,-0.4724,-0.6084,0.7848,1.1169,2.5758,-0.9886,-7.0247,-2.8767,0.265,-1.9687,1.65,5.1112,2.5674,-1.2341,0.6009,2.0495,1.0828,-0.9442,0.0537,3.7343,1.5849,-2.8895,2.8796,-0.0527,-0.1944,1.0891,3.5373,3.324,0.8254,2.3167,1.2154,0.0437,-0.3491,2.3612,2.4441,2.3542,-1.7635,1.1671,4.4665,1.8117,1.2589,-0.5105,-4.6429,0.0162,-0.9437,1.1736,1.4639,1.4052,2.414,1.5856,-1.9685,-0.8062,-1.4265,2.8269,-0.4028,-3.7587,1.0577,3.288,0.3716,6.748,0.0627,0.3264,-1.7478,-1.0814,0.3355,0.4144,-5.4233,0.9661
VENHQS0yWS1BOUdTOmxpaGNfdGNnYV9wYW5fY2FuX2F0bGFzXzIwMTg,-1.6791,0.2737,-1.5237,-0.4545,1.2694,1.3258,1.9597,-1.3561,0.2534,3.347,0.9004,0.6587,1.9751,-2.9137,1.6399,1.0972,-3.1646,-0.6452,-0.8664,1.4749,2.4567,1.579,3.0112,1.3395,0.2143,0.5046,0.5864,2.9911,0.2495,-4.5878,-0.9564,-1.8882,-3.2868,0.8026,6.6098,3.2073,0.4439,1.8224,3.825,1.4582,1.0133,-1.0031,4.1443,0.5274,-0.6077,3.9569,0.6966,0.9366,1.7256,0.9927,0.5578,-1.2511,2.0712,2.4285,-2.4005,2.575,3.2461,1.5165,1.4905,-0.4828,0.2371,4.977,3.3238,0.2953,0.1496,2.1521,-1.6277,-0.8765,0.1434,-1.1262,2.2655,3.3006,0.9262,0.1852,0.1,0.5891,2.1042,0.3737,-5.4989,0.0828,1.996,0.6742,7.419,-0.8053,-1.447,0.7379,0.3649,0.6809,2.1826,0.7969,0.5106
VENHQS0yWS1BOUdUOmxpaGNfdGNnYV9wYW5fY2FuX2F0bGFzXzIwMTg,-1.2862,-1.1637,1.5997,2.8656,0.9095,0.8114,0.5899,-2.025,1.2006,3.3687,0.6282,0.4161,2.9418,-0.6375,1.0977,1.1439,-3.1949,-1.4439,0.893,-0.0061,1.5633,1.1669,1.232,1.4767,-0.3077,-0.7245,0.8574,2.7419,-0.9028,-1.1823,0.1925,0.595,-3.5957,1.7439,1.0433,2.3659,-0.4758,-0.6373,2.0986,1.6518,-1.2035,0.8362,2.7623,0.0313,-4.3861,1.9932,-0.372,0.018,1.4839,2.0427,-1.9262,-0.1677,1.5736,1.7561,-1.1869,1.1851,2.0048,0.7478,1.6962,-0.4994,1.4551,1.8728,-0.3666,0.2404,-0.2234,1.1836,0.1545,-0.0521,-0.1645,-1.4154,1.4106,-0.1265,-0.515,-1.0451,-0.6416,-1.9968,-0.4018,1.2024,-0.3056,0.113,2.9431,0.8007,0.4504,0.7159,-0.0513,-1.8576,-1.3406,0.0205,1.2688,-1.6808,0.8732
VENHQS0yWS1BOUdVOmxpaGNfdGNnYV9wYW5fY2FuX2F0bGFzXzIwMTg,-6.2665,2.7336,-2.4802,2.9469,-1.4888,1.7495,3.8776,-1.9115,0.5073,3.3265,2.7417,2.8048,2.8593,-2.8053,-0.3436,0.9213,-5.3488,-0.0958,1.244,-1.3734,2.0116,0.598,2.3476,-0.6908,-2.3693,0.7433,1.1745,3.7866,-5.6935,-3.8489,1.3245,1.3337,-3.2374,0.4299,3.6468,3.8769,-0.5831,-3.1916,3.5983,0.0825,0.2525,-3.3305,0.1199,2.0818,-0.5823,1.4598,-1.851,1.2861,3.2228,-0.5072,-0.8246,-1.8545,4.1228,1.5141,-2.3464,5.8127,2.8388,0.2372,-1.7613,-1.0349,0.8991,-3.1825,-2.1981,1.3946,0.1996,-4.5492,-2.0065,-1.961,0.0676,2.5679,-1.0786,-0.6662,0.4892,3.0783,3.5062,-1.6453,0.1369,1.3746,4.705,-1.0956,-0.6727,-0.1807,-0.2338,-1.453,-1.5957,-4.4071,-0.6963,-0.3165,1.5556,-2.4369,2.1032
VENHQS0yWS1BOUdWOmxpaGNfdGNnYV9wYW5fY2FuX2F0bGFzXzIwMTg,-2.5093,-1.6197,0.564,1.0181,1.65,0.2772,0.2962,-0.9717,1.283,0.5087,-0.0686,-0.6672,2.002,-0.9931,0.67,2.5263,-1.4445,0.1961,-0.089,-0.3863,0.7912,0.501,-0.1803,0.0917,1.9571,-0.4207,-0.4653,4.6389,0.5107,-2.1661,-0.226,-1.5226,-2.2543,-1.082,2.0081,0.0418,-0.0296,0.7505,0.6535,1.6792,-0.2674,-1.699,1.1738,-0.0239,-2.4039,-0.2898,-0.1926,-2.2205,-0.0601,1.165,-0.1109,1.89,2.8965,1.781,-0.8857,0.4777,2.6118,0.9675,-0.1305,1.2159,0.6408,1.2352,-0.6583,2.443,0.6685,0.4055,-1.7716,-0.123,-0.4805,-0.3746,-0.0254,0.177,-1.6513,-1.0229,0.062,0.2953,0.218,1.1708,-1.7477,0.1052,1.7345,0.669,1.0185,-0.383,0.6259,-0.0574,-1.0232,1.7068,0.5605,-1.9457,-0.2469
VENHQS0yWS1BOUdXOmxpaGNfdGNnYV9wYW5fY2FuX2F0bGFzXzIwMTg,-0.8102,-1.587,0.254,0.8974,2.8479,0.13,-2.0253,-0.8244,0.9757,2.9207,0.6254,1.3318,5.1621,-0.7564,0.641,2.3888,-2.8029,-0.3054,1.2173,0.1668,1.8743,0.3068,-0.7778,3.1556,1.1758,1.931,1.8411,3.2319,-1.6524,-3.2534,0.0075,1.2185,-3.0815,1.5607,2.5894,1.5823,-0.3775,1.4707,1.39,1.7973,0.0972,-0.8686,3.2927,0.7843,-1.108,1.1158,1.8455,1.3402,0.7233,0.7913,1.7534,2.712,-0.182,3.3751,-0.2448,1.4726,2.2951,-0.4073,1.8756,-1.406,1.1637,2.0561,2.3067,0.0108,0.4101,-2.6233,0.1185,-0.4123,1.2539,-0.2069,3.0699,1.6438,1.8524,1.284,-0.2989,-0.2034,0.3533,-0.0138,-1.5618,1.9522,2.3103,1.4114,6.817,-0.0665,-1.0032,-0.3287,-0.6859,-2.1929,1.4474,-1.4097,1.2686
VENHQS0yWS1BOUdYOmxpaGNfdGNnYV9wYW5fY2FuX2F0bGFzXzIwMTg,2.7751,-0.6331,1.8981,0.9355,2.5233,0.0287,1.4164,0.1763,2.3441,2.3576,2.6807,1.7152,2.8167,-0.9151,1.1044,3.0935,-0.1106,1.8798,-1.5657,1.4016,1.9952,0.4764,1.2316,5.7664,1.9782,-0.7852,1.5988,2.4514,-0.9136,-2.2092,-1.3811,1.4328,-3.1665,1.6915,1.8977,2.2639,1.5878,1.0234,1.9626,1.8424,0.9249,0.282,3.259,-1.4141,-2.3471,1.6827,3.062,3.1015,0.3871,1.7451,1.4434,2.7428,0.8034,2.8983,0.1012,2.1701,1.4677,1.5228,1.9823,-2.5143,-1.8193,3.5835,2.8616,0.1151,0.9069,1.2433,1.6289,1.1509,1.1246,1.0712,0.5804,0.2167,1.3526,4.17,0.87,-0.7871,-2.1581,-0.1048,-0.7231,1.0554,1.3141,2.7514,6.4717,0.7474,0.2199,0.8742,0.6516,-0.0297,0.696,-0.0234,1.675
VENHQS0yWS1BOUdZOmxpaGNfdGNnYV9wYW5fY2FuX2F0bGFzXzIwMTg,-5.0668,-0.9931,0.2959,3.1807,1.7547,0.9272,-5.0253,-1.3416,-3.3868,3.8321,0.88,1.3875,2.6968,-6.3354,-1.0399,-2.2838,-3.5713,0.6775,0.3104,1.4079,2.6011,-0.4023,1.3633,-3.4641,2.2502,0.3999,-1.6538,0.7468,-1.3542,-8.1399,-2.1934,-0.0754,-2.4528,0.4751,5.7711,3.5903,-0.5364,-0.7732,4.3967,1.0196,-0.5914,-0.4553,5.0333,3.8425,1.3125,4.086,-5.0251,-1.0047,3.2119,-0.7497,0.1574,1.0476,4.6872,-1.4466,-0.4579,5.5875,2.0981,-1.7822,2.3076,-0.003,-3.1855,1.7821,3.131,-0.5284,-1.3898,-3.6937,-2.0638,-1.9367,0.8175,1.7157,1.032,1.8803,-0.7179,-3.4295,-1.464,0.9865,4.0904,0.5165,-4.5586,1.2918,1.2285,0.5878,7.0599,0.4632,2.4278,3.8801,-0.5655,-7.1651,3.0038,-0.2264,-0.8839
VENHQS0yWS1BOUdaOmxpaGNfdGNnYV9wYW5fY2FuX2F0bGFzXzIwMTg,-6.4803,0.3587,-1.0951,-0.6167,-1.9045,2.407,1.1,0.9807,-0.5136,2.0885,1.6704,2.0806,1.4122,-1.7591,2.1651,2.0169,-2.2112,-0.8825,-0.377,2.3705,1.8312,1.6287,0.603,-1.6766,-1.5875,-0.1647,-0.0445,3.1911,0.2009,-1.335,-0.4171,0.9052,-2.3032,1.6813,3.4595,1.1518,-0.0781,0.4089,4.1086,-1.3121,1.1116,-1.9182,3.6361,-0.4009,-0.1875,1.5602,-1.9734,-3.4979,1.2271,-2.9922,-0.9642,-2.5332,0.739,1.2395,-1.4154,2.353,3.9504,2.447,-0.9016,2.512,1.6598,-0.4856,-3.4141,-0.9161,1.0146,-0.3683,-0.2991,0.7207,-1.3566,-2.9844,0.8329,1.1081,-1.9119,-1.1354,-0.384,0.9444,2.224,2.528,-1.0764,-1.7521,1.7155,-0.5716,0.126,-2.6128,2.5578,1.0293,-2.1037,1.456,2.0661,0.3637,0.3427
VENHQS0yWS1BOUg0OmxpaGNfdGNnYV9wYW5fY2FuX2F0bGFzXzIwMTg,-5.8691,2.1633,0.1818,-0.9073,-1.3082,-0.6016,-2.2709,-3.5799,-0.3368,3.2581,-0.3285,2.1847,1.8883,-2.9948,-0.3854,0.5465,-2.9219,-1.5715,0.7665,2.4728,3.2889,-1.9274,4.7574,-1.5325,-1.6516,1.1785,1.0046,1.84,-0.944,-4.0698,-2.3584,-0.5526,-5.9125,0.1225,1.8581,2.8542,-2.3595,-0.3028,3.2044,-0.1532,-0.2804,-2.9677,-0.4468,1.5388,-1.784,1.0537,-1.1687,-0.2292,0.4487,1.1142,-0.5424,0.0841,-0.6146,2.2735,-1.9148,0.8393,1.473,-0.0956,2.5369,0.8638,-3.2427,-0.282,3.3065,0.3935,-0.7059,-1.0581,-1.0079,-1.4518,-1.4656,-2.0764,-0.7653,2.0145,-1.7692,-1.7912,-3.1061,1.6193,3.1755,-0.7496,-2.5825,-0.9941,0.7478,-0.3841,0.1965,-0.6018,-0.465,-0.7557,-2.2318,0.619,1.8942,-5.1481,-2.5439
VENHQS0yWS1BOUg1OmxpaGNfdGNnYV9wYW5fY2FuX2F0bGFzXzIwMTg,1.203,-1.8206,-1.1389,1.5373,1.9234,0.7025,1.3734,0.1513,0.7243,2.3518,1.1446,1.9731,3.3208,-2.1466,1.2235,1.3089,-1.6705,1.1234,-0.9208,-0.9329,1.8504,1.3237,0.4694,3.0338,-0.4132,-0.1266,1.8321,3.7131,-0.2112,-1.5765,-0.8212,-4.4787,-2.3824,2.4561,4.3953,2.6008,-1.4972,0.5956,3.7828,-0.3538,-0.5887,-0.3827,2.1646,0.1197,-2.6294,1.491,2.3672,1.4339,0.4842,1.6493,0.7981,0.5995,6.2975,3.8892,-1.5464,4.4595,3.207,1.0157,0.491,-1.4594,2.2796,3.4854,1.6428,2.9188,1.4529,1.0189,0.294,-0.1617,1.6822,1.2719,-0.0096,2.0254,0.1394,1.9196,1.5488,-0.2662,-2.5778,1.5791,-0.4884,-0.5933,2.2118,1.7391,-0.2799,-0.7422,-0.9501,-1.2134,-0.6768,1.5778,1.748,0.6496,0.7726
VENHQS0yWS1BOUg2OmxpaGNfdGNnYV9wYW5fY2FuX2F0bGFzXzIwMTg,0.1693,-1.7954,0.85,-0.8579,0.8205,-0.7065,1.5151,-0.5906,2.5121,2.0685,2.7827,1.8371,3.6342,-3.1373,0.1672,2.0397,-1.4727,0.2071,2.251,-0.823,2.04,0.7672,0.4906,3.2398,-0.0264,0.6932,0.4079,3.3287,-1.8564,-3.936,0.8133,0.4856,-4.3449,1.8181,1.6357,2.1512,0.5204,-0.3273,2.6737,1.5094,-0.3676,-1.2673,2.2436,0.4799,0.0862,0.8493,2.6966,1.7009,0.6966,-1.338,-0.5052,0.9004,4.0722,2.2761,-1.2185,5.2441,3.051,0.6949,0.6569,-0.842,1.5927,-0.6487,1.2454,0.1893,1.2042,-4.5802,1.0818,-1.8394,2.1461,1.7821,-0.2231,-1.479,1.5855,2.9891,1.3927,0.6489,-1.8715,1.0453,2.1929,0.3885,0.0504,2.1198,-0.6428,0.7243,-0.1753,-1.767,-1.1494,-0.3152,0.6308,-3.1913,2.448
VENHQS0yWS1BOUg3OmxpaGNfdGNnYV9wYW5fY2FuX2F0bGFzXzIwMTg,-6.79,1.7769,0.428,1.7073,-1.1406,0.8425,0.3087,-2.5314,0.3841,2.468,3.8989,-0.2176,1.6483,-5.7083,0.7183,0.9868,-2.9654,-1.254,1.8268,2.6709,2.3395,0.1537,0.1306,-4.8382,-0.27,0.5624,-0.9971,0.8479,-7.0759,-0.1868,1.9207,-0.2163,-4.9132,1.7031,3.9604,1.6976,-0.6902,-0.5727,2.259,-0.8402,-0.4166,-1.2676,0.3077,1.0111,-0.0371,2.9426,-3.2892,-4.5639,3.4157,0.7718,-1.6708,-1.6336,7.205,-0.7138,-2.2138,3.5959,1.7045,0.8706,2.5401,-0.8821,3.2963,4.267,1.0519,1.0532,-1.1625,-5.4262,-0.6834,-1.5995,1.4333,2.7649,-1.6066,2.5044,1.0236,-4.8754,-0.6895,0.0181,-2.8221,0.2921,-6.1623,-0.6179,2.0619,-0.8698,-1.3054,-0.4285,1.6573,-0.2629,-2.6036,-0.5195,3.1971,0.3374,1.3451
VENHQS0yWS1BOUg4OmxpaGNfdGNnYV9wYW5fY2FuX2F0bGFzXzIwMTg,-4.1772,-0.1384,1.0424,0.7598,1.4438,3.8672,1.8,-1.229,-1.3488,4.3056,0.46,5.507,1.6518,-6.5517,0.4017,-2.5724,-2.4799,-0.983,1.3489,2.7041,2.9638,0.3395,1.0435,-1.3406,-1.8351,0.1383,0.7665,4.0129,-6.4709,-3.9953,1.9625,-2.2006,-7.1776,1.9165,5.6512,2.1238,-1.8978,-0.6976,5.6768,0.4098,-0.4407,-2.0608,0.9618,2.3406,-0.4776,3.1754,-1.7607,-0.544,0.5286,-0.97,-1.4621,-2.9522,7.6382,3.3029,-1.5556,5.0681,5.7875,0.8183,1.3183,0.2625,4.6133,0.933,-0.2711,0.4879,0.9632,-7.5191,-2.3268,-3.1215,-0.183,3.2449,-0.7305,0.7156,0.5697,-1.9288,-2.0493,-1.0199,1.2479,1.2094,-1.1088,0.0178,3.8009,0.5452,-3.0515,0.3944,1.0949,-2.5735,0.4128,0.3346,3.2925,-2.2645,1.2798
VENHQS0yWS1BOUg5OmxpaGNfdGNnYV9wYW5fY2FuX2F0bGFzXzIwMTg,-4.0835,0.8972,-1.5737,-0.064,-0.8742,0.9713,0.491,-1.7549,0.1813,2.1785,2.8966,0.7063,5.7921,-2.6972,0.2588,1.1999,-2.3976,-1.0679,1.4743,-0.0759,2.2629,0.4546,0.4655,-0.394,-1.2766,1.6214,0.8622,2.8751,2.0588,-3.7696,-2.1942,0.8574,-3.5536,0.9115,3.5783,2.4826,-1.0927,0.6163,3.6487,-0.2878,-0.4282,-1.1568,2.9265,-1.052,-1.3179,2.809,-1.0883,-3.1256,2.4707,1.4871,-0.3056,-1.4511,-0.2661,2.2771,-0.6757,2.6771,3.4275,0.7986,-0.1846,-0.3945,-1.5802,2.799,-1.5864,-0.476,0.3501,-0.8454,-0.7505,-0.709,-0.9765,-0.8139,1.971,0.4379,1.2298,-1.564,0.5725,-0.3205,-0.6336,-0.2538,-3.0203,-0.9523,-1.3567,0.3674,2.7292,-0.9361,2.0689,-0.352,-2.6403,0.8232,0.129,-5.3598,0.4048
VENHQS0yWS1BOUgwOmxpaGNfdGNnYV9wYW5fY2FuX2F0bGFzXzIwMTg,-7.0852,1.2185,2.8194,0.1369,0.6161,0.9068,-2.2491,-2.004,-3.0932,5.6159,2.2722,1.7613,1.7278,-5.527,0.7389,-3.0547,-3.3934,-2.3012,1.722,1.7285,4.8066,-2.3873,0.9623,-2.4837,1.4655,1.7773,-3.2184,1.5304,-3.0522,-3.637,-0.3952,0.4753,-2.7718,0.9834,6.7924,4.9356,-2.3274,0.5234,5.8764,-1.1376,2.0522,-3.0526,3.1213,3.0162,-5.2435,2.2828,-3.3013,-3.6779,2.7184,1.0727,-0.0281,0.5542,7.7047,-2.1638,-2.4425,1.4252,1.0714,1.4963,1.5994,1.5186,0.2694,5.8009,2.1809,1.3436,-0.7042,-1.8664,-0.8875,-0.4435,-0.0948,-3.3816,0.8954,2.263,-1.2561,-1.1721,-1.9858,0.5868,-1.103,0.9218,-4.0933,-0.8801,1.7713,0.2518,3.0484,-0.087,0.1794,-0.9078,-1.7774,0.4415,2.4619,-4.7296,-1.433
VENHQS0yWS1BOUgxOmxpaGNfdGNnYV9wYW5fY2FuX2F0bGFzXzIwMTg,-7.2178,-3.7418,-1.2363,0.1022,-1.8321,-2.6901,-5.1882,-4.238,-1.0674,-0.0462,-1.7056,0.3854,0.8243,-1.1364,-2.4988,-1.4098,-2.8579,-0.0176,2.1469,-1.3557,-0.4176,-0.8308,-0.6196,-3.9405,-2.2439,4.077,0.7696,-2.6335,-3.8336,-5.1296,-3.3322,-1.203,-3.2396,-0.3862,-1.4739,-2.6496,-3.2045,0.8482,1.1215,-0.884,-3.0688,-1.0583,2.0355,2.0084,4.3326,1.3626,-1.1644,-2.2303,0.9011,1.5257,1.7372,-0.3753,-1.4951,1.7534,0.1597,0.5258,1.8087,-3.7556,-0.9033,-1.2467,-5.5587,0.4302,1.6741,-1.6448,-3.06,-5.5028,-2.132,-2.3453,1.8694,0.1909,-0.2008,2.4412,0.5627,-4.8754,-3.9199,-2.4129,-0.2497,-1.2693,-2.4049,-1.1825,-3.1713,0.4081,2.4562,-1.4446,-2.4637,-2.1234,-3.2843,-2.5889,-0.5734,-0.872,-0.839
VENHQS0yWS1BOUgyOmxpaGNfdGNnYV9wYW5fY2FuX2F0bGFzXzIwMTg,-2.7919,2.0878,0.2994,-0.8067,3.6577,0.7482,-2.2855,2.5293,-0.2619,4.076,-1.3328,1.8747,4.1421,-2.5293,0.7092,-1.0482,-1.4361,-1.1384,-1.8052,1.9187,2.3446,2.1275,2.4768,1.7548,0.029,0.2725,0.732,4.9994,4.9231,-6.9603,-1.7344,0.6277,-1.0242,2.8692,3.4816,4.0746,1.2506,-0.0172,3.7377,0.7905,-1.4298,-0.5397,3.8219,0.9518,1.4416,2.9141,0.338,0.732,-0.6872,-2.1407,0.6328,-1.6533,6.1944,3.0081,0.6963,2.7278,2.2941,1.6788,-0.1679,0.0438,0.6838,-1.1373,3.3586,2.2751,-0.2692,-4.4355,3.6863,-1.0964,1.0606,-1.0958,0.1431,0.0643,2.6885,0.3449,0.2432,-0.8035,-3.4268,-2.0137,-3.6832,-0.5019,1.1537,0.3823,0.7015,5.2858,1.5383,3.1418,0.486,0.7693,3.6131,-1.0078,0.8151
VENHQS0yWS1BOUgzOmxpaGNfdGNnYV9wYW5fY2FuX2F0bGFzXzIwMTg,-4.5932,-2.4437,0.4786,0.4617,0.9256,-1.1451,-4.1931,-2.3901,0.5564,3.2998,0.283,2.0492,2.9472,-3.8636,-1.38,-0.4289,-2.5474,0.4852,1.6185,0.0376,0.5277,-0.6266,2.9889,-0.0801,-0.8141,1.8221,1.7496,-1.1589,-7.6419,-7.1579,-0.0021,-2.0752,-7.5008,2.3277,1.1944,0.4369,-1.8225,-1.52,4.4942,0.4121,-3.7659,-2.5132,1.3931,3.3418,0.5056,1.1731,0.6397,3.7394,1.533,0.9204,-2.874,-1.7662,4.7014,1.7344,-1.0937,4.943,6.3495,-3.3715,2.3053,-2.2714,0.7971,-1.3628,2.4545,-0.1117,-3.0065,-7.9664,-0.7924,-2.9971,1.3845,2.0526,-4.2693,-0.3619,0.6019,-4.8754,-1.3553,-3.6569,0.6519,0.872,-0.8899,-0.1065,0.2286,2.9191,-1.8802,-0.172,-4.5972,-4.2361,-1.8051,-1.7567,1.2405,-5.4386,1.0146
VENHQS0yWS1BOUhBOmxpaGNfdGNnYV9wYW5fY2FuX2F0bGFzXzIwMTg,-4.3633,0.324,-0.9108,-0.0244,0.9039,1.0784,0.193,0.5819,-0.1597,1.4057,2.6029,2.2503,2.2263,2.2067,1.2089,-0.5673,-1.2469,-1.4836,0.2598,0.1666,1.135,0.9254,3.4814,0.2871,-1.6425,1.6695,1.2615,3.8266,0.3937,-0.9505,-0.447,0.1162,3.2449,1.5752,4.5859,2.3918,1.1465,0.5027,2.3524,-0.4638,1.9558,-0.6496,3.0266,0.9356,2.0666,1.3902,-1.2771,-1.0463,2.3389,2.5251,0.5249,0.8879,3.9144,2.4241,-1.2646,-0.9986,2.7307,2.8927,2.0164,-1.0942,0.0126,6.4701,1.9632,-0.1728,1.5568,1.7588,-0.6315,0.2024,2.0161,-1.4628,2.6408,2.7202,0.4012,-0.8323,1.7043,1.5082,1.6255,0.0883,-0.5716,-2.0752,2.1943,-0.2357,6.9846,0.7956,-0.2155,1.4812,-1.7556,-0.0298,1.8606,3.3678,0.1025
VENHQS0yWS1BOUhCOmxpaGNfdGNnYV9wYW5fY2FuX2F0bGFzXzIwMTg,-1.4193,1.4982,0.0576,-0.0622,-0.1753,0.1737,0.2915,-2.2529,0.5121,1.4565,1.4233,-0.4149,1.6781,-4.259,0.1035,1.8383,-3.5848,-0.6924,0.5127,0.4574,1.509,2.4345,-0.0076,0.3911,-1.4089,1.1201,0.6802,2.2834,-3.5659,-3.2034,-1.3626,0.9198,-2.8539,1.3184,2.625,2.0066,-0.5499,0.6648,2.335,0.9636,-0.4484,-1.6888,2.4997,0.7715,-0.8716,1.679,1.373,-0.0625,-0.8457,2.0944,-1.6079,0.8856,1.7685,1.2291,-0.3076,1.1878,2.884,1.2382,0.5328,0.3417,-1.2522,0.7895,-1.008,-0.2321,1.0434,-0.7024,-1.0352,-0.4677,1.2774,-1.4898,1.9152,-2.2827,-0.9861,-0.5373,1.1902,0.7993,0.3815,1.1365,-2.7478,-0.6692,0.0471,0.0974,2.251,-0.8163,0.7317,0.0805,-1.5196,0.8092,0.1373,-1.1019,2.2475
VENHQS0zSy1BQVo4OmxpaGNfdGNnYV9wYW5fY2FuX2F0bGFzXzIwMTg,-3.882,0.5983,-1.6346,0.7981,-1.1654,0.1765,-2.8827,-0.247,-2.8746,0.8608,-1.7079,2.3632,0.9336,-4.6685,-1.2973,-2.7263,-1.6593,-0.2749,0.4452,-0.4315,2.7561,-0.4036,-1.1593,-2.3077,-3.0132,0.897,0.3626,1.7738,-0.9858,-3.3149,-0.4954,-0.0132,-1.5963,1.6326,-0.5341,0.1123,-2.8808,-1.4895,2.5857,-1.244,-1.5628,-0.1032,1.3215,3.4436,0.5204,1.6751,-2.9666,-3.1259,0.9643,2.048,-0.6835,-3.573,4.1317,2.726,0.2797,0.2323,2.5565,-0.7748,-2.2881,0.6835,0.2442,0.1392,-2.7364,-0.2352,-0.7299,0.7081,-1.3547,-0.6954,0.9552,-1.6257,1.3326,0.252,1.6891,-0.2598,-0.4401,0.6247,0.9906,1.0972,-2.0422,-2.1108,1.2068,-1.0694,1.1468,-0.6146,-0.0167,-1.0967,-0.8707,0.199,0.557,2.0242,1.1456
VENHQS1CQy00MDcyOmxpaGNfdGNnYV9wYW5fY2FuX2F0bGFzXzIwMTg,-0.5109,0.1404,0.0608,1.2339,2.7381,2.8326,-2.3813,-0.0911,2.2997,4.1408,2.6434,0.0859,1.5479,-3.2089,2.2284,1.6975,-2.3223,-0.7184,-0.7793,1.8769,2.6639,1.3786,1.461,2.761,1.9074,-1.6937,0.2327,2.5413,3.5525,-4.5372,-1.8388,2.48,-1.2929,0.6049,5.2818,1.6068,-0.3308,0.9126,2.157,2.0964,-0.2826,-1.0875,1.0426,1.4635,-2.5621,2.8881,0.9579,5.5085,3.5,1.4767,0.7844,1.4797,3.0141,3.1657,-0.7876,3.1977,3.0149,1.1622,1.3865,-0.1065,1.1778,0.7756,0.9086,1.4493,1.073,-0.604,-1.8725,0.6416,0.8055,0.0398,0.9612,2.1529,2.7622,1.5399,-0.1383,-0.5502,2.6253,-0.1468,2.7143,1.6444,0.8988,1.7269,1.2957,3.2897,0.6667,0.6977,-1.2804,1.0154,1.1302,-0.4252,0.3515
VENHQS1CQy00MDczOmxpaGNfdGNnYV9wYW5fY2FuX2F0bGFzXzIwMTg,-0.0688,1.8333,1.0549,1.0966,3.0648,3.454,-0.7803,-0.4058,-0.2089,4.0237,0.9811,0.9572,1.6884,-1.9694,2.4682,1.2205,-2.0847,0.0885,0.7942,2.0992,2.9283,2.4092,3.6329,3.2119,1.9183,-3.2188,1.455,1.0258,2.4509,-0.5278,0.5592,2.5996,1.1757,2.5989,6.4,4.7661,0.197,2.0894,2.6644,1.4998,1.2442,0.053,1.6166,2.4358,-3.0366,2.6209,0.8911,-0.1421,2.3887,1.3915,1.7528,1.9564,3.5452,1.0891,-0.6283,0.9352,1.0364,3.1629,2.2501,-2.2726,1.6775,3.3092,1.0095,1.6208,2.204,0.1135,-0.4351,1.3421,1.8713,-0.066,-0.0555,1.3804,2.8397,1.9338,1.0782,2.1243,0.8033,-1.0465,-0.9802,2.4417,3.522,1.361,5.3245,0.8228,0.367,1.8854,0.714,2.1176,0.0525,-1.8102,0.6282
VENHQS1CQy1BM0tGOmxpaGNfdGNnYV9wYW5fY2FuX2F0bGFzXzIwMTg,-3.668,0.1624,0.484,1.1928,-1.9947,0.496,-0.4522,-1.0778,0.6419,4.1469,-0.4031,1.1041,0.0289,-2.7573,-0.5522,2.4886,-3.3839,-1.261,-0.3006,1.3302,2.7528,0.5342,0.4974,0.298,2.6369,-0.3982,0.0154,0.8907,-2.1993,-4.0004,-1.2031,-0.0487,-2.6241,0.3179,4.0101,2.9834,-1.6814,-0.0594,2.1673,-0.7004,2.1996,-2.6933,0.4773,-0.5934,-1.71,1.9599,-0.6352,-3.0818,0.5968,1.1526,0.4516,-0.7221,1.9809,2.4914,-1.3894,2.6194,2.2015,2.3147,-0.0723,1.5984,-1.5155,2.6897,-1.4777,1.3886,-2.2748,-2.4991,0.1165,-0.7636,-0.438,-2.9947,1.0038,1.4537,-2.3582,-0.818,0.3633,1.7087,0.7236,0.0915,-5.9656,-1.96,-1.8692,-0.3596,1.3363,3.6979,0.5462,-1.6756,-2.1654,1.5654,1.9172,-1.1915,-0.6503
VENHQS1CQy1BM0tHOmxpaGNfdGNnYV9wYW5fY2FuX2F0bGFzXzIwMTg,-5.5849,-1.4149,0.5074,0.0128,0.3238,2.4324,0.0484,-0.0489,-1.1705,4.711,3.0272,1.9839,4.3677,-7.9154,1.4201,-0.7062,-2.3737,-1.5853,2.1103,3.7278,5.5056,0.4074,3.2351,0.8655,-2.9907,-0.2512,-0.6135,2.834,-0.6532,2.4091,1.4401,-1.5256,-3.7588,1.9132,7.4823,5.9321,-0.0103,0.3114,6.9294,-0.3269,0.8194,-2.3297,0.4878,1.1834,-3.7014,5.2076,-2.1564,-1.4685,-1.8535,-0.6107,-0.7354,-0.954,6.0437,-0.9574,-2.9521,-1.0485,4.5741,2.6825,0.5879,2.1497,-0.5729,3.2844,-2.2738,0.6871,-1.8026,3.0549,1.5899,1.2943,-0.8775,-1.0964,0.963,1.9246,0.5274,-1.2775,-1.718,2.8615,2.4403,1.8502,-9.3612,-2.2471,0.3292,-0.4173,-0.7699,-2.7567,4.8076,1.9202,0.7305,2.4458,2.1005,-0.3685,-0.8885
VENHQS1CQy1BMTBROmxpaGNfdGNnYV9wYW5fY2FuX2F0bGFzXzIwMTg,0.4188,3.6462,-2.1238,1.0496,2.7366,2.2847,-1.2013,1.1423,-1.5177,4.5252,-0.5908,2.0931,3.2118,0.3068,0.4776,-0.7924,-1.1635,-0.1237,-1.7859,1.4223,1.7654,1.2679,0.4973,3.7661,0.7821,1.5447,0.3763,3.2807,6.3307,-3.2011,-2.1304,1.1201,-1.3246,4.1817,4.3255,4.0225,3.3577,0.5194,2.8494,0.853,0.0078,-0.7078,1.6465,3.1178,-0.497,-0.1196,0.2528,0.8552,1.1161,1.8069,-1.1138,0.2654,4.8113,3.2244,-1.2768,2.0029,2.383,-0.5704,1.8772,-4.0052,0.4039,0.9553,3.9868,2.4698,0.5912,-3.2569,3.6605,0.1699,-0.3925,-0.8809,0.6346,-1.0345,2.6059,1.7074,2.1249,0.2626,-3.0891,-0.9359,-4.0308,-1.7387,-1.0772,2.1833,-4.9821,2.0436,-1.3425,2.6276,-2.1743,2.0093,2.9233,-3.1377,0.4044
VENHQS1CQy1BMTBSOmxpaGNfdGNnYV9wYW5fY2FuX2F0bGFzXzIwMTg,0.6769,1.5489,-2.2917,2.341,-1.1487,-0.0032,-1.1673,-2.3701,2.089,2.4701,1.149,1.7854,3.5176,-1.6022,0.2592,3.3634,-1.7584,0.6696,2.4137,-0.3296,1.6608,0.2169,1.196,2.6373,-0.2614,1.4094,0.3006,3.7704,0.4092,-2.7889,1.8413,-3.5151,-0.1472,0.2563,2.6624,0.4333,0.0885,-1.1041,0.6217,0.6937,0.9867,-0.3436,0.4623,2.6689,1.3857,1.0647,2.5042,4.6554,2.6661,1.2597,1.6049,1.0459,-0.7203,2.4435,-0.0301,4.0098,2.047,0.6086,-0.8566,-2.6145,-0.2477,0.7075,-1.611,-0.7999,1.9035,-5.7971,0.7432,-1.6287,0.9678,0.2136,-0.2341,-0.1899,1.5755,1.5087,0.078,0.6722,-0.9009,2.339,-0.174,-1.2062,-0.5228,0.93,3.8528,1.9133,0.7507,-0.3018,0.7976,1.0688,-0.0146,0.7909,-0.2706
VENHQS1CQy1BMTBTOmxpaGNfdGNnYV9wYW5fY2FuX2F0bGFzXzIwMTg,-0.7218,0.6499,-0.6262,0.0595,0.3825,-0.7105,-0.9585,-1.8936,0.6064,0.7918,-0.1752,0.8802,1.4346,-2.2358,-0.2963,-0.547,0.2739,0.8192,0.6292,-0.2381,0.1575,-0.0064,0.2026,1.3612,0.7946,1.0016,2.0613,-0.813,-0.1202,-2.2508,-1.2288,-1.7504,-2.6121,0.3695,0.3882,1.1182,-1.0937,1.0919,-0.2619,1.9568,-0.9693,0.8101,2.9785,0.8994,2.1532,0.8442,1.1052,0.9992,2.0906,1.2711,1.6669,0.1576,0.0929,3.1316,-0.065,0.1572,1.0539,-2.4668,1.2403,0.2513,1.3688,1.1509,0.5974,-0.6972,-1.9314,-1.4883,0.7965,-1.1875,1.833,-0.6723,1.3493,1.6027,-0.63,-0.5074,-0.5981,-0.4101,1.1233,-0.2131,-0.5972,0.5645,-0.3287,2.7894,-0.7731,0.5912,-0.4961,0.525,-0.9172,0.5261,0.1638,0.9365,0.4524
VENHQS1CQy1BMTBUOmxpaGNfdGNnYV9wYW5fY2FuX2F0bGFzXzIwMTg,1.3886,1.2788,-0.5977,0.1025,-0.6471,-0.2756,0.7761,-1.7528,1.9086,2.8124,1.5652,1.9733,-1.823,-0.2308,-0.5117,3.0977,0.2968,0.9005,-1.4215,2.2394,2.3529,-1.231,0.4577,3.7715,0.3828,2.5904,-0.1515,0.6944,2.1182,-0.2656,-2.8837,-0.2672,-1.4866,-0.3415,4.6864,3.5155,0.1679,0.2035,1.8,0.7473,2.0775,-1.3246,-0.0111,-1.062,-3.059,2.2732,1.4071,1.815,4.531,1.7868,0.0495,1.4648,-1.2844,1.6209,-3.0083,2.347,1.2899,1.3641,0.2308,-3.3423,-2.3204,-0.273,-0.6147,-0.2806,1.1949,0.1851,-0.5085,0.5104,0.8133,-2.4934,1.1795,2.8154,0.6036,3.0516,0.2722,3.2593,-1.7133,0.4286,-1.7988,-0.9886,-1.8009,1.7232,2.5489,1.9358,2.0835,1.9938,-0.2386,-1.0013,0.5595,-4.4278,0.4519
VENHQS1CQy1BMTBVOmxpaGNfdGNnYV9wYW5fY2FuX2F0bGFzXzIwMTg,-4.1632,-0.9397,0.4814,1.0807,2.7731,3.0576,-0.4234,0.7938,-4.6584,2.6266,0.7244,1.8745,3.1968,-1.9212,2.7739,-3.9804,-2.6711,-2.279,0.0577,0.7448,1.937,0.5263,0.5144,-1.1517,0.7653,2.2812,1.3362,2.5233,2.1307,-3.4202,-1.8914,0.5909,0.9664,2.2307,2.4401,1.6133,0.5929,1.9509,0.9765,-0.2095,2.3383,-0.4075,3.2769,2.1194,-2.4284,1.2942,-1.1401,-3.0975,3.1251,0.7037,1.2351,-0.8493,4.0776,2.5598,-1.4317,-1.1293,2.6782,2.8939,-0.4472,-0.0383,-0.5728,4.843,-1.6768,-1.1719,1.1818,1.9414,-2.1132,-0.2566,2.4525,-1.7409,2.1789,2.6112,1.9345,-1.3569,0.409,0.9273,1.6448,1.2135,-4.3597,-1.0868,0.4664,-0.4531,5.9153,0.2664,0.7589,1.1754,-0.5464,0.3916,3.9674,2.4502,-1.5515
VENHQS1CQy1BMTBXOmxpaGNfdGNnYV9wYW5fY2FuX2F0bGFzXzIwMTg,-1.915,-0.149,-1.7662,-0.7519,1.7581,-0.7232,0.9376,-0.3941,0.7995,3.6516,2.0034,-2.0694,0.8573,-3.569,0.5001,1.051,-2.3673,-0.8785,-2.9236,2.5947,2.8381,-1.059,3.5705,1.8121,3.3786,2.9722,-0.537,2.6149,3.2633,-3.0167,-2.9714,2.3257,-1.6005,2.3442,6.7024,3.8725,0.6142,1.3755,2.8636,0.6245,3.0447,-1.0027,4.3725,0.8233,-1.0075,4.1497,0.0798,-2.3234,3.3093,0.3579,1.9194,2.56,-1.3741,1.8043,-0.3105,1.6301,-0.6602,0.7657,1.7982,-0.6738,1.5138,4.9315,3.3362,-0.2727,0.5782,-0.5021,1.7108,-0.4377,0.1121,-1.3328,-1.4121,3.0047,3.4318,-0.6743,0.497,2.8028,-1.5171,-0.3141,-5.6132,-0.1674,2.2095,0.7727,10.7576,-0.5618,0.7578,1.3891,-0.7014,0.7629,1.9421,-1.2668,1.5081
VENHQS1CQy1BMTBYOmxpaGNfdGNnYV9wYW5fY2FuX2F0bGFzXzIwMTg,2.5273,0.1568,-0.4577,1.0827,0.3586,-1.4228,-0.1975,0.9668,1.0796,0.8738,0.6731,0.0865,-0.1702,1.5148,0.9812,1.923,0.4025,0.8921,-2.3045,0.0555,1.3503,-0.6763,1.358,2.6796,0.999,-0.8203,1.1264,-0.8582,1.5016,-0.1674,-0.8958,0.3019,1.0971,-0.073,1.5525,1.2066,0.8683,0.0886,0.9877,0.4493,1.054,0.9978,-0.9685,-0.3729,-0.2761,1.8562,2.1014,1.5828,0.3619,0.84,0.1459,1.1639,0.6693,1.6964,0.4663,1.4116,-0.0841,1.4667,-0.172,-0.4123,0.391,0.7518,-0.1387,1.3681,0.7472,1.3443,0.7271,1.3096,1.165,-0.0315,0.3513,0.5474,1.0946,2.2753,2.0522,1.2804,-0.0387,-0.1848,1.2486,0.2795,-0.2023,0.3845,0.7757,1.2179,0.0351,0.9718,1.5642,1.7922,-0.0661,-0.1976,-0.109
VENHQS1CQy1BMTBZOmxpaGNfdGNnYV9wYW5fY2FuX2F0bGFzXzIwMTg,-4.0255,-0.9053,-0.3184,1.3728,-0.7886,-0.6,-0.9062,-1.6759,-0.4147,5.4309,2.6958,1.0558,0.4123,-2.1305,0.0978,-0.1358,-2.7588,-0.892,0.924,1.4394,4.8501,0.4971,2.1857,-0.0534,-0.9126,2.4642,0.2546,2.7645,-0.2258,-3.0755,-0.9591,-1.1798,-4.9915,0.0136,6.3425,5.3319,-0.0897,0.15,3.6573,-0.6305,0.57,-1.907,0.2507,-2.2655,-1.4641,5.481,-2.179,-3.0049,3.49,0.3625,-1.2778,0.8459,2.0801,1.3957,-3.4048,-0.1886,3.516,0.6452,1.928,2.7422,0.4324,3.1341,1.2229,-0.6051,-0.3621,-0.5395,-1.2336,-1.9689,-1.1323,-4.0344,0.0073,-0.644,-1.2274,-1.3879,-1.4563,0.9028,2.2132,0.3572,0.6531,-0.6839,0.8245,0.1533,-1.782,-1.4958,-0.7268,-0.2978,-1.9692,0.4931,1.0305,-2.5811,-1.2418
VENHQS1CQy1BMTBaOmxpaGNfdGNnYV9wYW5fY2FuX2F0bGFzXzIwMTg,-6.3614,0.7829,-4.5532,1.5942,-2.8236,-2.3962,2.5248,-0.7903,-2.1936,4.1487,3.7976,0.6913,1.1831,-1.0858,3.1511,0.037,-3.7519,-0.7487,0.0087,3.3205,2.9928,-0.1986,3.2737,-2.2745,1.3155,1.064,0.5026,2.0043,1.886,-3.5548,-1.8532,0.6798,-2.5643,-3.773,4.385,3.2057,-1.0289,-0.1197,2.0717,-2.4545,0.8481,0.2519,2.8033,0.907,-2.0986,3.4486,-6.1949,-5.7507,1.8126,-1.5564,2.2631,-0.9714,3.1845,0.7962,-2.6874,2.3364,1.7552,2.7823,1.5551,0.1341,-3.9928,2.0341,-4.2461,-0.1151,0.9801,1.0013,-1.2713,0.5856,-2.8588,-3.6588,3.7002,2.3847,-1.2594,-3.9367,0.7004,-1.2792,1.4364,0.0525,-7.2525,-2.2255,-0.0174,-1.9944,3.0611,-3.0969,1.6358,0.248,-1.5327,-0.6663,1.1425,-2.6144,0.4536
VENHQS1CQy1BMTEwOmxpaGNfdGNnYV9wYW5fY2FuX2F0bGFzXzIwMTg,1.4002,0.108,0.6358,0.8483,0.0897,-0.1035,-0.6351,-0.9962,2.0493,0.4464,0.7312,1.4897,1.2582,1.2944,-1.5792,1.8671,1.9898,1.7735,0.6811,0.2006,-0.4838,-1.9781,0.4371,2.2863,1.1184,0.4461,0.9043,0.3082,-0.3736,-0.5722,-0.3454,-1.1485,-1.7298,0.053,0.8756,0.9437,0.455,0.945,0.0351,0.0607,-1.7298,1.5892,-0.0896,1.5402,0.7064,0.2106,3.2246,3.2954,-0.2524,-0.1849,2.3894,2.0968,0.4849,2.6843,1.2474,1.7423,-0.2102,-0.3767,1.1975,0.2317,0.6302,0.3602,0.7276,0.5437,-2.0003,-2.7146,2.4754,0.0869,0.7024,1.4249,-0.8925,0.1493,1.2918,1.4848,0.2234,-0.5341,0.4908,-2.5492,-0.6865,0.8227,0.6912,3.3582,0.4889,0.1404,-0.9915,0.3132,0.6639,1.0617,-2.0733,-1.7791,-1.6751
VENHQS1CQy1BMTEyOmxpaGNfdGNnYV9wYW5fY2FuX2F0bGFzXzIwMTg,0.1352,-3.324,-0.8082,1.649,1.4365,0.4034,-3.0485,1.3084,0.107,4.4626,1.8185,0.9064,3.2454,-2.6913,3.3461,1.8167,-2.9038,-0.1007,-3.8815,1.4839,3.1316,0.1787,5.3294,3.4758,1.7666,-0.3079,-0.3819,4.0378,2.1478,-6.3659,-0.2005,1.3091,-2.0314,2.4979,4.4947,3.2479,1.0738,3.5863,1.8883,0.9173,1.5296,-1.5864,4.8861,3.2972,1.425,3.4038,1.9294,1.7734,1.5803,-0.5865,-1.322,2.1602,8.6366,2.4838,1.1649,4.3862,2.6373,-0.2058,-0.9078,-0.1049,-0.9268,1.4431,3.8403,0.8314,-0.1497,-0.6282,1.1943,0.1036,0.9031,-1.8592,1.449,-1.1663,3.4158,2.5549,0.5671,3.2346,0.1731,0.1676,-2.2023,-1.2671,3.0327,2.2033,7.9571,4.201,0.0321,4.8689,0.1832,1.4486,1.5338,2.7753,-0.1123
VENHQS1CQy1BMjE2OmxpaGNfdGNnYV9wYW5fY2FuX2F0bGFzXzIwMTg,-4.3635,-2.5833,1.9095,0.4807,-0.6757,-1.5647,-1.1093,-1.1313,-2.3794,5.6246,1.8219,1.6713,3.5184,-3.5384,0.6437,-2.4466,-2.8857,-1.5502,1.455,1.1298,4.743,0.0286,1.5782,1.711,-0.8162,0.2032,0.2475,1.8618,0.333,0.0878,-0.8636,-0.1497,-3.8878,3.5327,7.1879,5.8255,-2.0128,2.0442,4.5344,0.6023,-0.359,-0.2193,1.6734,0.2342,-1.5665,4.3028,-2.4659,-1.4028,1.0437,-0.3286,0.1572,0.0868,-0.6361,-0.2578,-1.0782,5.5205,2.238,2.251,1.5576,-0.1664,2.8596,5.2812,1.1431,1.0169,-1.252,-1.3582,3.4924,-0.4051,0.2249,1.0247,1.0097,2.0595,2.455,-1.164,-0.6097,1.8199,1.3023,1.2359,-2.5206,-1.1749,1.7254,0.1947,-0.8729,1.8389,2.059,2.0022,-0.2162,0.9561,1.237,-0.6212,2.2104
VENHQS1CQy1BMjE3OmxpaGNfdGNnYV9wYW5fY2FuX2F0bGFzXzIwMTg,-6.4578,-1.9168,-0.7113,0.7188,1.0177,0.502,0.2026,-1.9836,-1.4638,4.9932,3.039,3.1141,1.2746,-4.6877,1.4184,-3.4714,-3.6331,-1.9219,2.1315,3.0529,5.1384,-0.3327,1.3366,-1.7404,0.1691,1.5971,0.9503,1.0471,-2.7687,-3.4345,-2.7668,-1.5738,-2.8654,0.1977,6.333,4.802,-3.8221,0.0042,5.2934,0.0725,-0.4385,-0.4581,1.5733,-1.0399,-6.9088,4.4435,-2.2051,-1.6716,2.0752,2.6097,-2.3206,-2.0624,6.6911,2.8707,-2.9035,4.3527,3.4265,-0.309,3.148,0.3296,-1.3798,3.2393,2.3271,0.7719,-1.2986,2.0642,-1.1267,0.3006,-0.9261,-2.4591,1.802,1.4832,0.4892,-2.4483,-0.8454,0.7818,3.3554,2.0161,0.8825,-0.8439,0.7643,0.8663,-0.9033,-2.3763,2.5891,-0.7523,-1.7525,3.5128,0.1991,-2.8953,-1.3483
VENHQS1CQy1BNVc0OmxpaGNfdGNnYV9wYW5fY2FuX2F0bGFzXzIwMTg,-10.9766,-0.6821,-3.06,-0.1755,0.9125,1.6989,-4.3127,-2.2171,-3.2278,1.6999,-1.2375,3.1823,3.1955,3.7279,-0.2899,-5.9125,-3.3443,-3.5073,1.2958,1.1437,2.2018,-1.2489,-1.1067,-5.8051,-2.0821,2.3921,0.9971,-2.6335,-6.1588,-7.0282,-0.6291,-1.8938,-1.1427,0.2604,1.0683,1.2669,-2.5549,-0.2291,1.248,-1.8715,-0.5557,-3.4204,-1.5195,3.4066,-1.4901,0.3066,-4.2325,-5.019,4.5991,1.3057,-1.2249,0.1451,-5.7822,2.9758,-3.2773,4.7688,2.5072,-1.6439,0.7886,-1.3559,2.6107,3.7993,-3.557,0.4917,0.3372,-3.9324,-2.1419,-3.4428,1.0051,-2.6104,-2.4101,2.797,-3.9458,-2.9905,-1.4849,-1.1291,0.9864,0.2275,-3.0842,-2.4171,0.3855,-2.2504,-1.0775,3.5212,-1.602,1.1346,-3.345,1.0899,-0.2581,-3.8106,-2.1236
VENHQS1CQy1BNjlIOmxpaGNfdGNnYV9wYW5fY2FuX2F0bGFzXzIwMTg,-2.0926,-4.4729,-2.304,2.7273,-0.0318,-0.3982,-5.8958,-3.0698,-1.4102,3.7604,-1.5451,-0.5428,2.2701,-3.4434,-1.866,-4.4394,-2.6502,-0.6478,2.3787,0.7116,2.8279,-2.1866,2.9364,-0.5199,0.9309,3.9589,0.9374,-0.5134,-3.1148,-7.2421,-1.9027,-0.9021,-3.6557,1.149,5.5167,1.6641,-1.4239,-0.511,4.1769,-0.1696,-4.397,0.3953,1.5301,4.8204,4.7661,4.6913,0.0966,0.5975,1.51,1.5608,-0.0246,-0.3967,0.2754,3.0045,0.4931,6.0724,1.1406,-4.0692,0.909,-1.0585,-3.3746,4.3837,2.2609,-0.7039,-4.0965,-2.9486,-3.6278,-2.1949,0.7189,2.7182,-0.6559,1.2284,0.0684,-4.8754,-1.9944,-2.5773,2.1704,-1.4868,-7.0339,-0.2714,2.2909,1.8396,2.0839,0.888,-2.669,-0.0731,-1.533,-0.4383,0.0861,-1.2058,-1.7726
VENHQS1CQy1BNjlJOmxpaGNfdGNnYV9wYW5fY2FuX2F0bGFzXzIwMTg,-1.6128,-0.9236,-0.7915,0.642,-1.15,-1.9296,-2.2872,-1.7996,0.4757,0.9083,-0.3828,-2.0203,3.8969,1.6438,-1.2571,-0.3019,-0.3991,-0.6301,1.8157,-0.503,1.0635,-1.529,0.076,0.3838,-1.6181,1.7886,0.2285,-1.602,-1.153,-1.5992,-0.5342,0.1025,0.0893,0.2509,1.5892,-0.1718,-1.8321,0.2141,2.2636,0.074,-0.7831,0.5321,0.0935,1.4143,1.2776,0.8619,0.4141,0.0882,1.1371,0.1995,-1.7724,1.3257,3.1368,1.5669,-0.3657,-0.8515,1.7417,0.8804,-0.756,1.6666,-0.6789,1.5205,-0.459,-1.4862,-1.9657,-0.2265,-0.8677,-2.2228,2.8163,-0.1238,-2.3334,1.8213,-1.8682,-1.2764,0.174,0.0489,0.4511,-0.7622,-4.2623,-2.5032,-0.214,1.5768,-0.3605,-0.5887,-1.5053,-1.7787,-0.7658,-0.0382,-0.0204,1.9123,-0.9313
VENHQS1CQy1BOFlPOmxpaGNfdGNnYV9wYW5fY2FuX2F0bGFzXzIwMTg,-4.2358,-0.4438,0.5235,-1.1007,1.0503,-0.3562,-0.0493,-0.3915,0.0748,4.3014,0.1091,1.8762,3.749,-5.2238,1.8124,-0.1839,-2.9203,-1.4207,-0.9606,1.3193,3.105,2.2487,6.6116,-0.3438,-0.8397,-2.0583,-1.8361,4.0425,2.2664,-2.4949,-1.9937,0.161,-1.5293,2.8766,7.5371,4.5073,-0.6181,1.1306,4.793,1.4919,1.5719,-1.84,3.2231,1.7313,-3.7903,3.8805,-2.3235,-3.5236,1.4983,-0.371,-1.4733,2.5221,-0.0512,-1.8358,-1.7429,3.9138,3.7296,3.2213,2.964,0.0418,2.391,4.7013,4.196,1.9529,1.1597,0.7167,0.5201,-0.3057,-0.1417,0.9878,-1.4853,0.8428,1.6928,2.2858,0.3981,1.6512,1.4324,0.632,-3.0438,1.323,5.2777,-0.132,9.8387,-0.4414,3.3613,1.5691,0.376,1.2289,2.4049,-1.8758,0.5673
VENHQS1CRC1BM0VQOmxpaGNfdGNnYV9wYW5fY2FuX2F0bGFzXzIwMTg,-1.5608,-0.295,1.8126,-0.5281,2.0897,0.7152,-1.2816,-0.5293,1.7351,2.6422,1.7503,1.7788,2.6406,-2.329,0.406,3.1358,-0.9604,0.9216,-0.4097,0.8256,2.1947,0.5889,2.7414,2.8751,1.7504,-0.1124,1.0821,1.7191,-0.6413,-0.4144,-0.6742,-0.1267,-3.8997,2.3938,3.4235,1.939,0.024,1.6873,1.2828,1.6839,-0.2663,-0.6731,4.1462,2.1784,-3.267,1.7769,2.612,0.6727,0.2899,2.4314,0.7742,1.4233,1.827,1.6044,-0.5168,2.4913,3.1265,1.3768,1.9033,-1.2085,4.5416,4.1816,-0.2149,1.147,-0.9343,0.7189,-0.304,-0.6882,1.773,0.218,-0.1081,1.0734,2.0203,2.2522,-1.0545,0.2533,0.588,-0.5607,-2.6046,0.2761,3.8748,2.3192,5.6992,0.4892,0.6656,1.4046,0.7154,0.6207,1.2142,-0.944,0.953
VENHQS1CRC1BMkw2OmxpaGNfdGNnYV9wYW5fY2FuX2F0bGFzXzIwMTg,-4.2598,-1.4559,-1.7587,-0.0233,-1.6181,-0.7818,-1.802,-2.5228,-0.6355,4.9006,-1.334,0.7993,0.9257,-3.0186,-0.242,1.1192,-2.5803,-1.1003,0.6454,-0.102,3.6067,-0.2751,0.7373,0.1449,-0.4506,1.271,-1.838,0.3378,-2.741,-1.8597,-1.3742,-1.4299,-1.8763,-0.2273,5.6358,4.0777,-3.3525,-1.7434,4.5769,-1.134,-1.0243,-1.8224,-0.8027,1.2499,0.2433,4.3207,-0.9281,-1.5275,0.7301,0.2024,-1.3404,-1.2211,1.2508,1.7157,-1.7764,3.3393,2.4238,-1.7094,0.7542,0.3191,2.82,-1.4682,0.8938,0.8723,-2.034,-0.1653,-0.5471,-2.7245,-1.6811,-0.8915,-3.2079,-0.8904,-2.9229,-2.4222,-3.0486,-0.4326,1.2942,-0.2353,-1.1234,-1.7941,3.8575,0.3377,-1.85,-1.14,1.0518,-0.6688,-0.2529,0.6694,0.3309,-1.9401,-1.7385
VENHQS1CVy1BNU5POmxpaGNfdGNnYV9wYW5fY2FuX2F0bGFzXzIwMTg,-5.1673,-0.6214,-0.8231,0.1242,0.3066,0.5549,0.5289,-2.0578,-1.4992,4.0895,2.7829,0.9537,-2.1184,-4.1312,1.153,-0.8113,-0.7524,-0.1544,1.9124,1.5949,3.1183,0.0173,0.6243,-0.991,0.9144,0.9077,-0.3779,0.5047,0.9139,-3.0285,-1.2779,-1.12,-3.5055,0.3973,3.942,1.8547,-0.8562,-0.6781,0.6123,-0.6403,0.2027,-0.4518,2.6592,1.6375,-2.8418,2.8428,-1.5718,-1.5942,4.0881,0.8054,0.6433,0.4682,1.5119,1.2189,-1.2432,0.4715,1.3405,-0.02,3.2657,-0.5664,-2.7374,0.9088,0.1496,2.0667,-2.854,-1.9285,-2.7956,-1.602,0.0624,-3.478,1.266,0.1162,-2.1268,-2.2844,-1.8267,0.2973,3.3361,-0.4255,-1.7069,-0.5498,-0.253,0.5326,2.5171,-1.0174,-0.1623,-1.2166,-1.3503,0.1562,0.5943,-1.4596,-1.8881
VENHQS1CVy1BNU5QOmxpaGNfdGNnYV9wYW5fY2FuX2F0bGFzXzIwMTg,-6.3113,-3.9389,-0.8543,4.6201,-1.2122,1.6799,1.4028,-0.0343,-2.3126,4.1252,-1.8361,-1.7489,1.6948,-7.6379,1.24,-0.4731,-3.3166,0.5129,1.0633,0.1254,2.759,0.8011,0.591,-1.5901,-2.3759,-0.7935,-0.1204,-0.1327,-0.9654,-2.6249,1.2191,0.7138,-1.9087,2.1754,6.2074,2.6142,-3.0609,-0.7053,3.3426,-0.288,0.8075,-1.3241,2.4212,0.9952,-2.1982,2.4265,-1.647,-2.9958,-0.0919,0.0549,-0.4512,-2.8924,7.2359,2.3755,-1.4109,6.809,3.2225,0.5001,2.0008,1.8598,2.5927,2.0475,-1.0237,1.7017,1.1366,-7.347,0.7443,-0.9252,1.5261,-1.9986,0.5026,2.3781,2.7423,-2.3326,-0.9172,2.4186,0.1482,-0.2302,-6.5936,-1.5349,-0.8095,-1.3582,0.9115,-1.414,0.3664,2.3068,0.2123,0.7001,2.0168,2.2821,-0.1697
VENHQS1CVy1BNU5ROmxpaGNfdGNnYV9wYW5fY2FuX2F0bGFzXzIwMTg,-4.0592,-1.2497,0.1948,3.7327,0.7721,6.2432,-0.733,0.6913,-1.1219,5.6194,0.5067,-1.8614,-2.6573,1.5409,-0.4649,0.8333,-2.8456,-0.8569,-0.2422,2.8259,4.0417,-1.2317,3.4624,-0.7102,-1.121,-1.1353,-1.8921,0.9965,1.7474,-2.3442,-1.1002,0.3655,0.3044,2.4829,7.1144,3.7886,-0.7897,0.9749,3.0211,0.4241,1.896,-2.11,4.6489,0.758,-3.7161,2.8981,-0.65,-1.6048,1.6885,0.6022,-0.1377,2.6378,5.8764,0.4027,-2.788,-8.7861,1.9276,2.783,1.4619,-0.5703,-1.666,3.4872,0.5452,0.3329,-0.1699,2.4847,-3.8076,0.0865,1.6239,-2.53,1.8262,1.6906,0.522,-2.4868,-2.2418,2.7506,3.6806,-1.1645,-4.6204,1.2897,1.2936,1.2032,7.0096,-0.1926,-1.3727,0.1701,0.8195,0.0963,1.9565,1.3504,-1.5026
VENHQS1DQy01MjU4OmxpaGNfdGNnYV9wYW5fY2FuX2F0bGFzXzIwMTg,-2.8751,-0.9851,-0.968,2.7644,0.6304,1.2811,-0.5164,-1.4828,0.521,3.6579,2.3865,-3.2895,0.5125,-2.0337,3.129,1.5749,-2.4995,0.2798,-1.2315,-0.189,2.141,-0.0124,3.3914,3.5572,2.6454,-0.1525,0.3961,0.7118,-0.4848,-3.5002,-0.2808,1.896,-5.0716,2.3026,6.6567,1.9508,0.6293,2.9392,2.8496,1.0715,3.2909,0.8189,3.6314,1.108,-1.0177,3.4924,-0.159,0.8125,1.19,-0.4725,1.2765,0.8613,7.2928,1.4191,-1.6518,4.0118,1.4569,1.1024,0.3247,-0.788,0.7743,7.6815,-0.8273,-2.3992,2.7184,-7.4153,-1.3423,0.4457,0.5424,2.2605,0.0411,3.3116,1.4196,1.3853,1.0082,2.3017,2.0707,0.2019,-6.0042,0.607,2.667,1.4189,7.9659,-0.4511,0.2652,3.2917,0.7015,-0.536,5.1635,0.9938,-0.5341
VENHQS1DQy01MjU5OmxpaGNfdGNnYV9wYW5fY2FuX2F0bGFzXzIwMTg,-8.1491,-4.3574,-1.4678,2.221,0.3396,-2.8438,-4.1015,-4.277,-2.1685,4.5139,-1.845,-4.1827,5.9247,-1.9032,-1.9453,-2.5051,-3.0509,0.5874,4.7761,0.0819,2.3801,-2.898,-0.9732,-5.046,0.4729,4.4114,0.6423,-2.6335,-1.5123,-4.688,0.0244,-0.6322,-1.4628,1.2403,2.215,1.3232,-4.0359,-2.4737,2.0438,-3.0574,-3.4912,-0.634,0.7738,7.4771,-0.2762,1.6674,-3.1846,-3.9929,3.6594,2.2141,1.0011,0.984,-3.3626,0.4014,-2.0563,-0.7408,-1.9117,-3.7059,0.5821,-0.5468,-2.828,-0.8342,4.3891,-1.925,-3.4785,-4.3197,-3.7727,-2.5541,2.2928,-1.6815,-1.1424,3.0713,-0.7401,-3.4275,-0.1565,-0.8339,0.3358,0.978,-5.4843,-4.5051,-0.1077,0.3467,-0.9771,-4.0564,-4.277,-1.6226,-0.2796,-0.7144,-1.4505,-2.5568,-2.0003
VENHQS1DQy01MjY0OmxpaGNfdGNnYV9wYW5fY2FuX2F0bGFzXzIwMTg,-2.5037,-0.0643,0.2175,2.9986,1.0435,4.1235,-0.5804,0.0377,-2.57,6.2165,0.9063,-1.8705,1.6593,0.2473,3.042,-1.1973,-4.0832,-1.6185,-0.9203,1.5839,4.8914,-1.5722,2.6885,1.1512,5.4057,0.3452,0.7011,0.7295,2.9705,-4.965,-0.5842,0.2595,-3.1973,1.2499,7.3366,6.0589,-1.1492,-0.032,4.3075,-0.7073,1.4721,-1.9038,-0.1355,1.9951,-5.081,3.29,-0.2205,-1.813,2.8234,3.1118,0.4662,1.5763,-0.5324,2.2051,-3.8156,4.9274,2.329,7.2689,0.1754,0.0772,0.5821,4.4806,-2.3395,1.5725,-0.6543,-0.1569,-0.6477,0.7352,-0.9573,-6.6561,1.9483,1.3663,-1.6462,-0.3151,0.6021,0.6331,1.8969,0.4107,-5.6086,-1.9032,1.4431,1.1824,0.5188,1.9849,2.8434,0.9564,0.2106,1.206,4.1848,-4.3321,-0.1035
VENHQS1DQy01MjYwOmxpaGNfdGNnYV9wYW5fY2FuX2F0bGFzXzIwMTg,1.2672,1.2632,0.0312,0.5971,1.3082,3.3586,-0.2017,2.9952,0.823,5.4756,0.9005,4.0203,4.1632,2.0736,0.9654,1.9843,-1.3157,0.031,-1.2181,3.4188,3.6752,0.9378,3.0399,5.3862,0.7654,-2.0124,0.8084,3.2712,4.2991,-5.6931,-1.0424,1.669,0.0514,5.1281,4.9472,5.9009,2.1492,1.4476,3.7364,1.5164,0.9944,-0.4764,3.5116,5.7459,-1.9944,1.9887,2.3033,3.2118,2.0016,-0.7088,0.6987,0.9681,5.0993,3.3362,-1.9291,4.1655,3.0137,1.2355,1.5171,0.1799,5.9533,2.5568,4.1565,2.9122,1.3139,-1.4268,5.2253,-0.0803,0.3427,-0.8337,-0.4093,-0.2832,3.3226,4.092,1.4159,2.2026,-3.5553,0.2361,-3.3281,-0.7314,1.9372,2.2571,-2.0814,0.701,0.2424,3.8742,-0.5963,2.3992,3.1917,-1.1954,1.3248
VENHQS1DQy01MjYxOmxpaGNfdGNnYV9wYW5fY2FuX2F0bGFzXzIwMTg,1.2017,-2.4644,1.5735,0.9172,2.7371,-1.3188,1.3457,1.1785,2.58,3.8835,2.365,1.6701,3.5093,-3.2246,2.2834,3.8354,-0.7874,1.2512,-0.228,3.1938,3.4752,1.3477,2.0798,5.1388,1.1858,-1.2962,0.1845,1.5586,0.1598,1.5902,0.7703,0.6439,-2.6702,2.5649,6.0821,2.516,0.4306,2.0124,3.2766,0.4457,2.2297,-0.446,2.932,2.4266,-2.9507,3.598,3.4903,2.8515,0.5985,-0.8198,-1.9966,1.0241,3.2161,2.5472,-1.3032,6.7765,1.022,2.0188,1.041,0.2956,1.8783,3.8608,0.9253,2.3535,-0.3358,-0.9856,1.3933,0.477,1.6112,-0.0973,-0.1568,1.0327,1.9105,3.7416,1.0796,1.7193,-2.1837,2.2185,-0.0979,-0.1741,1.039,1.7038,-0.18,3.0386,0.8119,0.7906,0.9133,2.6906,1.3605,1.0513,1.1332
VENHQS1DQy01MjYyOmxpaGNfdGNnYV9wYW5fY2FuX2F0bGFzXzIwMTg,-0.3706,-0.7619,-0.1903,-0.2937,0.3599,0.1156,-2.3422,-2.8443,1.4737,4.1409,0.8353,0.7757,0.7866,-0.7389,-2.3593,2.296,-0.4356,1.0896,0.5047,0.9937,2.504,-1.9501,0.5471,2.4321,1.0221,2.0409,0.4342,-1.1451,0.1952,-2.4351,-0.2003,0.4793,-1.0875,1.6485,4.3105,3.1712,-2.2023,0.6814,1.4589,0.2499,-1.0697,-0.0526,2.9193,3.9899,-0.6329,2.3555,2.6824,2.7613,1.2417,1.8901,0.8085,1.5399,0.9839,1.5421,-0.2884,2.7506,0.336,0.0149,0.3974,-1.1977,-0.1502,2.6823,1.0399,-0.4285,0.0335,-0.1602,0.6684,-0.6991,2.1984,-1.5862,1.0155,2.6841,0.8738,0.4043,-1.1923,0.4706,1.3073,-1.1375,-5.0935,-0.8743,1.8195,3.0621,6.2975,0.2603,-0.8249,1.0802,-0.8634,0.7605,0.5904,-0.0395,-2.4348
VENHQS1DQy01MjYzOmxpaGNfdGNnYV9wYW5fY2FuX2F0bGFzXzIwMTg,-1.7261,2.1941,-0.3059,2.3687,2.1343,1.9607,-5.2568,0.779,0.4595,5.9417,1.9238,1.1414,2.4386,-2.2231,3.3715,0.3733,-2.8293,-2.017,-0.9829,2.2258,4.8634,1.5278,6.6901,2.062,3.3292,-1.2144,0.5889,2.5987,2.7388,-2.3549,-2.4182,1.7999,-2.3936,1.1125,6.8876,5.9196,0.7636,0.607,4.2395,1.3278,2.7137,-1.0259,3.8149,2.3665,-3.6429,4.0024,-0.4887,-2.1931,2.1815,0.8059,1.5005,1.0191,3.2333,2.289,-2.0268,2.0328,2.6774,3.1396,0.294,-1.0603,1.7339,-0.0954,1.3487,2.5378,0.8894,0.3514,-0.1161,1.5762,0.2971,-1.2853,1.3848,2.5619,2.9984,2.0632,1.7302,-0.1423,0.4054,0.9171,-3.6388,-0.1368,2.7602,0.7639,-1.2527,-0.9179,1.7238,3.6199,2.6854,2.8299,2.1282,-0.2799,-0.385
VENHQS1DQy1BM005OmxpaGNfdGNnYV9wYW5fY2FuX2F0bGFzXzIwMTg,3.3386,-2.2759,2.7183,1.097,4.5572,0.1584,1.9569,-1.8426,3.4817,5.002,2.2956,2.3576,3.3053,2.1973,1.1275,-0.007,-0.1974,-0.7886,0.7809,3.393,5.0438,-0.4829,3.5986,8.4941,3.2618,-1.2722,-0.6277,-0.0893,-4.3327,-1.5564,-0.2254,-4.3957,-4.8743,1.9492,8.1507,3.3946,1.8791,3.8643,5.463,3.5598,0.8146,-0.7742,2.9685,6.0418,-1.9863,4.3943,7.0493,6.0063,-0.0489,-0.3678,-0.9593,2.3474,1.1615,1.9064,-1.0812,-0.713,0.1956,-1.7748,4.2745,-0.6566,-2.06,4.5541,3.2581,-0.4743,-3.3546,-1.6846,-0.1371,0.8184,5.0011,-0.5685,-2.2873,1.0219,3.1304,5.0128,-3.5958,0.7121,1.0613,-0.7904,-1.135,2.9899,5.0189,6.3088,-0.9227,1.1213,-1.3452,3.9024,0.509,1.4583,1.6205,-2.12,2.4387
VENHQS1DQy1BM01BOmxpaGNfdGNnYV9wYW5fY2FuX2F0bGFzXzIwMTg,0.2491,-0.846,-0.3184,-0.2173,2.6045,0.5595,-4.0049,2.9134,1.1984,5.481,0.7055,3.6065,1.8295,0.5657,0.8548,1.9827,-1.0364,0.0908,0.0336,4.5673,4.0092,-1.2582,2.3699,4.223,3.729,1.0079,-0.0163,1.0855,0.7277,-4.4529,-2.7668,0.7461,-1.045,3.0908,5.3467,5.9788,2.4485,1.6828,3.8038,1.6319,2.2115,-0.5762,2.3378,3.6581,-1.5221,3.0151,1.8815,2.9398,2.6881,0.7005,-0.2243,0.6556,1.7607,4.4835,-1.2249,3.3688,1.0958,1.1629,-0.1071,-0.8005,2.9249,0.2252,2.3625,3.0811,0.2772,-2.9492,6.4457,1.1383,2.5095,-1.306,-0.0587,1.0984,2.5449,2.3052,-1.7293,3.1517,-0.4406,0.6135,-5.01,-1.3315,-0.8188,3.3966,3.4328,4.3546,1.7907,3.5686,-0.5685,1.8606,1.4585,0.5523,-0.3725
VENHQS1DQy1BM01COmxpaGNfdGNnYV9wYW5fY2FuX2F0bGFzXzIwMTg,-1.118,-3.0464,-0.2685,-0.8289,-1.3035,2.149,-3.7582,-1.0319,-1.0123,4.6002,0.5283,-0.9716,2.9129,-0.5681,0.8434,-0.2758,-4.5031,-1.2035,-0.2469,-0.8003,4.4209,0.9896,1.1147,1.1997,2.1095,0.7517,1.6875,1.1511,0.2941,-2.9696,-0.7427,0.6404,-3.4088,0.8746,5.8571,4.2762,-0.2674,-1.0491,4.7805,-1.3229,-0.0481,0.8499,3.8897,0.8806,0.542,4.8863,-0.4954,-1.8294,0.8433,2.8554,1.8939,0.2089,2.244,2.2471,-0.2817,0.447,2.2789,0.8265,-0.3098,-1.3908,1.4797,3.2872,1.1628,-0.8355,0.7313,-2.6974,0.054,-1.0662,0.3054,0.3088,-0.6297,1.6442,2.1696,0.1295,0.007,0.8769,0.198,0.6788,-6.3058,-1.5864,-0.1284,0.3416,4.8443,-1.5244,1.3821,-0.2824,0.7107,-0.2875,1.7068,1.6845,0.7068
VENHQS1DQy1BM01DOmxpaGNfdGNnYV9wYW5fY2FuX2F0bGFzXzIwMTg,-0.9087,1.518,-2.3291,-0.2726,1.8302,-1.4762,-1.8094,-1.9114,1.7944,4.22,2.7098,0.5683,4.3009,0.2951,-0.7795,0.5921,-3.1883,-0.4861,0.1517,1.4395,2.5834,-2.4073,3.0556,2.2916,3.3867,3.7528,-0.2364,3.7249,-0.1324,-5.2489,0.6821,0.7588,-1.1045,1.951,4.4652,2.8596,-0.6192,0.5439,4.1313,-0.6054,-0.0768,-0.5141,3.8596,4.145,0.5077,4.8256,1.6363,1.2557,3.6769,0.3564,1.57,2.6496,-2.0196,2.6831,1.1363,0.8689,1.9379,-0.5074,2.8845,1.0144,-2.4561,3.9109,4.1595,0.417,-0.5533,-1.1933,1.0283,-1.8115,-0.1125,-0.0212,2.5419,1.0786,1.5437,-0.6539,-1.0239,1.617,1.0012,-1.2545,-5.4464,-2.4261,-0.1466,1.1994,6.7284,-2.2645,-3.3953,-2.9573,-2.006,0.7626,0.2179,-1.3174,-0.1846
VENHQS1DQy1BMTIzOmxpaGNfdGNnYV9wYW5fY2FuX2F0bGFzXzIwMTg,-6.1463,-4.8882,-2.709,3.0637,-0.5875,1.6254,-4.0129,-1.4271,-2.9696,4.2796,-1.2854,-4.4987,1.9325,-4.0034,-1.1935,-2.7732,-2.511,-0.1395,2.7909,-1.6591,1.7835,-3.7823,-1.0581,-1.5641,2.0793,3.6985,0.6464,-2.6335,-7.3575,-1.2892,0.0863,-1.8354,-6.8914,0.9195,3.755,0.3544,-5.5192,0.584,3.2753,0.0026,-5.0566,-0.5811,-0.7684,5.7487,2.5538,2.9189,-1.8283,-1.3953,0.9772,2.4545,0.666,-2.8208,5.4812,0.2482,-2.6167,1.4536,-1.5208,-6.8506,1.1468,1.9687,-0.0961,3.7513,1.0855,-1.3568,-5.223,-9.3688,-4.4051,-2.1447,0.0349,-0.2206,-3.2447,4.5392,1.7768,-4.8754,-1.5005,-4.5456,-1.0913,-0.7541,-3.809,-2.7306,-0.6793,1.6212,-4.8737,-1.9886,-2.7955,-0.7299,-3.0181,-0.7282,0.845,-0.699,-1.539
VENHQS1DQy1BMUhUOmxpaGNfdGNnYV9wYW5fY2FuX2F0bGFzXzIwMTg,-2.5272,-0.7085,1.4569,0.0414,3.2714,2.3656,-0.0277,1.056,4.3517,4.9254,2.5098,3.0659,1.1007,0.2482,-0.2475,0.4528,0.7474,1.1192,-0.286,3.8387,1.9993,-0.161,3.3514,1.6727,3.4298,1.0743,0.0135,1.7545,0.2473,-5.5956,-0.3172,0.6722,-2.7085,3.2166,7.1049,4.696,0.841,3.5366,2.4078,2.4317,0.1902,-0.9797,3.8807,2.2449,-2.2037,2.5878,1.1566,0.6858,3.2829,2.5494,1.9788,3.1483,3.1649,2.2784,-0.1412,-2.1301,1.0244,3.7151,2.5984,-0.8237,-1.691,5.1238,3.7003,-0.2841,-0.0594,-0.9589,4.1763,0.1758,1.7782,-0.3299,-0.0364,1.5892,2.7274,0.1148,-0.4287,1.7328,2.4838,-0.2466,-2.9321,1.4026,1.7796,1.9688,9.3831,0.5882,1.9376,2.6558,0.6577,0.7979,1.9641,-1.4136,-0.6175
VENHQS1DQy1BN0lFOmxpaGNfdGNnYV9wYW5fY2FuX2F0bGFzXzIwMTg,-2.7149,-3.4993,0.7256,3.2545,0.8595,0.8385,0.5705,-1.2852,-0.2092,3.6623,2.2259,-0.5177,2.5327,-1.4297,0.9347,0.6255,-1.3033,-0.0878,0.4856,1.3709,3.3474,0.1666,-0.0731,1.9103,1.7753,0.3332,1.3778,1.0197,-1.2941,-4.4551,1.7858,-1.1673,0.5539,0.6165,6.0608,2.0883,-0.5978,0.7352,2.2443,1.4724,-2.1495,-0.7432,3.9869,1.1865,-0.8945,2.6024,-0.3712,2.9309,3.4164,-0.4377,0.6268,-2.2219,3.8834,2.376,-0.8726,8.9508,1.5637,1.961,1.852,0.4378,0.1698,4.1134,0.8494,-0.6619,-2.4597,-5.6473,-1.7456,-0.6641,3.0789,-0.616,-1.6379,1.8113,2.444,-1.105,-1.2003,1.0292,1.7918,-0.8621,-3.3177,0.3236,1.7733,3.0402,2.7245,1.6263,-2.0121,0.0378,1.252,-3.1158,2.6872,2.4545,1.4221
VENHQS1DQy1BN0lGOmxpaGNfdGNnYV9wYW5fY2FuX2F0bGFzXzIwMTg,-3.4349,-0.8124,-2.63,-4.5897,-0.2374,-2.4913,0.1408,-2.8196,0.7971,4.6287,2.2543,-0.6101,2.3846,0.5983,-0.8962,-0.0584,-3.3336,-1.8222,1.8389,1.3535,2.8987,0.5513,1.5049,-0.3224,-2.4644,1.8044,-0.8431,3.2683,-3.3735,-4.0973,-1.1261,-1.9997,-0.2721,0.7659,4.8506,2.6313,-1.1914,-1.2,3.2244,-0.2826,1.3263,-1.7967,2.1637,2.4023,0.0905,3.8197,-0.7503,0.3739,4.5779,-0.3936,-0.2573,-1.8085,0.3608,2.8111,-1.4848,-0.0289,3.3794,1.1002,4.207,1.6806,2.3429,1.6366,2.4565,0.1198,0.4687,-4.695,0.3062,-1.4981,-1.0433,-2.1999,1.4789,2.441,-0.0663,-2.5482,-0.3359,-0.542,1.7706,0.7567,1.1305,-2.9035,0.8915,-0.5687,1.2839,-1.8349,-1.2756,-1.5101,-1.2759,1.2167,1.918,-1.8606,-1.2374
VENHQS1DQy1BN0lHOmxpaGNfdGNnYV9wYW5fY2FuX2F0bGFzXzIwMTg,-4.2165,-1.1597,-1.2318,0.3946,0.3695,-1.6578,-4.4603,-1.0717,-1.5591,5.8432,0.7623,2.3266,3.281,-0.3489,-1.6731,-3.125,-2.4109,-1.0964,2.1341,0.8462,4.2312,-3.1402,2.0635,-0.354,2.105,3.9237,0.9399,1.9097,-3.9747,-6.8559,-1.3409,-0.7273,-8.4277,2.5588,5.9815,2.7485,-2.0788,0.8484,4.5935,0.8253,-1.2033,-0.2892,4.4754,3.8193,1.4603,5.9927,-0.0434,0.9757,0.1896,1.1205,0.2559,-0.9998,3.0856,3.1364,0.3949,7.7499,2.1837,-1.7978,1.6563,0.5921,1.1049,6.2426,3.5719,1.3457,-2.7366,-4.1761,-0.1555,-2.5947,0.1322,0.9544,-1.3082,1.6704,2.2004,-2.8799,-0.1401,-2.6488,1.9673,-3.5404,-7.7882,-2.4211,1.0366,2.5241,0.237,-2.3517,-0.1375,0.8288,-0.264,1.3866,1.952,-0.822,-0.0872
VENHQS1DQy1BN0lIOmxpaGNfdGNnYV9wYW5fY2FuX2F0bGFzXzIwMTg,-3.4933,-1.2765,-4.0916,3.6239,-1.2973,4.916,-2.3493,1.036,0.7817,2.6582,-1.6675,1.2435,1.3716,3.1674,1.5439,0.4933,-1.5318,-1.773,1.9151,0.0647,2.1435,-0.0737,0.8449,-0.0532,-2.4427,0.908,-0.4525,2.3839,-2.6978,-0.8407,-1.1332,-1.299,-0.0172,1.3487,3.5109,2.9949,-0.1068,-0.5432,2.4969,-1.5322,0.4647,-2.5376,3.0084,1.5613,-0.7847,2.906,-1.5491,-1.7342,1.9508,-1.8756,-3.8602,1.4082,6.3681,-0.8202,-3.0343,-2.6736,2.4289,-2.2411,-1.8996,1.077,-0.1895,3.7439,-1.5955,-0.2978,-0.2155,1.8599,-0.5373,-0.4064,3.0014,-0.6234,-0.2623,-1.0648,1.034,-0.4658,-0.5055,-0.0106,0.8064,0.9826,-0.2644,-2.3141,-2.9708,0.2589,1.6063,-0.5995,1.8359,2.062,-0.6013,0.1154,2.7778,4.7972,1.932
VENHQS1DQy1BN0lJOmxpaGNfdGNnYV9wYW5fY2FuX2F0bGFzXzIwMTg,-1.825,1.7883,-2.5663,2.7365,-0.5472,-0.6815,-0.0182,0.6658,-1.3372,6.8319,1.6063,-0.7626,3.4515,5.6837,-0.359,-2.3954,-1.5886,-0.7741,0.7549,1.7207,4.4264,-1.6311,5.3045,3.0345,-1.502,-4.0352,0.3245,2.6221,-3.6909,-5.4101,-1.1151,0.6384,-5.9519,-0.9782,7.38,5.1697,-1.2745,2.5409,4.6813,4.1649,-1.0869,-1.1519,1.6545,5.1778,2.0749,3.6672,0.2038,1.5239,1.7649,-3.4081,-0.5781,-1.4864,7.3557,0.3244,-0.6655,4.5664,0.8741,0.4435,-0.3052,-0.4733,-1.6688,4.2366,0.1135,-0.4123,-4.6056,-5.1022,0.7256,-0.5081,0.3538,-2.8929,-5.2174,1.0011,2.3382,-1.2963,-4.8706,0.7041,2.4346,-1.6355,-7.1818,-2.155,3.442,2.5748,-1.0729,-1.9389,-0.1922,3.5035,2.4897,0.3674,2.3155,-1.4905,-1.5488
VENHQS1DQy1BN0lKOmxpaGNfdGNnYV9wYW5fY2FuX2F0bGFzXzIwMTg,1.3967,-2.1672,2.2563,0.9811,2.8842,6.0113,3.12,-0.6605,3.4617,6.2338,2.8406,5.0653,2.7013,-0.5688,0.5176,1.885,-0.2493,-0.3579,-0.5137,4.9385,5.8538,-0.4486,3.5818,9.2072,2.0159,-1.08,0.2217,0.7137,0.3917,-2.5103,1.072,0.3751,-2.7502,3.5033,6.7619,4.2924,-0.7713,2.3572,3.6471,3.2622,0.9152,-0.8555,4.7719,4.3938,0.5224,5.3347,7.0856,8.1294,2.4535,0.6159,-0.5529,3.2001,0.7075,5.2011,-1.6967,0.6418,4.1493,5.5184,2.7008,-2.148,-2.2854,3.6831,2.1008,-0.281,-1.7742,0.6292,0.1677,2.0187,1.3823,-2.1616,-2.1076,4.3636,3.7066,5.4545,-3.0411,0.0252,-2.2815,-1.3445,-2.5597,1.5897,1.7942,8.5072,5.5382,1.7334,-2.0299,5.1612,2.4523,1.4991,2.2078,0.8174,1.7203
VENHQS1DQy1BN0lLOmxpaGNfdGNnYV9wYW5fY2FuX2F0bGFzXzIwMTg,-4.0313,-2.4529,-2.2621,1.2551,-3.1565,0.9977,-2.0932,1.4055,0.2006,3.8192,-0.7488,-0.5195,4.1203,3.3183,1.6909,0.7995,-2.0732,-1.7144,-2.5161,0.5655,2.4781,0.0672,2.0944,0.4101,-2.9303,-1.5898,-0.5967,2.5381,-0.8214,-1.2835,-0.4446,-0.0026,2.9608,0.2473,6.4557,5.0203,-1.6832,1.5464,2.4895,-2.481,3.9569,-3.4392,5.4347,3.973,-4.1634,1.7528,-2.1781,-3.0224,1.1057,-1.615,-0.198,3.3354,0.1915,-0.6869,-3.6383,-5.2537,0.2233,1.2679,-0.9222,0.168,-0.4379,7.1058,-3.3987,1.214,2.0045,3.805,-1.4516,0.6833,1.5497,-4.6501,3.1081,2.6109,2.669,-2.3077,1.3838,1.3562,4.2494,0.3406,-3.838,-1.7082,-0.3024,-0.3209,10.9601,3.0495,0.7463,4.616,0.5111,0.3322,0.2876,4.2043,0.6689
VENHQS1DQy1BN0lMOmxpaGNfdGNnYV9wYW5fY2FuX2F0bGFzXzIwMTg,-8.2661,1.0347,-3.2267,-2.733,-2.5885,0.3711,-1.2264,-1.168,-3.1747,2.0727,-3.8079,0.6079,0.1189,-3.291,-1.4403,-2.1027,-1.4286,-1.488,1.0267,-1.4318,1.3934,-2.2473,-1.3006,-3.9984,-5.1796,2.0218,0.8936,1.2654,-1.139,-2.6596,-0.532,-0.0788,0.0309,0.4974,3.1426,1.0885,-4.1099,-0.1618,2.177,-2.1335,-0.4364,-0.4968,3.6704,0.8235,0.4399,4.1285,-5.9288,-4.2148,2.8723,0.2355,0.1245,-3.3015,3.4488,1.3963,0.0971,0.6391,2.1499,1.3141,-4.476,3.4432,-1.4891,-0.8546,-3.3085,-3.6174,-0.0279,-0.9463,-2.2106,-1.1633,1.17,-3.3485,2.7968,1.7944,-1.4162,-3.2254,0.1189,1.7773,-0.8676,-0.1193,-7.3255,-3.0482,-3.5656,-1.0818,1.7913,-3.3278,-1.2287,-0.4353,-2.2601,0.1287,-0.1441,3.8338,-2.7012
VENHQS1DQy1BNVVDOmxpaGNfdGNnYV9wYW5fY2FuX2F0bGFzXzIwMTg,-2.4978,-0.9486,-1.9001,4.1322,0.0626,-0.8286,-2.7573,-1.306,1.1978,4.2687,3.0345,0.4626,-0.2873,0.0961,-0.8303,1.6633,-1.5793,0.7805,-0.3099,0.965,3.4101,-1.8136,1.3556,2.0569,1.5449,-2.4302,0.9548,1.1048,-2.0253,-2.8504,1.1861,-0.6598,-1.384,0.7998,6.3966,1.9529,-1.7985,1.8164,2.7596,-0.4634,-0.4659,-0.1612,3.9451,3.6202,-0.227,3.3267,1.5966,1.3419,2.8852,0.7409,0.801,0.9385,4.8965,1.8443,-1.9725,6.5908,0.0146,-1.9415,0.7156,-0.0034,-1.7469,3.8135,-0.2321,-0.6446,-1.6849,-6.2012,-0.8361,-1.769,1.9574,0.3702,-1.8802,2.2868,1.4036,-1.1333,-0.7331,1.6374,-0.641,-0.8931,-5.0995,-1.6084,0.2589,2.8056,6.0329,-0.5317,-0.798,0.6233,0.2965,-0.9794,1.5216,0.334,-0.9129
VENHQS1DQy1BNVVEOmxpaGNfdGNnYV9wYW5fY2FuX2F0bGFzXzIwMTg,-6.0499,-3.7541,-1.7954,-1.346,-0.1731,4.6248,-7.061,2.8126,1.9822,5.721,0.4613,-2.0424,2.1981,4.6627,-2.1663,-2.8097,-3.4497,-2.0538,1.5934,2.9467,1.7348,-1.6787,2.4434,0.0477,-1.369,-0.993,0.5817,1.2095,-1.8577,-1.0048,-1.9427,0.3785,-0.8149,1.5514,6.7012,5.2585,0.1442,1.5789,2.3763,0.5122,0.8038,-1.6287,5.0906,5.5846,-0.2986,4.6106,1.856,-2.3569,0.7486,0.934,-2.1881,2.9912,-1.4223,1.695,-1.8259,-0.6902,1.853,-2.1445,2.8738,0.0214,-0.7852,7.5113,-0.955,-0.9812,0.3604,-0.2707,-0.6826,-0.2261,1.9022,-3.1177,-2.2909,2.5515,2.9811,-2.2702,0.1453,-0.4139,1.7805,-1.4849,-5.7968,-2.6004,1.3903,1.3217,7.6907,-2.9393,1.0048,2.0728,0.8625,1.6279,0.6913,6.1688,-0.1727
VENHQS1DQy1BNVVFOmxpaGNfdGNnYV9wYW5fY2FuX2F0bGFzXzIwMTg,-7.7177,-1.3192,-3.0161,-0.3983,1.3482,2.1937,-3.4919,-2.9618,-1.8413,4.8466,0.8802,1.3475,1.4342,-0.0595,0.4051,-2.8475,-3.5312,-0.7379,0.8181,2.1869,1.2443,-0.9538,-3.7635,-5.1392,0.0507,1.1021,0.5414,1.1486,-0.6261,-4.4733,-1.8097,1.0229,-0.8752,0.3174,6.1256,1.4151,-0.3023,-0.8262,3.1575,-1.0022,0.2765,0.1655,3.9696,1.9568,1.0564,4.0042,-3.2088,-3.9518,2.1513,1.8187,2.1266,3.8883,-0.0311,1.0875,-1.9278,-1.681,1.9049,0.0122,2.227,-1.647,-2.1931,2.422,1.5679,-0.9773,-0.1305,0.0835,-1.068,-1.8902,-0.651,-1.3787,-0.3434,0.6564,-0.1671,-4.2315,0.1784,0.7572,7.9344,1.2131,-2.3367,-1.5354,0.0857,-0.0991,7.8042,-2.6015,1.0641,-0.5664,0.4373,2.0401,2.5497,0.3483,-1.613
VENHQS1DQy1BOEhUOmxpaGNfdGNnYV9wYW5fY2FuX2F0bGFzXzIwMTg,-5.6515,-1.8777,0.3077,0.1127,0.9873,4.3009,-1.858,-1.2601,-1.2152,5.5317,2.0129,1.8795,3.5996,-2.8238,-0.389,-1.5313,-2.4529,-1.778,1.3966,2.5109,4.1907,0.4216,2.37,-1.3079,2.5851,2.1053,-0.3479,1.7124,-0.0904,-6.8068,-0.4318,0.8795,-0.8264,1.2127,6.5761,5.1617,-1.6772,2.8708,3.537,1.4256,0.9672,-1.4955,4.4468,3.406,-0.919,3.5076,-1.8212,-1.1317,2.4385,1.5553,0.9842,2.3266,1.076,1.8974,-0.8039,3.0874,1.5585,2.1508,2.0233,-0.5953,-3.0936,5.6721,2.6739,0.7039,-2.3288,2.2488,0.3486,-1.4804,0.5446,-0.9879,-0.0488,2.4728,1.7835,-1.9148,-1.9423,1.4321,4.5952,-0.6079,-4.0613,-0.6964,0.9267,0.2555,8.5033,2.4294,1.5724,-0.1286,-0.4197,0.7096,1.1471,-0.3373,-0.4274
VENHQS1DQy1BOEhVOmxpaGNfdGNnYV9wYW5fY2FuX2F0bGFzXzIwMTg,-4.0601,-0.7042,1.6123,1.0246,-1.5659,4.6399,-0.9837,0.0415,-3.3739,6.6629,1.6051,4.6755,3.0163,-3.324,0.0427,-3.0691,-1.5102,-0.29,-2.1523,3.6059,4.8228,-1.5651,1.242,0.0295,-1.7785,1.691,1.7496,3.6532,-0.6433,-6.4386,0.0862,-0.4508,-4.8434,2.3581,6.7168,3.5513,-2.1083,-0.5472,5.3681,-0.1921,1.8007,-1.3956,3.6918,1.2497,-1.4367,3.3856,-1.2708,-0.9496,0.8951,3.9134,-0.2398,-1.2452,5.1968,4.0688,-1.0019,2.1331,4.1814,-1.628,1.5957,-1.3832,-1.3219,1.1517,-2.3914,0.9116,-1.5244,-4.4524,-2.0036,-1.9263,-1.5512,-1.6445,-0.8043,2.3024,-0.6861,-1.8417,-1.6769,-0.3211,3.302,-0.2216,-4.0014,-2.5547,-1.0481,0.5605,0.9228,-2.5307,0.6927,-1.9813,0.2286,0.4822,3.8059,-1.7909,-0.457
VENHQS1DQy1BOEhWOmxpaGNfdGNnYV9wYW5fY2FuX2F0bGFzXzIwMTg,-3.4395,-5.9925,0.304,2.7634,-1.8155,2.2401,-2.104,0.3124,-1.5877,4.2343,-0.6857,-0.2616,5.9564,-4.0934,0.2701,-1.8884,-3.7712,-0.426,1.2962,0.1254,3.4266,0.7623,0.4499,1.8989,-0.6299,1.1745,1.0938,3.4008,-3.7871,-6.8198,-0.4315,0.7163,-3.1255,2.2498,5.8159,3.484,0.0154,1.5456,3.6039,-0.0336,0.7554,-1.2087,2.7096,4.8377,3.2538,1.1099,0.4851,0.6057,0.1116,0.6714,-0.5391,0.4566,1.9589,3.5176,-0.6669,6.5465,4.1703,2.3587,1.3222,0.7297,-4.7154,7.5328,-0.0716,3.0793,-1.0699,-2.9199,0.4537,-2.2165,-0.5346,-2.4467,1.6727,1.3468,1.2847,-1.3502,-0.5472,0.0211,0.3252,-0.9661,-2.1302,-2.5441,-1.1514,0.3471,0.2161,2.7131,-1.3687,2.9082,0.1724,2.1063,1.8048,-3.5484,0.8663
VENHQS1DQy1BOUZTOmxpaGNfdGNnYV9wYW5fY2FuX2F0bGFzXzIwMTg,-3.3651,6.1637,-0.8272,-0.1161,0.826,2.0301,1.9597,-1.7259,0.1863,4.3751,0.954,-0.9701,2.1662,1.043,1.2047,-0.3553,-2.5435,-0.7041,-0.0281,0.6415,3.4029,-0.0038,0.5923,-1.2271,-1.0544,0.9804,0.7159,0.877,-0.8648,-1.3167,-0.119,0.2506,-0.3704,2.2851,3.6802,3.1002,-1.9499,1.8822,2.9442,-0.9124,2.9616,-1.8881,0.6142,1.9853,-1.2454,1.6953,-2.4079,-1.7959,4.0671,-0.0422,1.0197,1.0917,0.8136,1.794,-1.7709,1.2419,1.5014,0.9909,2.4329,1.0177,2.9017,4.865,-0.7743,0.2763,0.4785,-1.914,0.1051,-0.4766,1.9492,-1.196,-0.3205,3.3887,1.1222,-2.2944,0.5311,1.709,-1.5766,-0.3168,1.3757,-1.602,-0.379,-0.3352,-0.2646,-1.3161,1.2954,-0.6414,1.1297,-0.7733,2.2693,0.2338,0.6515
VENHQS1DQy1BOUZVOmxpaGNfdGNnYV9wYW5fY2FuX2F0bGFzXzIwMTg,-7.2365,-3.9617,2.3661,3.188,-1.3552,1.1369,-2.1904,0.4568,-3.007,4.7756,0.9343,-3.2874,7.6233,-4.7329,0.9254,-3.0799,-2.6999,-0.7141,2.0459,0.0712,3.4718,0.8295,2.2175,-2.1014,-1.2608,0.632,1.7398,2.665,-2.6448,-2.5865,1.9944,-0.569,-2.8059,1.817,6.4463,2.6018,-1.6224,0.616,5.3972,-0.3407,-0.4457,-0.2989,2.8212,6.3555,1.301,4.7724,-3.2319,-2.8067,1.6475,-0.8408,-1.5061,-1.161,5.3363,-2.0627,-1.1792,3.4825,2.4538,0.4399,0.6177,-0.8125,0.1897,4.1749,1.7693,0.5399,0.6836,-0.7588,-2.8286,-1.2358,0.0596,-1.0295,-0.7418,5.0347,-0.004,-2.8376,-0.761,0.3639,0.7504,-1.3621,-7.7772,-2.2,0.1975,-0.8584,0.9806,3.6212,-0.5521,2.9211,0.6792,-0.6902,2.3534,2.3653,0.2943
VENHQS1DQy1BOUZWOmxpaGNfdGNnYV9wYW5fY2FuX2F0bGFzXzIwMTg,3.6049,1.3956,3.4316,-0.3508,3.1089,4.1177,-2.3316,1.1888,2.7874,2.1377,2.9602,2.5319,2.8153,-2.0353,-0.1627,1.1482,0.1155,-0.122,-0.1489,2.9636,0.9766,0.8615,2.9581,3.5769,4.6992,-2.3864,-1.3263,2.7612,1.6169,-2.2808,-2.1395,-1.5911,-4.9968,2.7713,1.7426,2.1723,-0.0368,3.8535,1.2912,3.2758,0.1078,-1.0133,2.9234,1.3505,-3.5115,0.8875,4.8214,5.9642,-2.821,2.0103,-0.7965,1.6595,2.0747,3.6586,-1.7929,4.0547,2.6878,1.865,4.0966,-1.502,-0.4822,5.1684,2.6069,1.0824,-1.1796,-1.7605,2.6698,1.1139,-0.0433,-0.4795,-2.5122,-0.8716,0.9435,3.9426,0.1741,0.0981,-0.0639,1.1481,-2.9394,0.1143,0.9945,5.1143,-1.0561,1.4863,0.5244,2.4428,-0.8208,0.4158,0.9434,-5.9381,2.7703
VENHQS1DQy1BOUZXOmxpaGNfdGNnYV9wYW5fY2FuX2F0bGFzXzIwMTg,-5.4902,0.2426,0.9629,2.961,0.2432,2.8781,2.3012,-2.4094,-3.9123,2.392,1.5922,2.8034,3.5523,0.1143,1.8144,-3.7329,-2.3499,-1.2699,0.5816,1.0023,1.9017,1.2292,2.0676,-0.2734,-0.0592,2.0757,1.7384,3.0103,-1.8388,-1.2154,0.3333,0.9496,-0.8241,2.0275,3.8224,0.9201,1.0556,-0.2432,2.7362,-1.5855,-0.3686,-2.1208,3.1729,2.8479,1.9666,2.2836,-2.019,-2.2697,2.0917,3.1009,-0.8089,1.0049,3.2871,0.5,-1.0831,2.1331,2.6007,0.7461,0.8801,-0.6089,0.9486,3.6645,-0.9239,0.4566,0.1837,-0.9526,-1.6958,-0.1345,2.3569,-0.1346,-1.3327,3.4793,0.7295,-1.6563,-1.747,0.9609,-0.8027,0.1757,-6.167,-2.2243,2.045,-0.5431,4.6866,3.0352,-0.4585,1.3167,-2.5872,-0.694,2.4372,4.6715,0.1754
VENHQS1ERC1BM0E0OmxpaGNfdGNnYV9wYW5fY2FuX2F0bGFzXzIwMTg,-4.6872,-3.5776,-3.6947,2.7692,-3.6338,-1.1112,-1.7574,-3.7268,-0.7258,0.8845,1.249,-3.4864,-2.1579,0.2584,0.3621,2.5179,-2.802,-2.8906,3.1498,1.9632,0.1692,-2.9283,0.4666,-1.2082,-2.5746,-0.241,-0.1953,1.6544,2.2674,-2.6283,-1.0517,3.1276,-6.6457,-1.8381,-1.783,-0.4528,0.4977,-0.665,-2.7817,-2.4915,-0.7627,-1.5,2.1114,3.1262,0.432,0.3179,-2.71,-3.8278,-0.003,-2.79,-0.4047,-1.3427,-0.0865,0.1311,-1.6626,0.8956,-0.1051,0.6615,-4.7516,-1.3455,-2.2385,0.2566,-1.8138,-3.7687,1.828,0.0139,-0.8744,0.1248,-2.7972,-3.0955,0.448,-2.9923,2.4166,-1.5817,1.0634,0.3586,2.8855,-0.0567,1.6044,-2.4676,-0.6751,-2.3483,4.1724,-1.4298,1.3126,1.3445,-1.3179,0.0751,-0.3456,-1.8636,-1.2965
VENHQS1ERC1BM0E1OmxpaGNfdGNnYV9wYW5fY2FuX2F0bGFzXzIwMTg,-4.1112,-1.4993,-1.2039,-2.2364,-1.6887,0.0442,-1.9893,-4.3476,-0.881,4.0191,1.3384,0.8137,1.3065,-3.1861,-0.2779,1.4076,-2.7023,-0.8689,1.173,2.6386,4.0201,-2.9101,2.135,0.0026,-2.8955,0.7266,0.5443,-0.1105,1.127,-3.8683,-2.3825,-1.4658,-2.2983,-0.0132,3.3157,3.4443,-1.6568,-1.77,2.8101,-1.5278,-1.7813,-0.2839,0.9774,-0.449,-3.2509,4.3791,-0.1456,-0.3736,2.2237,1.1267,-0.8514,0.3104,-0.7366,2.4642,-2.22,1.4877,1.1623,-1.8367,1.5661,-0.8388,-2.1607,-0.9402,-1.4427,-0.8221,-2.1142,-1.059,-0.9983,-2.1614,-1.9923,-3.6184,1.8634,-0.3756,-2.0768,-1.3023,-1.2088,-0.6683,1.791,0.0675,1.0403,-3.8554,-0.9487,1.2965,0.5761,-0.998,-0.1222,-0.7268,-3.3324,-0.4162,1.2293,-2.1475,-1.3862
VENHQS1ERC1BM0E2OmxpaGNfdGNnYV9wYW5fY2FuX2F0bGFzXzIwMTg,2.667,-2.2248,3.662,-1.54,1.5477,-0.3281,-3.0171,0.5272,5.5012,2.8648,1.4898,2.7258,4.7513,3.3438,-2.3491,-0.371,-1.0869,-0.0728,2.4708,-1.2571,0.2278,0.3787,0.9473,1.0109,3.0845,1.3369,0.4823,0.965,-0.8145,-4.6863,-3.3367,-4.0143,-6.8385,2.879,1.6259,2.5094,-2.6782,1.1802,-0.0002,0.9186,-1.3264,-0.3376,2.2549,3.737,-3.424,-0.003,4.1474,9.6222,-1.0443,1.6282,0.7767,1.2972,1.7515,3.3536,-1.0713,7.6102,3.7092,3.2201,4.397,2.574,0.0551,3.7095,2.4664,0.4314,-3.42,-2.5769,4.2347,0.8966,0.6451,0.168,-5.8244,-0.3108,0.768,-2.9254,-1.8893,-5.2867,0.8592,-0.4062,-4.2551,-4.5051,0.1874,4.3563,-0.6413,0.4877,0.2432,-0.6905,-2.7981,0.7491,0.822,-8.8124,2.0796
VENHQS1ERC1BM0E3OmxpaGNfdGNnYV9wYW5fY2FuX2F0bGFzXzIwMTg,-4.1417,-3.7835,-2.9597,-0.1964,-1.3071,1.8221,-5.2203,-4.7806,-3.2892,4.4706,0.3341,0.41,0.9946,-3.999,-1.4395,-3.7906,-4.533,-2.2815,2.5034,-3.4548,2.7234,-3.7996,-0.1742,-0.9767,0.4843,5.5515,0.8712,-2.6335,-10.2861,-3.5417,-2.3153,-0.8147,-7.1546,0.8849,1.4731,0.534,-5.5192,0.9244,3.9249,-1.7477,-0.6611,-0.7494,4.4119,1.9338,2.4673,2.5656,-1.8005,0.0206,-0.3885,1.7067,-1.0249,-1.7087,-0.9327,2.3225,-0.8381,-2.3269,3.2166,-3.2481,0.7097,-0.2437,-4.6853,3.8386,5.901,-1.13,-3.8504,-1.943,-1.1172,-3.4719,-0.7593,-0.7435,0.7089,0.745,1.7861,-4.8754,-2.6954,-2.9059,-1.0743,-0.4557,-4.0918,-2.5475,-4.1199,-1.6025,7.5914,-2.2408,-2.6801,-6.2454,-1.3571,-0.1035,-0.9567,-4.5083,-2.7376
VENHQS1ERC1BM0E4OmxpaGNfdGNnYV9wYW5fY2FuX2F0bGFzXzIwMTg,-7.7061,-0.4732,-2.6465,-1.4646,-0.4377,-0.4116,-3.1707,-1.2509,-0.3084,1.6335,-0.9349,3.2565,1.4899,1.4482,-1.2604,-0.2637,-2.8897,-2.7565,-0.5213,-1.3461,2.4822,-1.0316,1.0478,-2.0167,-2.8037,1.8916,-0.2281,1.8655,-1.2943,-2.0194,-1.0183,-0.4701,2.6421,-0.2775,-0.2374,1.9036,-1.454,-0.5581,1.1393,-3.4989,-0.2285,-1.6206,0.5219,1.2454,1.3266,1.9508,-1.3939,-1.5758,0.2695,0.4385,-2.5842,-0.4555,2.575,0.8155,-1.563,-3.0582,2.4397,0.3897,-0.2185,0.8634,-0.7917,2.204,-2.5404,-0.5515,-0.6513,-1.5374,-0.7632,-2.5292,2.4088,-1.7734,-3.5947,-0.0834,-0.5159,-2.8374,-0.4688,-2.111,0.0828,0.0194,-3.9256,-2.0546,-1.4923,-0.4537,-0.2955,2.1705,-2.2014,1.9461,-2.0893,0.0861,0.7945,5.2229,-0.1413
VENHQS1ERC1BM0E5OmxpaGNfdGNnYV9wYW5fY2FuX2F0bGFzXzIwMTg,-1.0889,-3.2939,-1.9411,0.9857,-0.8118,-1.7139,-6.6283,-1.6192,1.2286,3.2551,0.4043,0.4998,0.1217,0.0888,-2.2086,1.8177,-3.1214,0.6616,2.0603,-0.5982,2.1552,-2.7872,1.724,2.4373,-0.5743,1.6916,1.4748,-2.6335,-5.2464,-4.1675,0.392,-5.551,-6.1785,1.0555,1.4418,1.7499,-0.4151,-1.5216,3.3711,0.2652,-3.3052,-0.6385,1.001,2.4156,0.44,1.7361,3.0612,3.3414,-2.361,2.5702,-2.1076,-0.2659,3.9478,3.3396,-0.5599,4.1242,2.2912,-1.3889,0.0552,-2.101,0.5164,0.7044,1.8956,0.1906,-1.081,-9.012,-0.3852,-2.7046,2.5508,0.7666,-1.684,-1.901,0.6494,-1.5168,0.5829,-2.1294,-2.6535,0.3675,-3.9615,-0.8412,-0.5371,2.9106,-2.8363,-0.6414,-3.5531,-3.2424,0.912,0.438,0.3678,-3.4094,-0.7201
VENHQS1ERC1BM0ExOmxpaGNfdGNnYV9wYW5fY2FuX2F0bGFzXzIwMTg,-9.2101,-1.9368,-1.4182,0.0607,1.2192,-1.5651,-2.9988,-3.1775,-3.4428,2.489,-0.9552,-0.6265,-1.8248,-0.64,-2.8106,-3.8534,-2.2949,-2.4476,1.1193,-0.5893,1.6212,-1.9524,-1.1324,-6.3814,0.023,1.878,1.4182,-1.6323,-4.3388,-8.7782,-1.0483,0.7896,-3.6073,-1.3431,2.7411,1.8284,-1.7826,-0.2076,1.3853,0.1986,-3.0297,-0.6225,5.2727,0.3139,2.6616,1.4206,-3.1987,-5.5125,0.8252,2.2844,3.0093,1.0315,-2.7957,1.5864,-0.0709,-2.3495,0.5334,-2.7443,1.0251,-1.8604,-5.6886,1.6144,4.7728,-0.0612,-1.3516,-6.8114,1.1709,-2.021,1.1603,1.0427,1.0048,1.2703,1.7946,-3.5177,-3.464,0.5574,-2.7716,0.0195,-5.3713,-0.5252,-1.8728,-0.6263,10.7714,-3.1508,-1.4104,-1.3107,-3.681,-1.9337,-0.1199,-3.4228,-0.8405
VENHQS1ERC1BM0EyOmxpaGNfdGNnYV9wYW5fY2FuX2F0bGFzXzIwMTg,-1.5934,3.6279,-0.9037,1.4657,-0.8359,0.1624,-0.5424,-1.6056,-1.6095,-0.4544,-1.18,3.0143,1.3014,1.5407,0.2095,-0.0663,-2.2046,-0.3893,0.6327,0.9225,0.7177,-0.0863,-1.2408,-1.9888,-0.9524,0.2254,1.4929,0.2637,-1.0979,-2.9335,-0.5834,-0.4993,-0.4924,-0.9458,1.4339,1.6999,-1.3359,1.6419,0.3042,-1.2412,-0.422,-2.8369,0.0822,-0.0863,2.2009,0.6637,-1.7196,-2.0307,3.4287,1.6827,-0.9442,0.6001,-0.5823,0.7774,-1.8552,1.3094,3.4535,1.4419,-0.2242,-0.087,-0.8097,-1.4285,-1.9676,4.5616,0.2586,0.8235,-3.1806,-0.3895,-0.739,-1.4113,0.7475,-2.4107,-1.468,-2.0667,-0.5424,-0.6051,0.8438,1.2309,-2.0902,-2.1979,-2.606,-2.1099,0.7053,-1.045,1.2216,0.2983,-2.0161,0.0026,0.1724,-3.5789,0.7702
VENHQS1ERC1BM0EzOmxpaGNfdGNnYV9wYW5fY2FuX2F0bGFzXzIwMTg,-5.8432,-3.1087,-2.9297,-0.3536,0.0958,-2.3095,-4.4658,-4.2365,-1.0695,2.421,0.2848,-0.8791,-2.0698,-2.7489,-0.2752,-2.7253,-2.8244,-1.2521,2.1597,-1.5529,1.8448,-2.9553,-0.4469,-2.6817,-2.8578,5.6155,1.2461,1.253,-1.5465,-6.642,-1.5584,-0.2935,-2.1995,-0.2435,2.5726,-0.6682,-2.68,-1.9666,1.6236,-0.7878,-4.1993,-1.188,1.6481,3.5808,2.3084,1.527,-2.0787,1.3904,0.2973,1.4668,1.3859,0.066,-2.2349,1.2275,-1.1404,-4.2974,1.4645,-2.835,2.72,-0.9431,-2.7667,1.7174,2.4889,-0.9189,-1.9573,-2.6054,-3.4653,-3.8094,3.1676,-0.8305,-1.5143,1.5519,1.0148,-4.8754,-3.6351,-0.6262,0.5845,0.1654,-7.7974,-1.759,-2.3736,-0.5246,2.2665,-2.6684,-1.6612,-4.7373,-2.5294,-0.4596,-0.0022,0.4286,-3.2921
VENHQS1ERC1BMTE0OmxpaGNfdGNnYV9wYW5fY2FuX2F0bGFzXzIwMTg,0.5531,-0.3076,2.1506,0.5681,2.6041,3.6574,-1.4635,1.1087,2.0871,6.545,2.552,1.9048,2.9064,-0.5683,2.5309,2.278,-0.527,0.5755,0.0928,3.0178,4.9355,-0.4818,4.3468,3.7117,3.316,0.6992,-0.5722,0.1632,2.8336,-4.8709,-1.7466,-0.251,-3.9716,3.3889,6.3079,4.3932,-0.0219,3.1948,4.6527,1.8688,2.9142,-2.0175,1.6882,4.1212,-3.9548,3.9487,2.8249,1.6672,2.6646,2.3426,-0.2174,1.9419,0.6978,1.9383,-1.5992,4.8281,1.1649,0.9776,2.0327,-0.5628,3.7605,8.8165,3.5446,1.2235,-0.4634,-1.4976,1.5215,0.678,1.1602,-0.7249,0.4421,2.6628,3.2716,2.5339,-0.6613,0.6555,-1.0454,-0.0489,-0.1639,1.3711,3.1138,2.4156,2.8224,0.1991,-2.0988,0.163,-0.5014,2.0006,2.5196,-2.9883,1.0968
VENHQS1ERC1BMTE1OmxpaGNfdGNnYV9wYW5fY2FuX2F0bGFzXzIwMTg,0.6439,-0.4011,0.2548,0.1168,-1.2454,0.9716,0.0378,-1.0661,1.5438,3.6496,1.5114,1.1463,4.5308,-0.9858,0.5498,1.6046,-2.549,-1.0234,0.6035,1.9536,3.2929,-0.9883,2.5898,2.114,-0.1041,2.8624,-0.2112,0.7838,0.8015,-4.1491,-2.289,0.6667,-2.2225,2.7636,5.1366,3.4553,-1.4039,0.846,2.9964,-1.1796,-0.337,-1.2476,1.6049,1.6056,-2.2952,2.9578,0.4169,0.5698,4.6395,0.4696,0.1813,-0.7499,0.0374,2.3648,-0.4409,4.4462,-1.4115,1.7917,-0.1892,0.4126,0.3823,2.9252,-1.5907,0.0967,0.757,-1.7919,0.6106,0.6174,-0.5474,-1.9849,-0.02,2.3247,-0.387,2.724,-1.2506,0.5312,1.7788,1.1237,-5.3593,-0.806,1.9206,0.5735,2.5409,1.4763,-0.3754,0.9986,-2.1936,0.9062,1.64,-1.3658,-0.4432
VENHQS1ERC1BMTE2OmxpaGNfdGNnYV9wYW5fY2FuX2F0bGFzXzIwMTg,-4.0759,-1.1005,-3.549,-3.0222,0.2953,2.7172,-2.0368,-3.3867,0.1853,2.4478,1.0699,0.6084,2.3577,2.8393,-0.9263,-0.7657,-2.1123,-1.0748,1.2582,0.9061,2.7198,-1.5885,1.644,-0.9503,-1.7527,3.1943,-0.0966,-1.7161,-3.6352,-2.1731,-1.7258,-2.3431,2.4157,2.3983,3.4113,1.7902,-1.5857,-0.536,2.7529,0.4505,-0.5542,-0.2135,2.4962,4.0047,3.7324,2.6228,0.2865,0.9242,2.5776,1.1765,-1.2456,0.0893,0.4118,2.068,-2.6129,-0.7469,2.2756,-0.7415,3.6627,1.0627,0.9351,5.8758,2.3248,1.7923,-0.8429,-0.0497,-3.9952,-1.4187,2.3754,-2.5027,-2.7589,4.4866,-1.0403,-2.9392,0.2655,-2.8408,-3.1955,0.0705,-2.258,-1.5944,2.7093,0.5535,1.4164,-1.2461,-2.6411,0.5387,-0.1935,0.8862,1.9181,3.9222,-1.8978
VENHQS1ERC1BMTE4OmxpaGNfdGNnYV9wYW5fY2FuX2F0bGFzXzIwMTg,-2.8447,0.1406,-1.859,3.9324,2.0575,-0.5683,2.5245,-0.1627,1.1199,2.3932,0.3252,1.3222,2.2982,-4.8182,1.2084,1.737,-4.0767,-1.5453,-0.7826,-3.1606,1.2152,0.4877,2.5751,4.1832,-0.9213,0.8575,1.2349,1.4772,-2.755,-6.7817,2.5371,0.2565,-6.8026,1.9687,3.1442,1.1899,0.8305,0.2927,2.586,0.9852,0.698,-2.1229,1.1511,2.7458,0.9531,1.1554,1.0209,0.5472,2.0122,-1.3055,-0.5744,-0.6,4.5174,1.6526,-1.1986,0.6816,1.9782,-0.037,-1.9491,-1.1276,1.5101,-1.6818,-1.6267,1.1157,1.9571,-2.7873,1.0995,-0.2846,0.9392,1.2224,-4.8906,-0.4112,2.1504,1.6266,1.239,1.0628,-1.4261,1.2809,1.7023,-0.3407,0.14,0.491,1.7845,1.0711,-3.2623,-3.2938,-0.702,-0.0202,2.5468,0.595,1.3621
VENHQS1ERC1BMTE5OmxpaGNfdGNnYV9wYW5fY2FuX2F0bGFzXzIwMTg,-1.3236,0.6503,-3.3224,-0.612,-0.2912,-0.7933,-2.8232,-1.5144,-1.1948,1.6363,-0.022,-0.1898,-0.986,-5.2654,-1.932,1.7799,-1.6887,-0.0285,3.2783,-1.9424,1.0619,-2.3074,0.5509,0.8028,-1.0808,4.1945,0.3246,-1.6616,-1.1879,-3.8681,-2.2156,-0.6744,-0.7788,0.6828,2.0646,-1.4295,-3.4522,-0.5775,0.3592,-0.9178,-0.7278,-0.6908,1.9774,1.6495,0.6346,-0.5278,0.8138,1.8579,0.7227,0.8172,1.2689,1.0349,-0.9632,2.8672,-0.2491,-0.5797,-0.5438,-2.5044,0.5765,-0.4271,-2.3665,-1.9761,2.1521,-1.0679,-2.4576,-4.94,-4.4143,-1.5175,0.9702,-1.8116,1.6512,0.0951,0.1315,-3.1653,-3.032,1.404,1.7894,-0.173,-4.789,-0.8192,-0.4674,1.7194,4.1962,-1.2421,-2.5479,-1.8947,-1.8559,-0.0778,0.9025,-0.2929,-3.2373
VENHQS1ERC1BMTEzOmxpaGNfdGNnYV9wYW5fY2FuX2F0bGFzXzIwMTg,-3.9272,2.879,-1.3385,1.5042,0.9806,0.739,0.7893,-1.9595,1.1308,4.7532,2.8673,-1.0993,3.5034,-4.0591,1.5297,2.0218,-3.5099,-0.0505,-0.8809,1.2876,2.2573,0.0253,3.1888,1.0849,0.1348,-6.7657,0.1042,3.8298,-0.4809,-4.2795,1.0809,1.6211,-2.5411,2.5976,4.9346,2.5269,-1.2559,0.436,5.2759,0.8485,1.1863,-2.0165,3.602,2.5961,-3.2455,2.17,-0.2541,1.5115,3.0155,0.3103,-0.1099,1.3541,2.1384,2.122,-2.5033,5.2146,3.26,-0.1398,2.0314,-1.4406,0.5426,1.0016,3.0201,0.8365,-0.4679,-7.7745,-0.2314,1.115,0.7992,-1.5598,1.0357,3.6725,2.2823,-1.6249,1.4545,0.5304,-0.0891,1.273,-4.4855,-0.5118,0.2537,-0.7349,6.6966,-0.9835,1.3371,-1.0444,-0.8122,1.7736,1.7688,-3.1747,2.1069
VENHQS1ERC1BMTFBOmxpaGNfdGNnYV9wYW5fY2FuX2F0bGFzXzIwMTg,-4.6142,2.283,-3.0411,-0.0134,-1.4144,3.5607,1.2818,-0.0326,-1.4575,2.9427,1.8173,-1.1129,0.6206,-0.1995,0.4946,0.7334,-1.8844,-0.9346,1.6844,0.6736,0.9917,-0.7098,0.3435,-0.8323,-0.3817,2.5471,0.9621,1.8214,3.0871,-3.4015,-0.3493,1.5165,-2.0595,-1.0017,4.8385,3.1817,0.19,2.4222,0.5111,-1.0969,2.0732,-0.3973,0.9917,2.4673,0.3855,1.2795,-2.7752,2.2107,2.3564,-0.3454,1.3487,1.0208,0.1304,1.4301,-0.4546,-0.3682,2.2944,2.5311,2.0938,0.4349,-2.1109,2.922,-3.2593,-0.6782,-0.2814,-0.4218,0.7841,0.0579,-1.29,-2.7022,0.6585,3.0869,0.0533,-1.3417,2.5044,1.0214,-0.3006,-2.4501,-0.9747,-1.7697,-1.1219,-0.0977,5.3302,-1.7611,1.4533,-1.7315,0.4358,-0.4559,1.566,-2.5714,-0.6268
VENHQS1ERC1BMTFCOmxpaGNfdGNnYV9wYW5fY2FuX2F0bGFzXzIwMTg,-2.6797,-2.5563,-2.5711,0.646,1.6705,1.5332,2.7351,-0.5247,-0.434,2.6672,0.6975,0.7638,-1.2219,0.1362,1.7152,2.1552,-4.6636,-0.273,-1.4769,2.7066,1.3446,-2.1513,0.4462,-1.1476,-1.4782,-0.622,-0.3267,-1.8241,2.45,-0.3928,1.3028,0.4202,1.7025,1.2646,-0.5486,1.3981,-0.1252,0.7804,1.9697,-0.6548,3.4908,-2.602,0.7201,-0.4558,-1.2677,0.575,-1.6204,-4.5757,2.6937,0.8738,-0.4085,-0.0683,0.1342,1.377,-2.453,0.5824,1.373,0.6543,0.0085,0.6353,1.9914,0.0882,-5.7583,-0.1616,1.2902,-1.5541,-2.8614,0.5349,1.49,-3.5676,2.1179,0.7867,-2.578,0.7121,0.9061,1.2774,-2.6016,0.968,-2.3948,-1.5363,1.4467,-0.5224,0.2996,-0.8333,1.6421,3.265,-1.2875,-0.5533,1.7407,0.768,1.9937
VENHQS1ERC1BMTFDOmxpaGNfdGNnYV9wYW5fY2FuX2F0bGFzXzIwMTg,-1.2051,1.1881,-0.0969,1.9714,-0.3572,-0.2093,1.8948,-2.3107,2.341,4.0247,3.63,1.7694,1.9708,-1.0184,1.3733,2.8734,-1.3764,-0.5607,0.9945,2.2296,4.6003,0.2842,2.2687,3.4023,0.6303,2.9478,-1.121,0.0388,1.9289,-2.6206,-1.0574,-0.3139,-2.7997,-0.9757,6.4362,3.3857,-0.0184,-0.799,4.2832,0.7128,1.3558,-1.3185,1.2882,-1.8238,-2.2052,3.682,0.5675,-1.299,2.7221,-1.542,0.1742,1.7072,1.9946,1.0258,-1.2045,-2.9284,0.7549,2.5684,1.2363,1.6818,-1.6503,3.1012,-1.5647,-1.2981,1.8973,0.058,-1.5921,0.2523,-0.268,-2.0443,1.3773,0.8121,-0.2365,1.4224,-0.0501,1.122,1.3596,-0.3025,1.3908,-0.397,-1.0965,1.5647,0.3032,-0.1066,1.9062,0.2785,-0.8833,0.5511,1.8632,-1.7965,-0.3396
VENHQS1ERC1BMTFEOmxpaGNfdGNnYV9wYW5fY2FuX2F0bGFzXzIwMTg,-2.2234,-0.4375,-1.7847,1.4804,-1.679,1.1009,0.512,-1.64,-0.7769,0.5631,0.4444,1.2217,3.0631,-1.1621,-0.1683,-0.3942,-3.0083,-1.1261,0.6243,-0.1882,0.81,-0.4927,-0.2581,1.6383,-1.7728,-0.3347,1.4521,1.1055,0.2851,-3.2907,1.4795,0.6616,-3.852,0.181,0.0625,2.2619,0.7942,-0.6321,0.899,0.7332,0.1418,-0.2129,-0.2483,1.6393,-1.7201,0.9872,-0.9947,-0.5807,0.8353,1.469,-0.6122,-0.0496,1.6898,3.1426,0.1104,-0.3169,2.2807,0.1714,-1.7519,0.5368,0.8045,2.7645,-2.3623,0.4169,2.8113,-1.1419,-0.6656,-0.2285,0.9115,-0.7521,1.0381,0.9266,-1.2255,0.5703,1.1227,1.4062,-0.7161,0.7445,-6.2134,-2.1155,0.2193,-1.5329,1.4095,-1.438,-0.1951,1.0224,-2.2397,-0.6174,0.1527,-0.6444,-1.5904
VENHQS1ERC1BMUVBOmxpaGNfdGNnYV9wYW5fY2FuX2F0bGFzXzIwMTg,-3.9256,-1.4593,0.4351,0.18,0.8693,1.8007,0.0302,-0.3896,0.0247,2.9724,0.1802,0.03,3.7065,1.0321,3.3218,0.4985,-2.3329,-1.1629,0.0819,0.8173,2.026,1.3281,3.4745,-2.8942,-0.4795,1.0308,-0.1667,2.9723,1.7666,-1.491,-0.1938,0.2505,0.5604,3.0615,-0.5233,3.2351,1.8735,0.8431,1.0459,0.2233,2.4637,-1.8667,4.6328,0.6281,-2.6186,1.7433,-3.5084,-4.6163,1.501,0.0536,-1.6469,1.9717,-0.9565,-1.0734,-0.2031,-8.7026,0.9683,2.379,-0.8576,0.8937,-0.0966,6.4378,1.1194,-1.1193,1.8514,2.8626,-1.6366,1.0336,2.0594,-2.1999,0.7721,0.4627,1.0565,-2.6351,2.1287,2.5114,0.5367,2.1958,-2.7507,0.5639,1.132,-0.4843,5.9732,-1.2578,2.8065,2.6207,-0.8834,0.6844,2.1274,5.7036,0.3991
VENHQS1ERC1BMUVCOmxpaGNfdGNnYV9wYW5fY2FuX2F0bGFzXzIwMTg,-2.0994,3.047,-1.9067,2.1622,-1.7028,-1.4094,-0.5544,-2.2682,-0.7011,0.5171,-1.1267,-0.7326,5.6619,0.3966,1.873,0.615,-2.0478,-0.356,0.5392,0.0464,2.1944,-0.0489,2.0746,1.1843,-1.9917,0.3434,1.347,1.6365,-0.2531,-4.46,-1.0006,-0.6741,-4.0323,-1.224,1.2002,2.4497,0.1688,0.8625,0.5474,-1.3693,0.7153,-3.0038,0.7328,1.9748,-4.3427,1.0981,-1.5263,-2.3263,4.3377,2.9668,-2.3451,2.2597,0.1097,2.5953,-2.1087,-0.0391,1.1238,3.1019,-1.8178,0.0953,-0.9586,2.3186,-2.7815,4.037,-1.1103,1.7284,-2.163,0.5151,0.098,-3.2983,1.7744,-2.0984,-1.5303,0.6285,0.1491,0.2776,-0.8523,1.3391,-3.4367,-0.6218,-1.6814,-0.2176,2.8448,-0.7059,0.1837,0.1561,-2.557,-1.8351,-0.3831,-4.1327,0.0284
VENHQS1ERC1BMUVDOmxpaGNfdGNnYV9wYW5fY2FuX2F0bGFzXzIwMTg,-0.6678,1.5162,2.8023,5.061,3.6519,3.2132,-1.5843,0.3046,0.9114,2.4779,1.5698,0.0346,1.7329,-1.8627,0.8243,-0.2708,-1.7042,-1.5941,0.6504,1.865,2.9016,0.018,1.5399,0.6643,2.1126,0.224,1.5628,2.8996,0.5957,-5.6088,-1.0276,3.0358,-2.4305,2.9919,4.5788,2.9291,-1.3296,1.9304,1.6686,1.1532,0.5264,-0.782,1.9698,1.9566,-0.082,1.6887,-0.6746,-1.1781,2.4789,1.1917,0.5315,3.4784,2.2292,5.4203,-0.0372,-2.7173,2.6426,0.7084,1.7584,-1.1667,1.4671,2.497,1.0739,1.6697,0.0115,-1.8858,-2.0052,1.1822,1.2361,1.9941,0.5562,3.2838,3.8943,3.7421,-1.645,0.462,1.0318,-0.7743,-2.6643,2.2849,3.0637,0.8735,0.2568,0.731,-1.2299,3.2043,0.4941,0.1406,0.1947,0.4634,2.96
VENHQS1ERC1BMUVEOmxpaGNfdGNnYV9wYW5fY2FuX2F0bGFzXzIwMTg,-3.0463,0.012,1.0154,0.6151,1.5273,0.0993,1.5505,-2.0706,0.559,0.4685,1.0147,0.2181,1.9195,1.9743,0.5838,1.2626,0.0435,-0.6,-0.3641,1.0179,0.4095,0.7718,1.8977,-0.551,2.0641,1.4729,0.9619,0.3629,2.254,-0.2825,0.9353,-0.9053,2.165,1.4034,-0.4721,0.212,0.788,0.734,-0.9468,1.204,-0.6373,0.5485,2.5468,-0.923,0.0545,-0.4893,-0.0662,-1.7057,-0.6605,0.4678,-1.7475,3.1362,1.2537,1.7853,0.3233,-1.7241,-0.0512,1.7715,0.307,1.5116,0.0502,-0.9096,0.0639,0.8377,-0.2402,0.3463,-2.0846,0.1267,3.0527,0.1963,0.1581,1.9255,-0.1475,-0.9527,0.6261,0.4013,-0.6523,0.6109,0.781,0.0973,-0.0543,0.8084,0.7102,-0.2473,1.2947,1.9578,-0.339,1.0004,-0.213,2.5424,0.9445
VENHQS1ERC1BMUVFOmxpaGNfdGNnYV9wYW5fY2FuX2F0bGFzXzIwMTg,-1.3263,0.0364,-2.1676,-0.0874,1.951,2.395,-0.9682,0.1353,-0.6568,2.8972,-1.577,-2.7937,0.3799,-1.3252,2.3379,0.3891,-3.1575,-3.6272,0.5293,1.5583,2.6156,0.0427,2.2825,-0.3576,-0.7831,0.2538,0.3296,2.4427,1.9815,-3.6754,0.0697,2.0089,-1.4146,1.8619,4.2492,2.8558,-2.2038,1.2855,0.5968,0.0629,1.8465,0.9799,4.8648,-0.0174,-0.8838,1.0636,-3.1333,-3.0842,2.7879,0.6439,-0.3975,3.7064,1.4226,0.8704,-0.6143,-4.8741,1.4313,3.0183,-1.4669,-0.5138,-0.3915,5.2981,-0.7569,-0.9441,2.9717,0.5704,-0.0884,0.4917,2.0408,-2.7636,2.0485,4.0459,-1.4088,-2.7192,0.4542,2.9791,1.1473,2.2741,-2.5932,-1.2608,0.6417,-0.7191,11.8076,-2.2409,0.6672,2.8387,-2.0043,-1.5203,2.2333,4.0002,1.9587
VENHQS1ERC1BMUVGOmxpaGNfdGNnYV9wYW5fY2FuX2F0bGFzXzIwMTg,-3.4268,-3.6119,1.1416,3.2903,0.3987,2.5281,3.9383,0.5915,-0.4438,3.6036,0.3707,-0.9099,3.3751,-2.4517,1.5916,0.7788,-2.6591,-0.5796,-1.9839,-1.1909,2.0479,1.5889,2.1781,2.4471,-1.4862,-1.5468,1.7971,3.2591,-4.4024,-4.04,2.2349,-2.4323,-3.0974,0.2007,4.2103,2.4953,0.6067,-1.8347,3.9727,-0.2155,2.4176,-2.5298,1.4133,1.7502,-4.2642,2.6964,-0.3985,-1.6146,2.9321,0.0681,0.086,-0.826,6.8057,2.9682,-2.8585,6.4344,0.0965,-0.1283,1.2922,-0.3218,0.4647,2.6558,-1.3989,-1.0856,-0.0075,-1.1509,-4.3437,-1.1522,1.089,0.8548,0.2171,-1.8697,2.0822,0.7864,1.0011,0.575,2.2909,-0.152,-2.2357,-0.2175,1.4067,-0.3006,-1.0518,4.8246,1.1823,-3.3238,1.1375,0.5566,3.4281,4.3986,1.5271
VENHQS1ERC1BMUVHOmxpaGNfdGNnYV9wYW5fY2FuX2F0bGFzXzIwMTg,-0.5825,-0.106,-0.3713,0.6773,2.0616,0.7848,-0.5692,0.0838,0.223,3.5076,-0.2163,1.5256,1.6333,-1.5416,-0.6515,2.3732,-3.1562,-0.7039,2.8044,0.3968,2.2804,-0.5457,0.2259,3.3638,0.9495,2.0252,1.0407,-0.3533,-0.0396,-4.2161,-0.0811,-0.394,-2.0503,0.4886,4.4146,1.5396,0.211,0.4414,2.1762,0.7563,0.4592,-0.0912,2.6816,2.8409,-0.4966,3.4674,2.0887,1.1017,1.5487,0.8424,1.9927,2.3567,1.566,2.7082,-0.4058,1.3702,1.4931,-0.388,1.0165,0.3059,-1.0316,4.5054,2.3274,-1.7032,0.5315,-3.1245,-0.1711,-1.903,1.3148,-0.4676,3.2666,2.1765,1.7103,0.4791,-1.4424,1.5155,1.2814,-0.6697,-3.8956,0.945,1.7537,1.5659,7.6195,-0.5601,-2.19,1.1896,-1.2296,-0.7216,0.7786,-0.8533,-1.215
VENHQS1ERC1BMUVIOmxpaGNfdGNnYV9wYW5fY2FuX2F0bGFzXzIwMTg,-1.158,-0.331,-0.602,3.0469,1.8315,3.0911,1.073,1.5196,-0.1593,3.202,0.5985,-1.587,2.1921,0.0686,2.3427,1.939,-2.9659,0.5154,-0.0845,1.1515,0.8066,1.3732,2.2652,2.7554,-0.3067,-1.7002,1.4838,0.1702,0.4093,-0.1914,1.2651,-1.7298,-3.3832,2.3095,5.2854,3.0468,0.5503,1.4122,1.3386,0.1328,2.1321,-1.9719,0.2536,-0.493,-4.4128,1.0914,0.6923,0.0044,1.6732,-0.1724,-0.5941,-0.3267,7.8029,3.4147,-1.1434,1.4402,2.6718,1.1883,1.1133,-0.2006,3.595,3.9039,-1.825,1.4485,2.2965,-2.6737,1.854,0.5015,1.4806,0.9697,0.2581,-0.5406,2.6901,1.1869,1.6999,2.3256,-1.5312,0.5008,-3.411,-0.7525,1.1075,-0.2535,-0.2608,-1.2564,1.9805,2.1848,0.0011,1.1496,2.8923,2.0082,-1.0772
VENHQS1ERC1BMUVJOmxpaGNfdGNnYV9wYW5fY2FuX2F0bGFzXzIwMTg,0.1712,-0.079,-0.8597,1.626,0.7045,2.4154,1.4911,-1.1281,1.3068,2.091,1.1781,1.1449,2.1505,-1.9568,1.6637,2.9596,-1.5564,1.2924,-1.5304,1.9706,1.4412,0.0012,1.4514,2.9808,2.4799,-0.6656,1.3233,-0.6053,1.9373,-3.3176,0.4627,1.6574,-2.9301,1.5864,4.6254,2.382,0.2318,1.1311,2.1105,0.5217,1.1056,0.5835,2.8341,3.1091,-0.2135,2.7906,2.2917,1.5225,0.939,1.7427,2.9944,1.9797,2.1982,2.4751,-2.5387,1.6262,1.2001,0.189,1.1265,-0.6991,0.2583,4.8851,-0.4494,0.8192,1.0955,-1.9405,-0.0334,0.5492,0.5052,-0.7088,0.5281,4.1984,1.093,2.2066,1.4254,1.1342,0.7766,1.197,-2.876,-0.999,2.182,1.927,4.117,-0.3514,4.508,2.5141,0.1806,-0.0472,2.3681,-0.6751,0.6437
VENHQS1ERC1BMUVKOmxpaGNfdGNnYV9wYW5fY2FuX2F0bGFzXzIwMTg,-4.5515,-1.4358,-2.1658,4.0306,0.213,2.3949,1.9994,-1.8606,-2.8815,3.2868,2.7038,1.8742,-0.5083,-3.6317,1.7956,-2.2162,-2.5815,-2.3432,-1.1193,2.3719,3.2166,-1.0224,1.3028,-0.2823,1.6655,-0.3469,0.3936,1.2738,-2.1413,-3.4791,1.6404,1.5872,-0.5198,1.559,6.0459,3.7439,-0.0449,0.3799,4.1524,0.9793,1.3169,0.4768,3.898,2.0631,0.9763,4.0824,-1.3451,-2.0917,2.3117,0.336,-0.9173,-4.2129,5.0875,2.2188,-1.8164,1.6682,2.1324,1.0688,2.0755,-1.3795,-1.7389,5.0811,0.4511,0.0422,-0.4939,-0.7597,-2.2614,-0.3571,0.2318,1.1225,-1.0216,2.6436,0.2093,-2.8111,-0.0658,1.5466,-0.878,-0.2801,-5.7473,0.0824,0.0379,-1.0825,1.6044,3.0174,0.8377,2.0396,-0.4012,-2.254,1.9418,4.6336,-0.7555
VENHQS1ERC1BMUVLOmxpaGNfdGNnYV9wYW5fY2FuX2F0bGFzXzIwMTg,-2.36,0.5066,-1.6854,0.3755,0.9119,-1.8956,1.1824,-1.6383,-0.0371,2.5034,0.9566,2.0902,1.7435,-4.0054,0.8718,-0.4935,-1.7004,-1.0201,1.4887,0.9524,2.1889,-2.0573,1.8537,0.3825,2.3817,2.0525,0.1318,1.2848,1.19,-2.6962,1.3706,1.3902,-1.9682,-0.202,3.3757,1.5104,-0.6881,4.3061,2.0763,0.7005,0.0917,-0.9703,0.4338,1.434,-1.8411,0.5401,-1.0936,1.3192,1.5057,1.0356,1.4025,-1.3237,1.8777,1.5186,-0.6209,2.8663,3.0448,2.4973,0.5865,0.1242,0.3366,4.4989,0.5475,2.242,1.3498,0.202,1.5997,0.946,1.0623,-0.865,2.2312,1.3885,-0.1857,-0.5359,0.6811,0.7604,0.1094,0.3505,-1.7019,-0.458,1.1851,0.2592,1.8868,0.1312,-0.3822,-0.2432,-3.0841,0.6652,0.4156,-0.244,-0.9749
VENHQS1ERC1BMUVMOmxpaGNfdGNnYV9wYW5fY2FuX2F0bGFzXzIwMTg,-6.349,-1.3565,-1.8521,0.6997,2.634,3.287,-3.3267,-0.272,0.4167,4.8839,2.72,0.7964,0.2921,-0.3832,1.9044,-0.5281,-2.6666,-1.4572,0.2596,1.0702,2.0369,-1.2756,1.9208,-1.4898,-0.5939,1.1207,-0.2492,1.8433,0.3641,-3.7871,-0.0881,-1.3004,-0.4171,-0.468,6.1925,4.0335,0.7673,0.9588,3.2315,1.1034,3.2082,-1.4097,5.1879,1.6529,-0.1933,4.2823,1.0927,-2.4472,1.6246,2.3424,1.712,3.9285,0.6206,0.6281,-1.2074,-1.8294,1.9444,2.5048,1.4143,0.6518,-3.6298,4.8683,0.5963,0.3023,-1.5857,3.8471,-1.8761,0.0672,1.2119,-1.0752,2.8541,4.7743,1.9625,-3.0335,0.8078,1.7245,3.8579,1.4748,-4.6623,-0.5585,2.5523,0.5321,10.395,1.4139,1.3467,3.9528,0.255,-1.6318,0.9665,5.3732,0.332
VENHQS1ERC1BMzlWOmxpaGNfdGNnYV9wYW5fY2FuX2F0bGFzXzIwMTg,-4.6921,-4.3022,-0.9684,-0.2473,0.9215,-1.2194,-7.4711,-2.8379,-2.34,2.6366,0.8428,1.9045,1.174,0.8646,0.1476,-0.3281,-1.9032,-0.8665,2.2415,0.105,2.9474,-2.819,-0.0817,-3.0674,0.2955,5.0722,0.09,-0.1812,-4.1523,-2.6305,-0.4608,-1.7312,0.4996,2.7991,2.8661,0.2526,-1.138,0.291,1.7139,-1.0511,-1.4527,-1.4518,2.9625,1.6937,3.0138,2.0295,-1.4196,-0.3051,0.3503,0.8144,0.3732,3.6722,-0.5369,-0.1556,-1.7531,-4.0226,0.9574,-3.7523,0.8683,-2.9151,-1.626,0.5392,4.7978,-1.5075,-1.7999,-3.3671,-1.7493,-2.1626,2.7327,-1.5276,-1.0737,1.9252,-0.7058,-3.874,-2.2914,-0.6621,-2.0387,-1.2801,-3.2256,0.1491,1.1194,1.015,6.9911,-1.673,-0.6557,1.8638,-0.4762,0.1467,0.3803,3.5138,-1.3072
VENHQS1ERC1BMzlXOmxpaGNfdGNnYV9wYW5fY2FuX2F0bGFzXzIwMTg,-5.3343,-0.8525,-0.5317,-0.3693,-0.8902,1.505,-2.6798,-2.4364,-2.6752,0.6088,1.3682,2.4371,0.2478,-4.3447,2.9545,-0.5903,-2.225,-1.0603,-2.6369,0.3207,2.0985,1.4582,3.754,-1.2584,-0.2611,-4.6557,0.1269,1.4522,-6.3271,-14.007,0.0834,-2.153,3.6915,3.366,2.6967,1.0767,-2.5188,-0.4495,1.5775,0.1286,2.6063,-2.7733,2.9857,0.0784,0.0157,1.2409,-3.3287,-1.2542,-1.2118,1.1679,-2.6662,0.2696,5.3188,1.1551,-1.8764,-2.8374,1.8842,3.6742,1.329,1.3973,1.4309,4.1556,-1.9534,-0.8379,0.4023,-0.0368,-2.8517,0.611,1.6238,2.2092,-10.3787,3.3864,1.1761,-2.7902,-0.5478,0.2974,0.606,1.0819,-6.3073,-0.5466,-0.0982,-1.7934,2.1603,-2.1314,0.3625,0.8006,-1.0856,0.6242,2.6706,6.8286,0.5824
VENHQS1ERC1BMzlYOmxpaGNfdGNnYV9wYW5fY2FuX2F0bGFzXzIwMTg,-1.7742,-2.14,-3.254,0.5999,0.1651,-2.9706,-3.0425,-0.2019,-0.0968,1.7094,-0.1874,3.1964,-1.3739,-3.107,-2.1679,0.9114,-1.6018,-0.236,2.1196,-0.6003,1.2402,-2.2853,0.7988,-0.4118,2.2177,5.8513,0.4546,0.3646,-1.5282,-6.7358,-1.6386,0.0453,-0.5483,1.8227,1.3869,1.2894,-4.309,0.2359,0.7468,0.1464,-0.758,-0.7342,2.9833,3.852,2.3812,1.6112,0.8664,1.3314,-0.5855,1.9091,-1.4734,0.257,0.3838,2.3672,-0.76,3.1356,1.3634,-3.2717,0.4136,-1.3546,-0.5049,-0.2274,5.176,-0.8692,0.2339,-5.9076,-1.8798,-1.43,1.1979,-0.8031,1.537,0.6067,3.1326,-1.4147,-1.6934,-1.1677,1.249,0.1294,-1.6351,-0.9058,0.0429,1.771,5.1818,-1.3171,-4.0582,-1.4385,-3.7613,0.5517,0.3369,-2.5456,0.3035
VENHQS1ERC1BMzlZOmxpaGNfdGNnYV9wYW5fY2FuX2F0bGFzXzIwMTg,-4.9113,-1.5615,-3.3299,-0.1014,0.4409,1.1328,-3.6812,-2.2258,-2.4862,4.0706,0.2408,1.4967,-0.5753,-4.2904,-1.0489,-3.8799,-3.7297,-1.6761,2.6836,0.2611,2.8866,-2.3923,-1.7318,-1.6661,3.0183,3.2605,1.2652,2.1214,-5.797,-8.7709,-1.2381,0.5521,-4.3547,3.2618,3.5908,1.3227,-2.8954,2.2971,1.3518,-1.0948,0.2129,-0.8502,4.3261,2.5487,1.061,3.1135,-1.5919,-1.8359,0.7292,0.7869,3.9899,1.9008,0.19,2.4273,-0.9025,-2.0449,2.3717,-1.1138,1.3113,-2.0002,-1.7599,4.8436,1.708,-1.0067,-1.1036,-2.6699,-1.5072,-1.9884,-1.1502,-0.1505,1.5813,2.0792,-3.2142,-2.5834,-2.8867,0.2096,6.1292,-1.3561,-7.7766,-2.851,0.4855,0.6329,8.1218,-1.763,-2.7524,-1.3341,-0.5603,-0.0256,2.0268,-2.6772,-2.4054
VENHQS1ERC1BMzlaOmxpaGNfdGNnYV9wYW5fY2FuX2F0bGFzXzIwMTg,-7.9964,-2.2383,-3.1698,1.0706,-3.4367,2.5751,-3.2734,-3.2945,-2.07,3.3644,-1.2079,-1.2433,0.8639,-1.6395,-1.3972,-1.326,-3.1079,-0.6419,3.7935,-1.4378,1.7667,-0.6285,0.5686,-2.7535,-4.0217,2.9364,0.2097,-0.2564,-3.832,-4.263,-2.2643,-1.5258,-2.8165,1.6677,3.4755,1.4697,-4.5346,0.0705,2.1987,-4.1959,-2.2067,-2.3507,0.6553,3.6774,0.6315,2.1699,-2.2469,-3.6981,1.1627,0.9719,-0.7664,-0.5101,3.0806,1.6961,-0.9551,0.5257,3.6502,-1.5218,-0.6896,-1.1366,-0.3864,0.2471,-1.3284,-1.209,-2.2358,-7.5962,0.312,-2.794,2.8118,0.0257,-0.1891,2.1321,0.345,-4.8754,-2.6273,-2.1784,1.751,0.1854,-11.125,-3.7612,0.6397,-0.8012,-5.0725,-2.4785,0.2273,-1.4053,-3.5247,0.1855,0.2635,-2.3334,-0.1582
VENHQS1ERC1BNE5BOmxpaGNfdGNnYV9wYW5fY2FuX2F0bGFzXzIwMTg,-0.5055,3.1128,-0.6592,-0.0134,3.7806,4.0937,0.477,2.0859,-0.3791,3.1296,1.0821,0.1108,2.0259,2.8742,1.6814,-0.0214,-2.6025,-1.5707,-1.6899,0.8527,2.1643,0.5984,1.1579,5.4335,0.124,-0.2019,1.5181,3.4276,-1.3762,-4.0374,2.5839,-4.475,-1.5707,4.5739,4.122,2.2912,2.3548,2.6089,1.9988,1.5879,1.5302,-0.0623,3.2374,-0.2601,-2.1284,-0.0139,1.7681,2.1132,1.3478,2.6443,0.7139,0.6592,3.5916,2.9948,-0.9482,-1.6904,2.4994,3.363,0.1325,-1.3324,4.5174,0.9518,1.3645,3.6766,1.8087,-7.0932,4.3555,1.4868,0.8408,0.1448,2.3166,0.476,3.6403,2.5035,2.0492,0.9548,-5.0841,-0.237,-4.1423,-0.3152,3.9633,1.9961,2.2028,1.8046,-2.0235,4.5719,0.1551,1.2186,0.9353,-2.7628,1.6314
VENHQS1ERC1BNE5COmxpaGNfdGNnYV9wYW5fY2FuX2F0bGFzXzIwMTg,2.9262,-3.6722,0.4211,2.8739,1.5609,1.8628,-1.9908,0.0472,2.4691,0.7822,2.7758,1.8706,1.549,1.2083,0.4584,4.9907,1.3188,2.6001,1.119,2.8173,0.9901,-0.8214,1.4173,7.6628,2.5191,-0.3216,-0.0122,2.2342,1.8092,-2.6047,1.931,2.6099,-4.0808,1.0285,1.4073,1.9774,1.9982,1.826,-1.0908,1.2385,0.5089,-1.5325,2.6459,1.778,-0.9984,-0.1263,4.7422,3.7016,-1.957,-0.0137,-0.5858,3.2373,-0.8898,3.1158,-1.5502,4.3675,1.2235,0.2309,0.7118,0.6132,-1.2678,1.4767,0.6739,0.0301,1.214,0.057,1.7588,1.1732,0.2906,-1.5909,0.5821,-1.5108,2.2582,4.8131,-0.3211,0.3895,0.5177,0.87,0.5409,-0.3629,0.078,2.7303,5.1672,0.5012,1.2561,2.2767,-1.3966,0.9689,0.4143,-1.1913,1.4429
VENHQS1ERC1BNE5EOmxpaGNfdGNnYV9wYW5fY2FuX2F0bGFzXzIwMTg,2.63,-2.5789,1.1626,3.6532,1.4622,3.0217,2.3764,-0.3898,2.117,3.3559,2.379,2.2503,3.6876,-0.9564,1.9305,3.4758,-1.1853,0.9996,5.0363,1.3547,2.4854,1.2274,2.2746,4.1047,0.9964,-2.3769,0.2073,2.3412,0.717,1.0356,0.1383,0.4965,-2.6758,2.4089,5.5272,2.9651,1.3605,1.7658,3.4097,2.2467,1.188,-0.2782,1.378,1.3541,-2.3288,2.6414,2.8263,2.5057,1.5147,1.1231,-0.4845,2.287,0.9157,2.2013,-1.1698,4.5319,2.5568,11.6612,1.6295,0.6909,2.7936,3.0532,0.3392,1.68,-0.1473,-0.4351,0.6803,0.9554,0.9884,1.3343,0.8857,2.104,1.2079,2.8934,1.186,1.0946,-1.8566,-0.1025,0.0019,0.8131,3.3714,2.3679,-0.737,2.9698,0.1488,1.5761,-0.5618,1.4018,2.0016,0.1137,2.4547
VENHQS1ERC1BNE5FOmxpaGNfdGNnYV9wYW5fY2FuX2F0bGFzXzIwMTg,-0.371,-0.2704,-3.0748,0.4098,-2.3207,0.5418,0.3962,0.19,0.0225,4.768,0.1,2.0293,1.0053,-3.8336,0.8785,2.0688,-3.8924,-0.8156,0.7917,2.419,3.3837,1.1606,1.1001,0.6255,2.7256,0.2049,0.7572,2.9593,1.7398,-1.2952,-1.7106,0.6528,-0.2782,1.4619,7.2141,3.7443,-0.3514,0.1837,4.0834,-0.6118,2.0693,-2.1046,0.7804,0.8116,-2.7442,3.7,0.5355,-0.7026,-0.4366,0.9407,-1.6935,0.0665,2.3451,2.4029,-2.2037,4.7824,2.5412,2.9041,2.426,0.7481,2.007,2.6849,2.7387,1.1413,-3.0771,-0.4895,0.0155,-0.2674,-2.2584,-2.1962,-1.4804,0.9303,1.5203,-0.1778,0.5016,1.0694,0.8069,0.3976,1.4131,-2.61,2.8502,0.0783,0.9965,-1.4374,0.509,0.0489,0.7307,2.7855,2.2959,-0.5117,1.6057
VENHQS1ERC1BNE5GOmxpaGNfdGNnYV9wYW5fY2FuX2F0bGFzXzIwMTg,-4.4065,0.5964,-4.0483,0.0021,-0.6523,6.6577,-3.0957,-1.0752,0.0356,0.3851,0.4975,1.0958,1.4171,3.3751,2.3003,1.2085,-1.8715,-0.8974,-2.4481,2.1931,0.9268,0.4177,4.5505,0.7154,-1.0004,0.6532,0.1711,2.0878,1.0926,-1.0928,0.6698,0.3551,2.8938,1.0604,-0.2655,2.704,0.8369,-0.3732,-1.4966,-1.6243,0.9656,0.4296,4.2195,1.1544,0.2723,-0.1433,-2.7421,-3.8239,0.572,-3.801,-2.3259,1.4972,2.2274,-1.9116,-1.7235,-4.4284,1.5818,2.1883,-0.2922,1.8879,0.1323,1.4976,-1.928,4.1397,-0.593,1.263,-0.6935,0.2195,1.2422,-2.0854,-2.842,2.6455,-1.5073,-2.259,0.8158,0.7043,0.8962,-0.2861,-0.8437,-1.2982,0.0965,-0.5565,4.7734,-0.6112,0.5545,3.2216,-0.6512,0.284,2.6818,6.9983,1.5835
VENHQS1ERC1BNE5HOmxpaGNfdGNnYV9wYW5fY2FuX2F0bGFzXzIwMTg,-4.2936,-0.4963,-1.475,1.3686,1.9477,-0.6713,-0.671,-0.3682,-0.7867,2.2758,-1.3001,0.4995,0.2579,0.6312,0.759,0.8886,-2.4979,0.3403,-1.8412,-0.625,1.24,0.2001,0.3157,0.2972,0.7218,0.6423,0.8369,0.4897,0.9473,-1.2943,-0.6526,1.0731,1.0353,1.5505,3.3711,1.8081,0.3184,0.2829,1.3444,0.0733,0.0608,-0.4629,2.2324,-0.154,-1.9474,0.6995,-1.3605,-3.7348,1.2772,2.6194,1.9612,2.2553,6.198,1.5775,-0.8202,2.3283,0.7761,3.5839,1.5511,0.6261,0.9169,3.1604,-2.7113,0.987,1.4794,-1.3537,0.6523,0.9035,3.0421,-2.2005,1.5416,1.4006,-0.058,-1.1278,-0.5105,1.7532,-2.9213,0.6213,-3.4668,-0.6071,1.8153,-0.6782,9.0026,-0.997,-0.0451,3.0373,0.243,-0.3424,1.5647,2.2724,-0.0703
VENHQS1ERC1BNE5IOmxpaGNfdGNnYV9wYW5fY2FuX2F0bGFzXzIwMTg,-1.7989,-0.3981,3.0404,2.118,2.233,2.2456,-0.2496,-1.3806,0.5565,3.9934,2.5987,1.8182,1.3905,-3.9711,0.5655,-1.2729,-2.5937,-0.1932,1.3616,2.6041,3.7139,0.2914,-1.2301,3.4078,1.1053,2.8513,1.1749,1.168,-1.7368,-5.0882,0.6126,0.6999,-1.4282,0.6098,4.3929,3.884,-0.4319,1.3351,4.0416,1.3368,0.7147,-0.9748,4.648,2.071,-2.9839,2.7255,-1.5181,-0.3411,1.5153,1.7055,0.8515,0.0715,3.0109,2.2091,-1.1936,5.4137,1.4019,3.9492,2.048,1.6312,-1.605,6.1387,0.2727,2.7615,0.154,-5.1983,1.3256,0.0953,1.8684,0.3573,1.3958,2.2084,1.6848,2.8667,-0.4487,1.8262,-2.3371,1.0111,-5.1287,-0.7091,0.6922,1.0042,1.0185,0.3573,0.4571,0.3744,-1.5505,1.4648,1.6973,-0.1899,0.1683
VENHQS1ERC1BNE5JOmxpaGNfdGNnYV9wYW5fY2FuX2F0bGFzXzIwMTg,-0.7558,-1.6153,0.1538,0.3574,-0.5774,0.2757,0.4744,-1.6483,-0.1462,1.2519,0.2792,0.7409,3.2642,-1.8238,1.42,2.1598,-2.5071,-0.8843,-0.5825,1.5008,1.0686,1.2425,0.9509,0.7781,-0.5168,0.1751,1.0318,2.7428,0.2996,-1.4323,-1.6435,1.1987,0.1287,-0.0052,1.2304,1.7554,0.2247,0.5401,0.9147,0.8684,0.3931,-1.4261,1.8936,-0.5431,-1.6945,0.2114,-0.4326,-1.2755,2.6566,0.8455,0.132,0.4818,1.4445,3.3101,-0.3073,0.6463,2.8697,1.8168,0.1,-0.6242,-1.6016,-1.2539,-1.5262,0.8339,1.2871,0.439,-1.8484,-0.2136,1.2063,-1.7325,1.7208,-0.573,-1.1277,0.7958,-0.1266,0.3183,0.1092,0.295,-1.7769,0.2934,-0.8918,0.6468,2.4128,0.4485,1.5275,1.274,-0.4004,0.5412,0.4409,0.436,0.7824
VENHQS1ERC1BNE5KOmxpaGNfdGNnYV9wYW5fY2FuX2F0bGFzXzIwMTg,-2.8203,-0.3163,-1.2049,0.5692,1.3977,-2.0816,-0.5111,-0.796,0.116,4.0562,1.4151,0.6135,-0.2407,-1.6243,1.7567,2.4985,-1.7355,-0.0823,-0.1335,2.655,2.4578,1.4525,0.9125,2.054,2.1869,-0.3467,0.4949,4.5524,0.3501,-1.5409,-1.133,2.4957,-2.6991,1.1389,6.3426,4.312,-0.0175,1.1425,3.853,1.5391,1.7824,-0.854,3.8132,-0.2537,-2.9331,3.1297,0.9379,0.54,1.1173,1.0681,1.7234,-0.2962,2.5196,3.1714,-1.4162,2.6274,3.1767,1.8956,1.5201,1.1758,0.4981,3.6466,3.0171,-0.3757,-1.008,-1.5799,0.5878,0.1398,0.2255,-1.588,2.4171,2.2634,0.1082,0.9606,0.221,1.3562,2.9438,0.2707,-3.2691,0.0875,1.8304,0.162,3.0821,-0.0767,1.5114,-0.3897,-1.644,1.3811,1.903,-1.7172,-0.0584
VENHQS1ERC1BNE5LOmxpaGNfdGNnYV9wYW5fY2FuX2F0bGFzXzIwMTg,-2.4856,-0.8597,-0.9062,0.5186,-1.2018,2.7509,-0.0584,-0.527,-0.7754,1.239,-1.1487,1.5898,4.1965,-1.3214,0.144,1.0746,-3.0369,-1.2669,-0.4835,-0.1811,0.5946,0.3514,-0.4185,-0.9391,-1.3163,0.0475,1.2466,2.3559,-0.8123,-3.2363,-1.9727,-0.1521,-3.9652,1.6458,1.3136,0.5136,0.2533,2.0713,1.8334,-0.372,0.6609,-2.1136,1.2082,-0.6636,0.7249,0.7075,-1.1739,-0.0009,2.1847,0.1831,-1.1917,-1.5026,1.4983,3.1095,-0.9401,0.4273,5.4922,2.2757,-2.348,1.5138,-0.0752,1.4914,-2.1212,1.3586,1.6843,-1.4155,-0.0016,-0.2913,0.4469,-1.4983,1.5782,-1.9986,-1.3049,-0.2261,-0.7476,2.1743,-1.9636,1.2804,-8.616,-1.163,-1.484,-1.6534,1.4897,-0.9518,0.8662,-1.2611,-2.7766,0.1567,1.4986,-0.3647,1.3281
VENHQS1ERC1BNE5MOmxpaGNfdGNnYV9wYW5fY2FuX2F0bGFzXzIwMTg,-1.0089,-1.3116,-0.1,0.4818,0.0361,0.1102,-0.4142,-2.0596,1.4385,0.3134,0.6294,-0.3601,2.4922,1.3435,0.429,1.9624,0.6446,0.227,0.1672,0.6208,0.6509,0.1286,0.3298,0.856,0.4613,0.4162,1.1161,0.6722,0.2905,-0.2842,0.5002,0.2931,-1.4477,-0.4229,-0.0644,0.81,1.8204,0.0031,0.2534,0.6712,-0.7704,-0.0613,0.5994,-0.1292,-0.2888,-0.2396,0.8889,-0.1098,-0.7402,0.2137,-0.4658,3.018,0.5885,1.6113,-0.6013,0.0448,1.3546,0.353,0.0968,0.7681,-0.226,2.0202,1.9656,0.1736,0.815,-0.3787,1.7065,-0.4023,1.8356,-0.6587,1.5851,1.6569,-0.5637,-1.229,0.2621,-0.4729,-0.0386,-0.1237,-1.086,-1.4871,-1.4746,0.1679,0.2835,-0.7145,1.1268,0.0583,-0.6901,0.3944,0.3873,0.0071,0.4559
VENHQS1ERC1BNE5OOmxpaGNfdGNnYV9wYW5fY2FuX2F0bGFzXzIwMTg,-2.1813,1.1949,-2.1548,1.8295,-0.2577,-0.0218,-0.4765,0.4353,0.9415,4.4717,0.0202,-0.3983,4.3308,-1.9494,0.4579,0.8813,-4.781,1.4529,0.2959,1.2008,4.1788,-0.174,2.1564,2.1738,-1.7701,-0.1295,1.1433,0.7557,-2.6613,-3.6288,2.3735,-2.8346,-2.4862,2.9297,6.3596,3.1798,-1.2628,0.6003,5.7198,0.7316,-0.8048,-1.5608,1.009,0.9527,-0.53,3.5042,1.4684,-0.0071,-1.7262,-1.3571,-1.1469,-1.1023,7.438,4.1314,-2.3919,5.4154,3.8216,2.005,0.0796,0.9546,4.5146,5.0505,1.7886,2.101,-2.5353,-1.8268,-0.5529,-2.2781,3.1052,1.8295,-0.1534,3.1093,0.0304,0.2764,-0.8514,0.9185,-2.9147,0.6301,-4.1605,-2.3391,0.8898,1.5324,-3.7479,-0.6268,-0.045,0.5202,-0.628,0.7089,2.383,0.4266,0.4472
VENHQS1ERC1BNE5POmxpaGNfdGNnYV9wYW5fY2FuX2F0bGFzXzIwMTg,-4.4077,-1.9,-1.8249,0.8552,1.3758,-0.8772,-0.8605,-1.513,0.5035,1.5873,1.0806,0.4547,3.3853,-0.2704,2.1226,1.3444,-1.5191,-0.5353,1.077,-0.353,1.1812,-0.3415,1.5095,3.5576,1.2996,1.7191,0.733,2.1603,-0.022,-4.4905,-0.8785,0.4773,-0.5831,0.7013,1.7799,0.587,-1.0479,-0.1775,1.2639,0.9584,0.2527,-0.7532,4.0141,0.4193,-2.7937,-0.877,1.6191,0.7251,0.679,2.0474,0.7,2.5751,-0.5642,2.7746,0.0728,2.0357,1.87,1.1141,-1.3089,-1.3377,-1.4794,0.5639,1.7489,-0.0783,1.1542,0.1936,-0.9972,-0.4339,1.804,-0.9521,1.9132,1.1659,-0.244,2.9547,0.0296,0.7384,-0.5359,0.7032,-1.5937,-0.879,0.7327,0.1639,5.8941,-1.7077,0.8706,2.8277,0.9196,-0.0643,0.291,-1.2232,2.8868
VENHQS1ERC1BNE5QOmxpaGNfdGNnYV9wYW5fY2FuX2F0bGFzXzIwMTg,-3.9409,-1.1687,-1.1072,0.0319,0.9274,2.2299,-1.3585,-3.0558,-0.995,-0.4601,-0.149,1.7391,-0.8596,4.4297,-1.037,-1.0297,-1.1432,-0.6838,0.1791,-0.3972,0.5991,-0.8596,0.0441,-1.3545,0.799,3.4997,-0.9398,0.3941,-0.3206,-1.192,-0.6884,-1.6987,1.948,-0.7612,-1.5489,0.9314,-2.0417,-0.5588,0.27,-1.6679,-1.7838,-1.8532,-0.3916,1.4765,1.9627,0.8709,-1.9998,-1.5557,-1.671,-2.1073,-2.8678,1.4436,0.6292,-0.452,-1.2229,-2.401,2.4595,-0.057,-0.4916,1.913,-1.7419,-0.3822,0.3022,1.559,-2.3824,-0.2813,-1.899,-1.6324,2.7852,-2.2852,-2.1936,1.9631,-3.4663,-3.7846,-0.5085,-0.7928,0.4249,0.7698,-1.2714,-1.5396,-2.1232,-0.7622,-1.2872,-1.2305,-0.2417,0.335,-1.4752,0.9565,0.3253,3.2867,0.6747
VENHQS1ERC1BNE5ROmxpaGNfdGNnYV9wYW5fY2FuX2F0bGFzXzIwMTg,-3.9044,1.2589,-2.0122,2.7772,3.5419,4.3795,-1.9131,-1.3001,0.3345,3.4194,1.2965,-0.5102,1.9905,-0.2259,-0.3382,-2.8029,-2.9359,-1.8979,-1.7967,2.6158,1.2893,-2.3122,0.8984,1.158,4.6363,2.0011,-0.9963,2.5076,1.3243,-6.5959,1.1012,1.7842,-1.4698,0.1074,5.3698,3.5489,-2.4914,1.8088,4.3773,0.8489,0.4006,-0.672,4.3429,5.6396,-1.1319,2.322,-1.607,-1.6289,2.685,1.6597,1.5282,3.3319,-0.8431,1.7648,-1.6217,0.7769,1.3641,1.3899,1.9499,-3.0665,-2.4392,4.6767,2.8847,0.59,-0.5862,1.1332,0.5273,-0.6928,-0.7371,-0.9141,0.5585,0.1649,1.4953,0.3693,-1.7205,1.5299,3.1921,-2.2092,-5.4129,-1.8512,0.3563,-0.0715,8.1166,-0.9808,0.876,-0.1433,0.1309,0.2957,0.597,-1.5908,-0.1946
VENHQS1ERC1BNE5SOmxpaGNfdGNnYV9wYW5fY2FuX2F0bGFzXzIwMTg,0.2713,-2.4339,2.4471,1.2461,3.2177,-1.0466,-1.8213,-0.5627,0.9388,4.1173,1.6318,1.9128,2.6375,-1.9393,0.5742,-0.2095,-1.3235,0.3935,0.5393,0.2987,3.216,0.5135,1.6455,2.7597,2.6077,0.8047,1.139,4.6595,-0.2724,-5.0971,0.4243,0.1456,-4.627,2.3236,5.0914,2.8634,0.361,1.707,3.485,2.5421,0.0649,-0.833,3.7259,2.2461,0.1176,3.0086,0.1632,0.6663,0.6113,1.233,0.5975,1.2719,1.2463,2.0694,-0.2845,0.0419,2.2303,0.7397,2.9369,0.1319,0.0212,3.3035,2.7035,0.9663,-0.0347,-1.9186,-0.9605,-0.4751,1.5787,1.0193,2.3718,2.24,2.5137,0.9354,-1.5346,0.6841,0.6708,0.7946,-1.2953,1.5268,3.185,2.5082,6.9813,2.0954,-0.7727,0.343,-1.2587,-0.726,1.5211,-2.9061,2.0033
VENHQS1ERC1BNE5TOmxpaGNfdGNnYV9wYW5fY2FuX2F0bGFzXzIwMTg,3.8649,-2.327,1.7155,-0.5959,1.6807,0.6034,-1.4135,1.1625,2.895,1.5857,2.5453,2.8276,3.1112,2.3649,1.6139,3.3627,0.7281,1.9792,-0.6788,0.941,2.1043,1.1128,0.8859,4.6974,1.0383,-0.2888,1.4002,3.5459,2.022,-0.2751,-1.8116,-0.2391,0.2436,1.8626,2.2793,1.8269,1.1306,1.6522,2.4568,2.0181,0.8436,0.5879,2.2713,0.9623,-0.8246,2.1511,3.2503,3.4104,-0.3043,-0.1478,-0.8886,2.3552,3.3083,1.9022,0.0066,3.5702,3.1718,2.0428,1.8629,2.3374,2.2787,3.9815,1.164,1.471,-0.5932,0.4532,3.0966,0.8159,2.4721,0.5734,-0.6501,-0.0713,1.631,3.8394,0.6108,0.776,-1.0963,0.6256,1.3514,0.2648,0.8725,2.8938,1.8032,2.679,1.2004,2.6104,-0.1669,1.4141,1.451,3.5806,1.3915
VENHQS1ERC1BNE5WOmxpaGNfdGNnYV9wYW5fY2FuX2F0bGFzXzIwMTg,0.7581,-0.8167,0.7318,2.5762,-0.8209,3.2547,0.5187,-0.719,1.3206,1.8988,0.4189,-0.1862,3.6465,-1.306,1.4273,2.0981,-0.1194,1.1265,1.2826,0.1638,1.8718,0.1276,-0.2922,0.9979,-0.2798,-1.8022,2.0038,2.6896,-0.4238,-2.1964,1.5987,1.0752,-2.2382,1.9501,1.8689,3.4763,0.0737,2.1954,1.3235,0.6232,0.7549,-1.7978,2.0653,0.6345,-1.8328,0.114,-0.32,0.5771,0.9602,1.0936,-0.1926,0.8235,-1.1835,2.331,-1.9018,2.0962,3.1388,3.1635,0.4891,0.3592,0.2857,3.9108,-1.7513,4.8767,0.2693,1.4961,2.8977,0.1212,1.5861,-0.7756,1.0062,-1.4973,-0.883,1.4194,-0.6578,1.1916,-0.8652,-0.733,-2.363,-0.4072,1.5134,0.2561,0.054,-0.4651,0.2784,0.6181,-1.9584,1.5742,1.6217,-0.6092,1.9424
VENHQS1ERC1BNzNBOmxpaGNfdGNnYV9wYW5fY2FuX2F0bGFzXzIwMTg,-5.0221,-1.1051,0.2035,-0.1528,0.4557,-0.1454,0.2532,-1.5045,-0.2892,3.0951,0.0683,-0.5383,1.7162,-3.0973,0.0245,2.4626,-3.9637,-2.502,0.8512,0.1222,1.2444,-0.1974,0.4373,-1.0221,1.2078,-1.4382,0.9342,1.1371,0.2962,-2.4466,0.0324,-0.4782,-0.0178,1.0883,3.0431,2.1607,0.6546,0.9262,0.2708,0.6517,0.5814,-1.1695,3.0576,1.2009,-0.0718,1.9949,-0.876,-3.0533,-0.089,0.5755,-0.0115,-2.4273,1.784,1.8547,-1.0241,1.0774,2.5657,0.6848,0.0702,0.2049,0.6767,3.0396,-1.2358,0.1218,-0.4158,-0.5889,0.8304,-0.8169,0.2952,-0.0331,2.4607,1.5312,0.7676,-2.1338,-0.6679,1.0809,-0.0662,0.692,-2.8957,-0.6286,2.1735,-1.213,6.6442,1.4861,-0.9998,0.6876,-1.6816,0.1692,0.9959,-0.2278,1.298
VENHQS1ERC1BNzNCOmxpaGNfdGNnYV9wYW5fY2FuX2F0bGFzXzIwMTg,-6.1488,2.2062,-1.08,2.6595,-3.4768,-0.7283,-0.1073,-3.4265,-1.4343,4.6254,-1.9081,-0.1071,-3.3807,-2.9345,1.264,0.9348,-5.1357,-3.2761,-0.2331,1.8653,3.2331,-3.2612,2.0052,-0.4328,2.4731,1.5044,-3.3604,-0.2559,0.8744,-2.8542,-0.9731,0.9464,-3.7926,0.1897,6.5438,4.0058,-2.0303,1.5882,2.2195,-0.7575,2.4414,-2.9401,-2.1976,1.3112,-5.0325,2.0593,-4.9976,-6.1271,2.1562,2.1899,0.3577,-0.0572,-1.5818,-0.314,-3.8517,2.8583,0.9199,2.2364,-2.8331,-1.012,2.8998,1.5396,-1.3216,2.2882,-0.712,0.321,-1.0233,0.6593,-1.4026,-2.7198,0.063,2.3979,-2.4701,-2.5268,0.2419,1.1597,-2.0758,1.3943,0.4296,-2.6871,2.3142,-1.9888,-0.3102,0.6467,1.0169,2.7978,0.5219,0.9163,0.8672,-3.0824,-0.7226
VENHQS1ERC1BNzNDOmxpaGNfdGNnYV9wYW5fY2FuX2F0bGFzXzIwMTg,-2.0788,3.946,-1.2547,4.1591,1.1867,1.4823,1.9411,-0.2927,1.6313,0.4036,1.306,2.9648,2.0313,-1.3738,1.7206,3.8062,-2.594,-0.2717,0.8735,2.1046,1.152,1.725,1.2801,0.5667,0.2402,-0.8284,-0.0248,2.1388,1.0917,-1.0528,0.0522,0.2301,-3.7983,1.7262,2.1058,2.5452,1.3288,3.493,0.1044,0.5922,0.4641,-2.9593,2.2522,-1.068,0.6158,0.4492,0.6851,-1.7359,3.234,0.7274,-1.7688,1.9858,-0.2127,-1.55,-1.8433,2.5467,2.3345,1.989,-1.2691,-0.0623,0.6037,0.6417,-1.7497,2.0764,1.8872,2.4266,-1.3127,1.847,-0.8731,-1.7356,1.0432,-2.3628,-0.79,0.5752,0.1446,0.7537,-0.3098,1.7796,-2.8307,-0.3642,0.0525,-0.1518,2.8175,0.3352,0.8215,2.1209,-1.1261,1.4051,0.8643,-4.4671,2.5113
VENHQS1ERC1BNzNEOmxpaGNfdGNnYV9wYW5fY2FuX2F0bGFzXzIwMTg,-8.9343,-1.7061,-6.9168,-1.0376,-2.7255,1.2891,-3.197,-0.733,-3.8987,1.7389,-4.9828,-0.3688,-3.3575,-2.0685,0.7637,0.1357,-2.7497,-3.3395,-1.0761,-1.8549,1.2037,-2.0298,-1.7063,-4.8879,-4.832,2.5207,-1.9971,2.2437,1.0069,-3.2287,-2.3563,0.3616,2.4781,-1.301,2.1807,0.0448,-3.1402,-0.1811,1.6901,-2.5659,3.0229,-0.8895,3.4351,-2.0374,-1.1297,0.6421,-5.8815,-4.4745,2.1214,2.273,-1.6527,-6.3918,2.7599,0.3786,-1.4873,-8.3649,2.4506,0.9968,-1.9629,3.9177,-2.6157,0.3378,-4.1816,-1.843,0.3033,2.4558,-2.4736,-0.9812,-0.3215,-4.2837,0.2401,-0.3159,-2.9409,-4.1569,0.8644,1.5611,1.7379,0.889,-3.177,-3.0621,-3.33,-1.9809,4.4848,-2.7929,1.2885,-0.2957,-0.5556,1.247,-0.7669,0.7728,-1.1441
VENHQS1ERC1BNzNFOmxpaGNfdGNnYV9wYW5fY2FuX2F0bGFzXzIwMTg,-7.4538,-1.7113,-4.4591,0.1523,-2.3916,4.5256,-1.0823,2.0189,-1.2487,2.4189,-2.0493,1.5754,1.4909,0.4856,0.0777,0.1063,-1.7274,-1.032,-0.6796,1.7239,2.7129,1.2864,1.3655,-1.0639,-3.5421,-3.4327,-1.3009,2.0119,0.5513,-3.276,-1.4159,-2.0602,1.6299,0.163,3.0816,3.3152,-2.4828,1.5242,1.9843,-2.7267,1.1021,-3.4158,4.7537,0.6715,-0.1822,1.0206,-3.9789,-1.8036,0.2499,-3.2427,-4.2182,-4.4635,6.9928,1.279,-2.7309,-1.7821,3.4612,3.5685,0.8134,3.1555,0.7829,2.7393,-4.0166,4.0603,1.2857,0.5374,-0.383,-0.4783,1.7898,-2.2133,-7.2748,2.3939,-2.6348,-2.168,1.0501,0.0409,0.9375,0.6409,-4.3516,-2.5229,-1.4133,-1.1443,4.3717,-2.1988,0.541,1.9643,-1.8865,1.9837,2.2034,6.5748,0.3237
VENHQS1ERC1BNzNGOmxpaGNfdGNnYV9wYW5fY2FuX2F0bGFzXzIwMTg,-4.1102,-1.4677,1.9941,2.7763,1.3394,0.23,-0.2035,-2.305,0.9897,3.5606,2.3113,1.0842,2.1474,-4.3367,1.1928,0.2696,-2.0021,-1.0028,0.8839,0.3859,3.114,-0.2576,0.3803,0.2852,0.802,0.7999,-0.2687,1.9245,-3.8171,-5.0992,-0.3026,0.269,-3.8087,1.169,5.3436,3.3555,0.1662,0.4034,3.4519,1.4627,-0.283,-2.6063,0.3887,0.2982,-1.9844,4.2302,-1.4087,-3.3888,2.5354,0.7124,-0.464,1.0536,2.0458,0.7474,-2.2528,1.6441,1.0653,0.9423,1.7594,-0.14,1.4653,3.0943,0.5243,0.9878,1.1103,-2.0827,0.1088,0.0744,0.1631,-1.0705,0.9565,2.3948,-0.0005,-0.7516,-0.6543,-0.0214,-0.4877,1.5522,1.9908,1.3629,2.6037,0.794,0.5876,0.255,-1.3407,-1.5779,-2.0576,0.5655,1.1041,-2.0454,2.0394
VENHQS1ERC1BNzNHOmxpaGNfdGNnYV9wYW5fY2FuX2F0bGFzXzIwMTg,-3.1052,-4.4971,-2.0348,2.9307,-0.629,-1.2642,-6.1229,-3.3625,-1.2816,3.5534,-0.3537,2.1631,3.8903,-3.0012,-2.1756,-4.0443,-3.2615,-1.3098,4.5248,-2.0531,2.9555,-2.1672,1.7741,-0.687,-1.0859,3.0954,2.176,0.0443,-8.2515,-9.3515,0.8533,-2.4673,-8.8303,1.0056,1.5397,2.7146,-2.9824,-1.3573,4.3063,0.8189,-6.1052,-1.4922,0.5238,4.9515,4.4932,1.8606,-0.2576,0.9,-0.9878,1.0599,-3.804,-3.1676,3.9515,1.6306,-0.4754,5.0608,3.4563,-3.3776,0.7757,-0.9265,-1.8606,-0.001,2.2302,0.8244,-3.0434,-14.0464,-3.6021,-4.1754,2.4322,3.2327,-4.753,1.2444,1.1372,-4.8754,-3.4962,-6.2141,-2.7118,-0.9199,-0.2911,-2.5883,-2.0779,1.8149,-2.8213,0.4741,-2.047,-6.3753,-3.9248,-2.205,0.7031,-4.0684,0.63
VENHQS1ERC1BQTNBOmxpaGNfdGNnYV9wYW5fY2FuX2F0bGFzXzIwMTg,-5.1134,0.2538,-2.3086,1.6534,2.5266,0.1602,-0.8099,1.0779,2.7674,5.2139,-0.389,2.236,4.0563,-4.2098,-0.8202,-1.2917,1.226,-0.103,2.511,3.7416,4.6798,0.2553,3.3818,-0.8477,0.2457,0.6935,1.2323,5.4653,1.7244,-7.0542,0.0503,2.306,-0.9964,3.344,5.259,3.8416,2.2815,-0.2653,4.876,0.7617,-0.7406,-0.3124,3.6466,2.8996,-0.3038,3.1137,-0.404,0.4032,1.5441,-0.6553,-0.2447,-0.8714,8.5924,4.0811,-0.3098,5.3254,3.6097,0.4078,0.3576,-1.9121,-0.0446,2.3004,3.9298,1.6032,0.9883,-4.0638,4.2608,-0.9522,0.798,1.4558,0.5967,2.2752,3.0779,0.688,1.3847,0.3746,1.2229,0.2639,-7.145,-3.5337,0.102,2.0066,2.9303,4.5356,-2.4462,5.2706,-0.3728,1.5681,1.3341,-3.3805,0.6296
VENHQS1ERC1BQUM4OmxpaGNfdGNnYV9wYW5fY2FuX2F0bGFzXzIwMTg,-4.8487,-3.7409,-1.7031,0.6034,0.3371,1.7249,-4.269,1.9628,0.497,1.58,-1.0329,1.5529,3.2463,1.0289,-0.2789,-1.2989,-2.6829,-1.4637,1.6022,1.0755,2.3519,-0.7773,0.2337,-1.1717,0.1865,2.1392,0.6945,2.9273,-1.238,-1.6651,-0.4212,-2.3695,2.6526,3.2619,2.1733,0.7909,-0.3167,-0.1195,1.55,0.5053,-0.1816,-0.6978,5.0434,0.7558,-2.3592,0.6029,-1.9769,-3.0414,0.3465,-0.3693,-3.3579,4.2669,2.8151,1.8577,-0.2866,-5.2256,2.1171,2.4046,1.5257,2.2244,0.4624,7.4997,-1.0713,1.5945,0.4348,0.9347,0.2468,-0.5819,2.2153,-2.2872,-0.6617,-1.2045,1.6915,-2.8408,0.9276,1.7241,0.9782,0.1066,-0.8668,-1.198,0.2341,-0.2416,8.8131,-1.5257,0.2551,1.6628,-0.591,-0.593,1.9134,3.1156,0.3792
VENHQS1ERC1BQUM5OmxpaGNfdGNnYV9wYW5fY2FuX2F0bGFzXzIwMTg,-0.9375,-1.4526,-0.7137,0.5693,0.6682,-0.4187,-0.6609,-2.6752,0.9172,1.8178,0.5273,0.8556,0.9042,-0.3199,-2.1577,1.3422,-0.7357,0.2034,0.6298,1.3604,1.4839,-2.0014,2.6276,2.4556,0.3061,2.0649,0.4063,-0.0563,-0.453,-3.7746,0.4318,0.4277,-2.8668,0.4472,0.7273,-0.2053,-2.469,0.4004,-0.303,0.3825,-2.0452,-1.1193,2.8194,1.2489,0.0388,0.5286,2.492,2.524,-0.3759,1.2865,-0.9265,2.0636,-1.9598,1.9793,-0.3061,1.8668,1.3745,-1.2423,1.2521,-0.6408,-0.4156,0.8221,0.3471,-0.3485,-0.6025,-4.5883,-0.3864,-0.9537,1.9968,-0.5275,-0.1482,-1.818,0.5996,0.0871,-2.3598,-1.4572,1.1633,-0.9587,-3.7629,-0.7096,0.7307,2.2449,3.0706,-0.9044,0.1016,-0.4679,0.0566,-1.1165,-0.0739,-1.5383,-0.3251
VENHQS1ERC1BQUNBOmxpaGNfdGNnYV9wYW5fY2FuX2F0bGFzXzIwMTg,-3.1388,0.3098,-1.701,-0.5483,0.0968,1.2116,-1.1437,0.0015,0.7288,4.2836,1.6811,1.0245,2.1226,6.1403,0.6449,2.2329,-1.4427,-0.5346,-1.3036,0.3115,3.5224,-0.0017,1.4704,1.3424,-2.35,-0.5921,0.0676,3.0799,-0.1919,-1.53,-0.8675,-1.2338,2.0834,2.1333,5.6865,5.5684,-2.3103,-2.0701,3.5941,-0.6862,1.9555,-2.2488,4.145,1.2751,-0.151,3.3699,-0.7634,-1.7469,1.6141,-1.9469,-1.264,0.66,3.2406,-0.0495,-2.5938,-2.4159,2.1711,2.9548,1.8494,0.8608,-0.7325,5.1139,1.1337,1.6638,0.41,3.2569,0.0312,0.5411,0.4639,-2.7516,-1.7298,6.0936,-2.3357,-2.1155,1.9343,1.8262,-1.5614,-0.6904,-8.0142,-1.9031,-2.7412,-0.1979,0.5648,-0.7352,2.2169,1.6735,0.2112,-0.6282,2.2959,7.1907,-1.1621
VENHQS1ERC1BQUNCOmxpaGNfdGNnYV9wYW5fY2FuX2F0bGFzXzIwMTg,-5.6792,-2.4534,-1.0567,0.5882,1.8738,-1.8106,-5.9174,-0.6708,-0.3127,4.325,2.7939,0.6339,0.7638,-3.23,-0.3083,-2.148,-2.5986,-0.9894,4.2291,-1.6899,2.6473,-0.8762,3.6193,-2.0804,-0.169,0.3371,-0.6645,0.6248,-6.3749,-4.7095,-2.0363,-3.3986,3.2735,2.1764,4.8818,1.4368,-0.559,-0.163,1.7957,-0.2836,-0.5772,-1.558,4.3722,2.0912,0.4593,2.9768,0.5976,1.8087,-1.7417,1.3465,-1.888,2.1724,5.0091,-0.6874,0.053,-3.5771,0.901,0.5254,1.7693,0.5098,-0.2344,1.7981,0.97,-0.6082,-0.4172,0.7616,-2.0472,-0.2278,1.417,-2.6524,-5.4212,3.4168,2.0119,-2.4598,-2.5256,-1.0658,4.1003,0.5487,-3.4781,0.777,1.2576,1.0239,4.1783,2.8237,-1.3359,-0.459,-0.3454,0.9699,1.3687,6.7885,-2.0212
VENHQS1ERC1BQUNDOmxpaGNfdGNnYV9wYW5fY2FuX2F0bGFzXzIwMTg,-0.7367,-4.3933,2.7934,2.5218,2.5878,1.182,-2.1789,-2.5018,0.1412,4.2695,0.5911,0.0765,1.2996,-3.7179,-0.681,-0.6251,-2.8054,-0.2702,1.4614,-0.0367,2.239,-0.6835,0.7758,-0.368,0.0165,0.233,-0.5762,0.2086,-3.277,-3.386,0.9586,-1.3969,-3.9215,1.6745,3.8286,1.3203,-0.7074,0.1816,2.8598,1.7204,-1.3425,-1.3229,1.1193,1.7784,-1.8051,3.2182,0.7622,0.4132,0.9958,2.1205,-1.0881,-0.5556,3.3647,1.8559,-0.4466,4.2112,1.5496,-1.0824,3.4717,-2.9861,-1.0126,0.3266,2.2042,0.7485,-2.064,-3.8817,-1.8257,-0.8274,2.201,1.1684,-0.6173,1.5753,1.4945,-1.8275,-2.2525,0.2437,-1.7529,0.3551,-2.5444,1.2209,2.9726,1.7464,-0.8282,0.6283,-1.2376,-1.4301,0.8819,-0.957,0.3947,-2.0085,-0.3768
VENHQS1ERC1BQUNEOmxpaGNfdGNnYV9wYW5fY2FuX2F0bGFzXzIwMTg,-4.3648,-6.9029,-0.7476,1.4878,-0.0789,0.8362,-2.8457,-2.2482,-0.4098,1.9448,-0.5076,-0.0319,1.0576,0.9449,-1.1809,-0.3229,-2.7725,-1.7685,2.6522,0.7594,-0.3325,-3.1952,0.0068,0.7855,0.0255,4.5716,0.4651,-1.3331,-3.8823,-5.3547,-0.8107,-1.2817,-2.8017,0.5833,2.6129,1.2533,-3.3337,0.8338,-0.0174,0.5605,-4.2505,-1.0426,-0.3204,2.293,3.6007,1.0283,-0.843,-0.149,0.5399,0.6083,-1.7333,0.8378,0.7196,2.0719,-0.7257,-1.0728,0.8221,-2.9176,1.2568,1.3068,-1.5293,0.4598,2.6216,-1.6417,-2.3889,-6.2924,-4.3703,-1.994,2.079,-0.8409,-2.6121,0.5921,0.5716,-4.8754,-2.4715,-1.5976,4.1647,0.8193,-1.9019,-1.9006,-0.007,0.5305,-0.7441,-1.1775,-2.04,-0.9591,-1.3124,-1.2846,2.2492,-0.4415,-0.609
VENHQS1ERC1BQUNFOmxpaGNfdGNnYV9wYW5fY2FuX2F0bGFzXzIwMTg,-3.528,-0.9498,-1.843,1.2198,-3.0544,2.8916,-0.8659,2.2701,0.0016,1.9883,-2.3997,-1.7042,0.6453,-1.137,-1.1257,0.2569,-1.2768,-0.1908,-0.9807,-2.3599,1.4303,0.0559,-1.2442,-0.9179,-3.0471,-0.0606,2.7678,2.3068,-0.9056,-1.731,-0.1343,-0.7104,-3.0122,1.2135,1.0503,1.1203,-1.958,1.9728,0.7481,-1.1304,1.0662,-0.5604,1.7783,-1.5202,-2.1787,1.6649,-0.5881,-2.7882,1.5514,1.7924,-1.0838,-0.373,5.6484,2.9598,-0.5641,0.0151,4.1001,3.9339,-2.849,3.306,-1.4962,4.5969,-2.5256,-0.6836,-0.2519,-0.8682,-0.9576,-0.4462,-1.6423,-3.6113,1.1445,-3.3852,-2.445,-0.972,-0.4982,1.0843,0.9076,0.0393,-8.2683,-2.8078,-1.2145,-0.9934,0.1552,-0.8383,-1.7794,-3.0963,-0.7865,-0.7994,0.7365,-2.7923,-1.783
VENHQS1ERC1BQUNGOmxpaGNfdGNnYV9wYW5fY2FuX2F0bGFzXzIwMTg,-6.8732,2.9542,-2.246,-0.1154,-1.0445,-1.0255,-1.8499,-1.5536,-1.5135,4.5492,-0.1322,-2.0627,2.3491,-4.3788,0.6421,-1.5136,-2.7182,-0.9333,0.8951,3.2949,4.5631,-2.0734,2.6484,-4.8853,-0.7,2.4543,0.4308,1.0344,-1.1804,-4.9654,-1.0037,-1.0871,-5.346,1.1062,3.6719,3.3935,-3.8563,0.6834,4.0497,-0.1292,-1.0472,-1.7346,0.3522,0.3886,0.083,4.3939,-1.7002,-4.28,5.2618,2.4287,-0.2441,0.3708,0.6537,2.197,-1.2584,0.4597,2.3986,-0.486,0.7113,2.2127,1.4274,2.0348,-0.7758,0.9585,-0.6834,-8.4526,-3.0081,-1.4407,-0.3137,-2.3614,0.5924,1.5084,0.9561,0.9257,-1.2571,-0.0955,2.2439,0.6135,0.4317,-0.46,3.2254,-0.3672,0.5221,-1.1829,-3.6542,-0.1566,-1.2973,1.526,1.0594,-4.7494,-0.7704
VENHQS1ERC1BQUNHOmxpaGNfdGNnYV9wYW5fY2FuX2F0bGFzXzIwMTg,-9.6397,-3.0439,-1.8868,-0.1131,-0.56,1.8143,-1.2166,-2.1789,-3.0798,3.4902,-3.5098,0.01,5.2853,-4.0912,-0.4097,-3.2451,-2.2494,0.3556,0.8318,1.7165,1.4282,-3.0327,-0.5549,-4.9146,0.9645,1.574,-0.2862,0.6039,-4.4266,-1.657,-0.2257,-1.4118,-6.8016,4.4532,4.1849,2.3402,-4.4666,0.6823,4.774,-0.2457,-4.0374,-0.3584,-0.8271,6.2999,0.0374,4.4181,-4.8627,-3.8347,3.9682,3.0385,0.9058,-0.5417,2.3175,0.9931,-1.7043,-0.6982,-0.6015,-3.3252,3.3448,-0.0075,-2.4257,2.1007,3.0393,0.3639,-5.0403,-2.9197,-5.5554,-2.101,0.5301,-4.7261,0.1846,2.645,0.0563,-3.8479,-1.5276,-1.7817,4.1858,-2.2523,-5.57,-2.1012,-0.1168,-0.4959,1.0637,-2.593,1.1956,-1.3642,-0.5299,0.0404,0.8779,1.4808,-3.4039
VENHQS1ERC1BQUNIOmxpaGNfdGNnYV9wYW5fY2FuX2F0bGFzXzIwMTg,-2.8165,0.966,-0.4066,0.8181,2.5883,5.3835,0.7348,-1.2611,0.6247,4.5448,3.0997,1.5338,3.6761,-1.9562,0.2968,-0.3601,-2.6392,-1.1746,-1.1487,4.1324,3.8139,-0.8629,1.8317,1.0212,1.7115,0.8424,0.738,4.4285,-0.9609,-5.7354,-3.731,1.4525,-2.9674,3.0552,6.4104,4.6642,-0.7977,2.0173,5.5441,1.3952,1.7177,-1.1425,5.6594,2.4444,-1.689,5.154,0.8001,-0.3824,4.2455,0.943,1.019,2.5822,0.7728,0.6013,-0.4819,3.2033,4.4191,1.8451,3.1356,0.2524,-1.1482,4.7317,1.0163,-0.3166,-0.6741,-3.8912,1.9155,-0.8578,0.4718,0.7485,1.26,3.541,2.4796,1.9315,-0.7265,1.1845,2.0482,0.898,-6.7107,-0.9788,0.65,0.7342,10.2207,-1.6221,0.628,0.1675,-0.2274,1.969,2.0196,-1.5061,-0.8015
VENHQS1ERC1BQUNJOmxpaGNfdGNnYV9wYW5fY2FuX2F0bGFzXzIwMTg,-3.4943,-7.9485,-0.6134,0.2608,-0.0877,-1.0196,-3.1992,-1.8758,-1.0847,2.2931,0.4935,0.2368,-0.1527,-1.846,-2.3628,-0.0104,-3.8466,-1.6491,1.4834,0.0419,1.0652,-3.6864,1.6777,-1.2891,2.3929,4.4779,0.1244,-1.0806,-0.2424,-6.6495,0.0419,-0.7004,-1.2478,2.3428,1.7932,0.3043,-3.506,0.1986,1.2177,0.851,-4.4796,-0.5907,1.4912,0.178,1.4747,0.0337,0.5665,-0.1378,1.1832,2.409,2.8091,2.0909,0.0105,3.049,-0.3875,1.835,1.1313,-3.5117,2.6901,-1.0695,-3.7811,0.3195,4.2124,-0.9443,-2.129,-14.0464,-1.919,-2.0901,1.4542,-0.7802,-1.264,2.8612,0.804,-2.9103,-1.5318,-3.2486,-0.4058,0.4562,-2.6291,-0.0196,0.0803,1.5843,5.9194,-1.5856,-2.2646,-2.2034,-1.8303,-0.729,0.4683,-4.5821,-0.15
VENHQS1ERC1BQUNKOmxpaGNfdGNnYV9wYW5fY2FuX2F0bGFzXzIwMTg,-7.7274,-2.2536,-3.3738,-1.2433,-1.6776,-1.3508,-3.8305,-1.4965,-2.3182,0.7674,-3.5058,0.5861,1.0902,-1.395,-1.0846,-1.7066,-2.1538,-1.5343,0.1654,0.3285,1.1465,-2.4395,1.4592,-3.0133,-2.9344,4.6696,0.2049,-1.4219,-1.9538,-5.6002,-1.4996,-1.213,-1.5273,0.3177,0.4885,-0.886,-4.1589,-0.3178,0.6024,-0.4438,-1.9742,-0.9701,4.2732,1.5588,1.7745,1.6006,-3.2914,-4.516,0.192,1.498,-0.4156,1.7086,2.2185,0.1221,0.3397,-6.3038,2.1662,-3.0786,0.082,2.5002,-2.7705,1.6671,2.3275,-1.8946,-2.1603,-0.1483,-0.9023,-1.6143,0.7433,-1.8144,1.0171,0.3654,-2.4395,-3.875,-0.9813,0.7866,-0.4721,-0.045,-6.6946,-2.2932,-1.9278,-0.9784,6.5093,-2.3116,0.2625,-0.4551,-0.5866,-1.1036,0.1637,2.9047,-1.5767
VENHQS1ERC1BQUNLOmxpaGNfdGNnYV9wYW5fY2FuX2F0bGFzXzIwMTg,-3.6217,0.6489,-0.8322,1.3635,-0.5539,-1.5916,-0.8019,-2.1451,-0.2304,2.7663,0.3824,-0.6885,2.4865,-0.1793,0.987,1.5556,-1.738,-1.26,-0.4812,0.4466,2.5379,-0.1247,0.767,0.3728,-1.5717,-1.1294,1.0268,2.7391,1.5451,-2.6904,0.649,1.356,-0.2731,-0.3176,3.0947,2.6474,0.4699,0.7259,1.8612,-0.3078,1.0774,-0.2524,2.7669,0.1083,-0.0126,2.2644,0.2268,-3.6521,0.4295,2.0515,0.0136,-0.8634,2.85,0.0355,-1.249,-2.5357,1.0852,0.8108,-1.1183,0.0755,-0.1139,4.4646,-1.7547,-0.1236,1.1563,1.6731,0.7182,0.1695,2.3824,0.137,2.2104,3.0207,1.9911,-2.2385,0.9238,1.7197,-2.9502,0.3546,-5.8267,-1.5967,1.5972,0.6163,11.7103,1.8508,1.2891,2.4242,-0.7704,0.0968,0.4968,2.0152,1.2576
VENHQS1ERC1BQUNMOmxpaGNfdGNnYV9wYW5fY2FuX2F0bGFzXzIwMTg,-5.9169,-0.4344,0.7987,2.8148,2.3492,1.0591,-4.4017,-1.2514,-1.0153,4.3635,2.3813,1.999,2.5382,-1.6474,-0.2219,-2.3225,-2.4635,-1.8528,1.7492,4.1478,2.6106,-2.723,2.9144,-2.1925,2.1317,3.5599,-2.0471,0.0388,-5.6369,-4.2758,0.3737,0.2072,-4.2422,1.5728,6.2341,2.6767,0.2137,1.3435,3.3391,0.6193,0.2424,-1.4218,2.195,3.6176,-0.2121,5.0542,2.304,0.6418,2.3706,0.7942,0.5813,1.0004,4.5706,-1.0073,-0.6061,4.3457,0.5363,1.1443,1.7848,-0.8279,-0.8366,6.4052,2.3518,0.2901,-3.1281,-1.6411,-1.3078,-0.4657,0.5314,0.7053,-0.8105,1.7366,0.4859,-3.7522,-1.2724,-0.2586,3.526,-2.5199,-3.8239,0.468,2.7267,1.6032,1.3179,1.0687,-0.5256,-0.4952,-0.2631,-1.098,1.4548,-0.5335,-0.2237
VENHQS1ERC1BQUNOOmxpaGNfdGNnYV9wYW5fY2FuX2F0bGFzXzIwMTg,0.3697,-4.7057,-0.1553,4.4997,0.0678,3.5255,-0.276,0.5257,1.0888,1.9112,0.344,0.4854,3.7394,-0.0842,0.839,2.8654,-0.5473,1.3722,-0.7653,0.2397,1.4998,0.7805,0.9625,2.5548,1.1929,-0.051,2.1006,1.9499,-1.1037,-2.2157,0.4775,-0.9863,-3.1234,1.8306,2.7245,2.4976,1.5077,1.5831,1.6102,-0.3619,1.7685,0.3276,1.273,-0.1093,-1.957,1.5854,1.4176,0.8494,-0.0008,0.5834,-0.6589,1.2275,5.5455,3.2575,-0.3512,5.6483,2.9336,1.4933,-0.551,0.5621,1.4372,4.9688,-1.1377,1.5829,0.1908,1.4282,3.1503,0.1705,1.2837,-0.1169,1.5111,-1.5309,0.8572,2.6433,2.0757,2.2336,-0.9177,-0.7318,-2.2818,-1.3693,0.5798,0.7021,-0.6142,2.7325,0.6889,1.1799,1.6939,1.7574,1.349,2.0908,0.9218
VENHQS1ERC1BQUNPOmxpaGNfdGNnYV9wYW5fY2FuX2F0bGFzXzIwMTg,-2.5883,-2.5243,-2.7641,0.1322,-2.116,-3.1359,-2.3925,-2.4022,-1.2187,2.957,-0.4763,-1.8951,-0.3342,-3.8211,-3.639,-2.1644,-3.6702,-1.3914,0.0634,-0.8296,1.2461,-4.8933,-0.1009,-1.0602,-0.2733,3.1693,-1.7855,-1.1043,-5.077,-1.7703,-1.8606,-1.5162,-5.1945,1.1793,2.9822,2.4209,-4.2257,-0.5696,2.929,2.9844,-5.4254,-2.0308,0.2373,2.5919,4.311,2.7626,-0.394,-0.8703,1.7403,0.3635,-1.0335,1.4034,2.4824,2.6286,-1.7482,1.2359,1.2893,-4.6477,3.0082,-0.124,-0.9366,-1.3789,4.9168,0.3298,-1.5214,-6.9075,-6.2195,-3.8214,-2.6238,-2.6293,-2.2349,3.223,-1.1575,-3.6128,-2.7647,-5.7353,-5.0571,1.0597,2.6726,-1.2161,2.4317,0.903,4.2931,-0.5841,-2.94,-2.4774,-1.7965,0.8769,0.4697,-2.9743,-0.1271
VENHQS1ERC1BQUNQOmxpaGNfdGNnYV9wYW5fY2FuX2F0bGFzXzIwMTg,-8.0543,-3.2783,0.3669,4.6047,-1.3271,1.2697,-3.6017,0.2291,-2.0541,5.3657,2.0888,-3.4548,4.677,-0.0753,0.5485,-2.6284,-2.4711,-1.9271,-0.4012,1.4041,4.5795,0.5109,1.8385,-3.0785,1.3778,-1.6032,0.7003,1.2876,-2.27,-4.0401,-3.3681,-0.6818,-2.7391,3.2481,7.1817,4.8284,-1.0381,1.5105,6.9457,1.6757,0.3011,-1.8376,3.7502,6.0109,0.5436,4.8037,-2.0623,-2.6175,0.9042,-1.4538,-1.8675,-2.024,6.937,3.8038,-1.7005,3.7517,2.9782,-2.3933,1.7996,1.8475,2.5918,4.4886,-0.293,0.6391,-1.4984,-5.629,-1.61,-0.1558,3.1972,-1.1303,-1.1623,2.0835,1.2466,-3.5721,-2.0339,0.3147,0.9062,-0.7363,-8.3828,-2.3209,1.7764,1.1928,2.7012,1.136,-0.6443,3.2763,-0.0785,-0.12,3.9447,4.1657,0.364
VENHQS1ERC1BQUNROmxpaGNfdGNnYV9wYW5fY2FuX2F0bGFzXzIwMTg,-7.5816,-2.6082,-2.824,-2.0372,-3.5361,-2.9876,-0.0191,-1.3346,-0.8083,3.7319,-2.5369,2.2109,2.354,-6.5567,-1.128,-2.1421,-4.8182,-0.9824,0.7843,0.3079,1.9781,0.6584,1.6102,-2.8586,-3.9036,1.3836,-1.7759,3.0679,-1.024,-2.6939,-1.0901,-1.6,-2.5269,0.6944,3.4364,2.2307,-5.5192,0.3328,3.5309,-1.6838,-1.4724,-1.6859,3.4627,2.8405,0.1524,3.586,-3.0679,-3.6733,-0.0756,0.3799,-1.1412,-0.5156,1.7571,0.2781,-1.9661,4.893,4.1938,1.8897,2.0699,1.1878,1.3548,2.3937,-0.1604,0.9258,-1.5609,-1.883,-0.2932,-3.1924,-0.8195,0.3044,-0.5634,0.1558,0.2184,-0.4714,-2.932,-0.1604,1.0101,1.3851,-8.1832,-3.1986,4.2809,-2.246,8.354,-3.1971,0.5271,0.6592,-2.6515,1.0172,1.9539,-0.5873,-0.6679
VENHQS1ERC1BQUNTOmxpaGNfdGNnYV9wYW5fY2FuX2F0bGFzXzIwMTg,-5.3139,-1.962,-1.9544,-0.3521,-1.571,-0.7629,0.6283,-1.7599,-0.3785,5.2747,-0.9024,0.9277,2.5719,-4.1407,2.5393,-0.1541,-2.8098,0.9364,0.5837,3.8342,4.3464,-2.9069,0.4795,-1.8734,-3.8939,-0.0571,-1.1955,5.919,-0.8684,-5.1634,0.6297,-0.25,-5.7886,2.6819,5.1448,3.1621,-2.8545,-0.8234,4.4995,-2.0827,2.2465,-0.43,3.9882,-0.0443,-1.7441,4.0766,-1.5805,-3.5445,3.6874,0.088,0.4477,2.198,-0.1729,2.4616,-1.4331,2.4709,1.7359,2.2083,0.2563,0.812,-1.9881,3.4391,-0.6399,0.5761,0.3056,-0.9619,-1.5401,-0.1333,-1.5119,-2.9156,-0.7768,3.6989,-2.5968,-2.2743,-0.4713,0.2019,0.3609,0.749,-3.4251,-3.8398,-1.1567,-0.6244,4.1306,-2.4928,1.5483,-0.9416,0.3664,0.285,2.2868,-1.4245,1.0284
VENHQS1ERC1BQUNUOmxpaGNfdGNnYV9wYW5fY2FuX2F0bGFzXzIwMTg,-0.2932,-4.1661,-0.311,-0.0735,-0.4909,0.4891,-2.2323,0.1144,0.4675,3.2633,-0.2547,0.8463,2.9951,1.3859,-1.726,-0.0933,-1.6349,1.7231,1.9484,-1.4317,2.117,-1.0105,-1.8031,-0.2178,-0.2177,2.5156,0.4415,1.311,-1.5829,-3.2409,1.6991,0.0893,-1.1501,0.3752,1.8531,1.3479,-0.7823,-0.6693,2.7253,-0.5013,-1.2831,-1.0573,1.8426,3.2069,-1.6195,0.7702,-0.2078,0.3324,0.5376,1.0958,0.1746,2.0662,0.7053,2.0341,-0.6675,2.0667,2.2381,1.4564,0.5024,-0.5906,-2.0647,1.6994,1.8566,-0.554,0.3698,-0.3143,-0.3623,-3.2076,2.6236,-1.5909,0.5064,0.0677,0.2376,-0.5488,-1.4447,-1.1769,0.3827,-0.3517,-2.4102,-1.2439,-1.0213,0.1244,5.2543,-0.5881,-2.0221,-0.9499,-0.0983,-1.2114,-0.0592,-1.3701,0.0289
VENHQS1ERC1BQUNVOmxpaGNfdGNnYV9wYW5fY2FuX2F0bGFzXzIwMTg,0.0507,0.2527,-1.7234,-0.4363,0.3236,0.9853,1.3893,-1.1993,-0.1866,1.7961,0.2983,2.3599,0.0091,-1.4326,0.4308,0.8171,-3.1667,-0.9787,-0.9336,1.1006,1.1503,1.0769,1.1803,0.9379,-1.1261,0.2029,1.4296,3.2227,2.4769,-4.6791,-1.1167,-2.0657,-0.5323,1.8202,3.2392,0.9609,0.379,-0.3221,0.5138,-0.8116,1.2507,0.0623,1.5287,0.4165,-0.1887,3.0235,1.1941,-0.393,2.4594,2.7435,-0.6314,-0.0101,2.991,4.002,-0.5022,3.2473,3.5298,1.9281,1.7141,-0.6426,0.5204,5.013,1.038,0.3628,-0.1491,-0.9574,-2.1372,-1.083,1.5246,-1.1082,1.9042,3.5404,-0.8123,1.5518,1.2883,1.183,1.6262,1.3849,-5.7901,-1.226,2.1898,0.0076,4.355,0.9003,-1.7396,-0.5908,-1.6635,-0.3699,2.1804,1.2478,-0.3638
VENHQS1ERC1BQUNWOmxpaGNfdGNnYV9wYW5fY2FuX2F0bGFzXzIwMTg,-6.2037,1.6727,-0.0024,-1.2982,-3.8222,0.1252,-0.7119,-1.5344,-3.3462,5.5114,-0.1693,2.2045,-1.339,-1.323,1.0792,-1.7464,-4.9989,-3.1336,-3.0883,1.5428,5.1777,0.4576,1.6795,-2.6318,-2.8434,0.2566,0.3863,2.704,3.2854,-5.0653,-2.8709,-0.8154,-1.6911,0.4147,7.7459,6.7372,1.1755,-0.7746,3.1902,-2.6385,1.739,-1.0449,-0.059,-1.2098,-2.6489,5.0367,-4.4516,-3.8411,2.6125,0.7341,-1.1581,-1.7177,-1.1832,1.0861,-2.9521,2.2565,2.8537,-2.2303,0.0567,-0.3788,-1.1819,1.2846,1.4159,-2.6388,0.7262,1.2502,-2.184,-0.6202,-2.0618,-4.3045,0.1957,-0.4757,-0.9783,-3.032,0.4895,1.9309,1.8804,0.6417,2.2504,-3.0781,-0.014,-1.5532,0.8459,-0.068,1.8261,1.8452,-1.3301,-0.7389,1.6494,-0.7996,-2.2628
VENHQS1ERC1BQUNXOmxpaGNfdGNnYV9wYW5fY2FuX2F0bGFzXzIwMTg,-6.6052,0.3555,-0.978,1.906,0.6453,1.8584,0.5767,-1.2133,-1.7548,3.6487,-1.1997,-1.0085,3.0667,-3.4619,0.7581,-1.1928,-4.1206,-0.1392,-0.573,1.8059,3.6733,-0.1934,0.9625,-4.4642,-1.4649,-1.0013,-0.5381,-0.6828,-2.2346,0.3279,0.8555,-1.5007,-1.9997,1.4332,6.1856,2.9037,-2.727,-3.0889,4.9293,-1.1113,0.2138,-2.4889,-0.0526,3.1124,-1.7328,3.9083,-4.0671,-4.1485,2.6386,0.3694,-1.7507,-0.9896,5.3287,-1.1441,-3.3767,2.6679,2.8356,-0.8405,0.6793,0.4616,4.0311,4.0885,0.6233,-0.6966,-1.3128,-2.3345,-1.1298,-2.1801,0.073,2.4322,-1.0544,2.8874,0.4014,-4.1327,-0.0584,0.1539,-1.8338,-0.5139,-6.3455,-1.6212,1.8685,-1.3772,-2.8373,-1.4681,1.6995,0.4863,-1.7649,-5.0449,3.2891,1.0039,0.4697
VENHQS1ERC1BQUNYOmxpaGNfdGNnYV9wYW5fY2FuX2F0bGFzXzIwMTg,-9.4628,-0.2434,-1.5337,-0.2118,-1.0051,0.1055,-1.4213,-1.9574,-1.7293,4.5175,-2.4156,0.5202,0.4432,0.6156,0.2929,-1.2669,-2.9089,-2.458,-0.2021,0.459,2.8407,-0.0463,-0.2615,-5.5403,-1.6745,0.8267,0.6648,3.1932,1.1961,-7.5652,-2.3337,-0.0349,-0.668,0.5761,5.0629,3.4311,-3.4133,0.1733,3.2721,-0.6539,0.8139,-0.5789,5.2162,1.4011,-2.4972,2.6663,-6.6048,-5.3308,0.0432,1.9929,-1.5755,2.2477,-1.6936,0.2626,0.0258,-3.56,0.9524,4.1984,-1.4979,0.2173,-5.4318,4.7909,1.9709,0.2046,0.2609,2.7189,0.4278,-0.3197,0.4527,-1.834,1.1765,0.358,1.0926,-3.712,2.0772,0.3967,1.8235,-0.8374,-4.1405,-0.8989,-2.2251,-0.8263,9.1002,-3.5041,1.2639,-1.6477,0.0861,-0.067,0.0011,4.7799,-0.5719
VENHQS1ERC1BQUNZOmxpaGNfdGNnYV9wYW5fY2FuX2F0bGFzXzIwMTg,-2.7162,0.245,0.0034,1.928,-1.4879,-0.5063,-1.0899,-3.1695,-0.3986,0.8147,0.5024,0.3112,3.4129,-5.9602,-1.3973,0.6327,-3.478,-0.2774,2.0765,0.3143,1.2549,-0.5748,-0.6873,-0.7509,0.1201,1.3286,0.8963,0.1694,-3.0258,-3.1416,1.554,1.9173,-3.933,0.6939,1.2317,0.6145,-2.7266,0.7979,0.4225,0.2086,-0.2264,-0.1032,0.7538,-0.3535,1.043,1.1671,-0.4692,-2.3998,1.552,-0.9658,0.9955,0.0837,0.9966,2.4313,0.2308,0.7183,2.608,0.1712,-1.5713,-0.6897,0.3817,3.1721,-1.6153,-0.4091,2.9305,-4.8377,-0.2491,-1.1699,2.7314,-2.7795,0.0359,0.6873,2.0142,-1.8263,-0.6033,1.2365,1.9701,-0.2473,-3.8437,-2.2633,0.0703,-0.3568,2.5889,-1.4858,0.2949,0.3727,-2.4132,0.6194,0.1113,-2.0421,-0.3305
VENHQS1ERC1BQUNaOmxpaGNfdGNnYV9wYW5fY2FuX2F0bGFzXzIwMTg,-3.2438,-0.6206,0.7472,2.2192,1.5943,3.7453,-3.993,-0.0576,-0.7839,3.0711,-0.4409,-2.7094,1.1129,-7.9961,2.1062,-0.931,-3.0113,-0.652,0.0993,1.9263,2.5353,0.076,0.8178,-0.7772,4.5985,-1.2179,0.3224,1.7057,-0.251,-5.7303,0.7266,1.0778,-4.933,0.2725,5.7677,2.1876,-0.8924,2.7513,2.2385,2.252,2.2414,0.7185,3.6615,2.525,-1.8505,3.3477,-2.8048,-4.0063,1.8545,3.2511,2.1838,0.0125,4.0025,-1.2277,-1.9187,1.8701,1.9558,0.9296,2.2871,-3.2796,-3.5095,7.6753,0.971,-1.7802,1.2925,-6.5852,-0.9005,-0.5035,0.2073,0.0244,2.3005,2.6183,-0.1622,-0.1672,-0.2385,2.0857,6.171,0.0539,-2.6249,2.0132,1.8406,1.1113,10.1587,1.6214,0.4139,0.582,-0.4302,-4.0814,4.0259,-2.7915,0.9101
VENHQS1ERC1BQUQ1OmxpaGNfdGNnYV9wYW5fY2FuX2F0bGFzXzIwMTg,-4.7425,-3.2841,-1.4457,0.2897,2.2224,-0.0268,-2.7737,-2.1185,1.2674,5.8704,2.5856,0.8577,3.4225,2.0931,-0.7023,-2.4236,-4.8745,-2.0759,1.1041,3.0817,1.6071,-2.3372,0.117,-3.5601,4.4182,5.9589,-0.9728,2.4081,-1.5764,-5.2264,-0.0138,0.1215,-4.4928,1.7254,5.5649,3.8758,-1.5271,3.5086,3.2074,0.5066,-0.3282,-1.0898,4.4213,6.9216,0.8178,3.8634,-1.8607,-2.0014,1.2982,1.7311,2.1333,-0.9753,5.3083,1.0565,0.1638,5.2646,4.3731,-2.8498,3.5962,-0.4995,-0.8813,4.8271,3.1981,-1.221,-4.8372,-0.4406,1.972,-0.9768,0.997,-0.3975,-0.037,1.262,2.2057,-3.4757,-3.233,-0.3974,2.9557,-2.2362,-6.1284,-0.1038,0.9698,0.8063,6.4717,2.2654,-1.0129,0.5205,-0.079,-1.0032,-0.305,-3.3982,-0.5053
VENHQS1ERC1BQUQ2OmxpaGNfdGNnYV9wYW5fY2FuX2F0bGFzXzIwMTg,-7.3119,-8.4904,-2.7414,0.6733,-1.2389,-1.1084,0.7961,-0.7365,-2.3392,4.3092,0.6054,-2.0832,3.2567,3.4158,-0.6231,-3.5567,-2.7634,-1.2567,-3.2087,-1.6148,2.0878,1.6302,0.1633,-4.2407,-1.705,1.4253,1.024,1.4222,-0.998,-3.8099,0.466,1.1562,-1.1217,-1.365,6.494,3.675,-0.0157,3.9367,3.9801,-1.343,0.8,0.9043,3.488,1.5679,0.6882,3.088,-5.3785,-6.2098,-1.4182,-3.1544,0.4579,1.8023,-1.0122,-2.3794,0.7067,-1.9021,0.9475,-2.4595,1.0433,-1.1095,-4.4774,7.5198,2.2145,-3.3681,-1.1995,0.0278,-1.0308,-0.7361,-0.5311,-1.1072,1.7167,1.4649,-2.6572,-4.8754,-0.7887,0.8892,-0.6657,-2.4935,-3.8809,-3.499,-4.1193,-4.2904,7.3413,-4.2957,-1.1338,0.1443,0.9855,-1.1347,2.3657,4.1149,-1.7851
VENHQS1ERC1BQUQ4OmxpaGNfdGNnYV9wYW5fY2FuX2F0bGFzXzIwMTg,-3.7959,-3.699,0.4372,-1.956,-0.8122,-1.3003,1.2184,-2.4467,-0.8937,4.3227,1.599,2.0807,3.9228,-5.2028,0.0748,-1.1211,-1.2148,-0.8287,2.029,1.3026,3.2317,1.7281,-0.095,1.6142,-1.4026,0.8949,1.3512,2.3349,-0.8014,-1.1639,-1.4835,-0.9333,-3.7702,-0.6163,4.7732,4.658,2.0205,0.0085,3.5006,-0.7808,0.7549,0.0676,1.9079,1.5304,-1.3113,4.5095,-1.0273,-1.3812,1.9882,-1.8459,-2.4733,-0.4494,1.5222,2.7801,-0.1094,6.9332,3.3378,-1.3573,-0.7462,0.6978,-1.6552,2.5616,1.1401,0.6816,-0.9573,2.6127,-0.0582,-1.4824,0.2497,-2.8292,0.9938,-0.7855,1.0845,-2.8486,-1.076,1.8609,5.1459,-0.0368,-3.1484,-2.9362,0.8458,-0.1811,5.0711,-2.385,1.7404,1.152,0.526,0.9279,0.5807,-1.5552,-1.0415
VENHQS1ERC1BQUQwOmxpaGNfdGNnYV9wYW5fY2FuX2F0bGFzXzIwMTg,-8.6161,0.0316,2.7114,-0.487,-0.9342,2.8784,-2.5375,-2.9816,-4.8293,4.487,-4.5556,-6.4286,3.7476,-0.5062,0.0465,-4.0263,-1.6665,-3.6602,-0.9878,1.4369,3.7624,-0.3097,2.2151,-4.0324,-3.8021,-0.2973,0.9659,3.658,-0.5568,-0.794,0.4023,0.767,2.3373,0.428,4.3209,3.478,-4.8103,0.4758,3.2408,-2.4607,0.2926,-2.1675,2.3092,0.7893,-1.9337,3.9763,-6.9993,-3.2789,1.9821,2.3505,-1.2886,-7.3656,2.1158,2.1218,-1.1279,-6.4424,3.2758,2.2412,-1.337,1.7426,-0.6881,4.7417,-3.1534,0.0687,-0.8944,-1.3945,0.6767,-2.2573,2.4948,-1.9372,-0.234,2.6262,-2.37,-3.7107,1.2052,0.9614,-3.6617,0.775,-8.3637,-3.1008,0.8482,-1.6065,2.9356,3.626,-0.8592,0.6182,-2.0169,-0.1931,1.8139,4.8411,-1.6904
VENHQS1ERC1BQUQxOmxpaGNfdGNnYV9wYW5fY2FuX2F0bGFzXzIwMTg,1.7199,-1.0579,2.332,0.6335,2.8516,3.0469,-0.4066,0.2164,2.6386,2.707,2.3944,1.6604,3.4743,-1.8611,1.6204,2.5922,-0.9296,0.6624,-1.1506,0.8411,1.7483,1.454,2.4997,3.6116,0.9955,-0.8267,1.1068,3.941,-0.378,-1.4169,-0.8802,-0.334,-2.2632,2.4686,3.2608,2.067,0.3783,1.9253,2.3902,1.0412,1.0277,-0.7801,2.0822,0.4342,-3.8514,1.7339,2.653,2.343,0.5814,0.8111,1.1093,2.5504,3.7345,3.1091,-1.4075,4.8564,2.3207,3.1025,1.2775,-0.8717,1.5596,3.8503,1.0451,1.7688,1.7876,-0.8257,1.7998,0.7061,2.2155,1.427,1.3232,2.1679,1.9305,3.48,1.7099,1.153,-0.5066,0.7712,-0.4922,-0.1336,3.9931,2.5206,1.0205,0.7121,0.0743,1.1483,0.168,1.6486,1.0152,0.2256,0.7725
VENHQS1ERC1BQUQyOmxpaGNfdGNnYV9wYW5fY2FuX2F0bGFzXzIwMTg,1.5905,0.3321,-0.2544,0.7574,1.2145,0.3745,-1.1108,-1.382,1.8246,2.8895,1.8081,0.7923,0.8385,-0.8385,-0.1856,2.474,0.0627,1.0788,1.0735,1.1856,1.9801,-0.6386,1.5774,4.5148,1.8792,0.8342,0.1033,2.0599,0.4567,-2.9578,-0.4415,0.9268,-2.5801,2.4511,3.7865,2.233,-0.6568,1.4482,2.1474,1.2532,-0.7022,-0.8086,1.8602,1.1724,0.3594,2.3696,3.4074,2.723,1.2001,1.8697,0.8837,1.5684,-0.499,2.5486,-0.512,3.0535,1.9071,-1.0212,2.3656,-0.1763,0.3848,3.266,1.8345,0.4898,1.2131,-3.8055,-0.347,-0.3054,1.3594,-0.4231,1.5337,1.6884,0.8929,2.5907,-0.6451,0.2572,1.4079,-0.0182,-3.7048,-0.3744,1.592,3.5667,3.357,-0.0616,-0.6139,-0.7814,-1.4324,-0.0938,0.6074,-6.3419,1.0368
VENHQS1ERC1BQUQzOmxpaGNfdGNnYV9wYW5fY2FuX2F0bGFzXzIwMTg,2.0693,-1.1873,-0.6847,0.1324,-0.6908,2.8412,0.5556,0.2853,1.0958,1.9759,1.0335,1.398,2.0459,-2.8709,1.3469,2.2246,-1.0195,1.2491,-1.6925,1.1621,2.1853,0.5936,1.7302,3.4439,-0.4243,-1.085,1.87,2.8368,1.8399,-1.2462,0.0319,-0.204,-2.4027,0.9077,3.6403,-0.3226,0.3066,1.3122,1.998,1.0272,0.2199,0.1324,1.1176,0.167,-2.9573,1.9144,2.4659,1.9524,1.0084,2.259,-0.4041,1.0257,5.1298,3.9746,-0.3851,2.8725,3.0829,0.8987,0.9243,-0.5331,0.7167,3.4501,-0.6757,-1.1207,1.3275,0.289,-0.7292,0.263,1.8652,-0.7435,1.2306,0.1809,0.6141,3.0759,1.5412,0.8302,-0.0355,-0.0496,-3.67,-0.8697,1.7442,0.4739,2.1481,-0.2778,-0.4062,0.0511,-1.2637,0.2166,1.3531,-1.583,-0.6222
VENHQS1ERC1BQURBOmxpaGNfdGNnYV9wYW5fY2FuX2F0bGFzXzIwMTg,-1.2118,-4.924,0.3594,0.213,-0.3632,-0.6732,1.6022,0.425,1.3885,1.6461,0.8447,0.7394,1.5786,-4.6299,-0.479,1.8379,-3.4833,1.357,1.6965,-0.936,1.3737,0.0569,0.1026,0.606,-0.9561,0.6829,0.2673,0.8184,-3.9039,-0.426,-1.058,-2.5937,-4.714,2.127,2.2716,0.418,-3.0288,-0.288,3.1001,0.1303,-0.0283,-1.5284,1.1288,0.271,-1.8965,1.3379,1.389,0.1303,-0.4804,-1.2409,-0.2221,0.0687,7.8162,2.0979,-1.274,3.1404,3.3158,0.9668,1.3529,1.6836,0.9983,3.339,-0.2133,-0.2005,-0.053,-6.772,1.4421,-2.2259,2.0048,0.0119,-1.4944,-3.9963,1.4332,-1.2004,0.7292,-1.5772,0.8899,0.9298,-3.5706,-1.3713,0.361,0.4977,-1.2087,-0.0773,-2.1923,-4.3722,1.2159,0.911,1.4894,-3.5182,1.6002
VENHQS1ERC1BQURCOmxpaGNfdGNnYV9wYW5fY2FuX2F0bGFzXzIwMTg,-4.5672,-0.0841,1.5601,3.3567,0.9614,1.5647,-0.0557,-0.8004,-0.8692,4.2652,1.1728,-0.5779,4.9123,-3.7316,1.2356,-0.2697,-3.024,0.4199,0.686,2.123,2.7448,-0.8663,2.698,0.9919,0.5433,-0.9185,0.7742,1.6528,-0.6166,-3.5036,1.8776,0.9915,-3.119,1.9632,6.3689,4.056,0.0483,1.7118,3.6741,0.2875,-0.9077,-0.897,3.6684,5.0211,-0.8178,3.6661,-1.3855,-2.7812,2.2263,1.3461,-0.106,-1.1284,5.1827,-0.792,-1.7436,4.8294,1.3674,1.7656,1.122,-0.2241,0.3602,7.2352,0.034,-0.4052,0.8831,-1.5376,1.0017,-0.3286,2.1093,1.8935,-1.4526,3.4401,2.5798,-2.55,0.9842,-0.0459,-1.4224,-0.7713,-4.2184,0.2087,1.1414,0.4567,1.9251,1.2438,2.8838,1.8434,1.0755,-2.5894,2.2108,2.3032,0.318
VENHQS1ERC1BQURDOmxpaGNfdGNnYV9wYW5fY2FuX2F0bGFzXzIwMTg,-3.4081,-2.0022,-2.6915,0.6959,1.8173,0.2589,-1.5641,-2.91,-0.7045,3.5115,2.0913,-0.0439,0.736,1.1793,1.2106,-0.3345,-1.5644,-0.1609,-0.0642,5.8167,3.4853,0.3314,2.026,-0.2011,-0.9504,1.6192,0.4959,3.8121,-4.0956,-2.6583,-2.2669,0.1266,0.6265,-0.5713,6.0596,3.3112,1.4675,-1.5426,2.1743,-0.7769,1.1429,-0.9378,4.1451,3.3573,-0.1539,5.6448,0.4344,-0.8956,3.1711,0.8603,0.7807,0.8234,-0.9506,2.3273,-1.4162,0.5602,1.7335,1.0524,-0.508,-1.8007,-0.4143,-0.3503,0.3998,0.1367,-2.1324,1.1793,-0.7113,-0.693,2.6988,-3.0011,1.337,1.7923,0.4828,-2.184,-1.0933,0.3558,1.0256,2.0495,-5.9458,-2.1358,0.5392,1.6101,5.6357,-1.4302,0.0108,1.1618,0.9838,1.2155,0.9904,3.056,-1.7488
VENHQS1ERC1BQUREOmxpaGNfdGNnYV9wYW5fY2FuX2F0bGFzXzIwMTg,-8.305,-0.9243,0.7184,3.4018,-2.0589,1.8409,-2.2493,0.3402,-1.7578,4.1634,2.8479,-4.3643,0.5005,1.315,1.0749,-0.4248,-3.6238,-1.9518,-2.625,1.2539,3.167,0.5848,1.848,-2.367,-1.9686,-0.6593,1.4436,3.3165,-1.4918,-3.0316,1.0967,-0.434,0.6721,2.2594,6.9113,4.4259,0.8582,0.2122,1.7986,-1.6662,1.8148,-2.2748,3.2834,0.285,-0.0546,4.0032,-1.7153,-4.2999,2.3985,1.0886,-0.0872,-2.8181,3.1036,-0.3868,-1.5672,0.1816,1.7225,2.1059,0.1283,1.1585,-2.9639,6.6567,-1.0741,-2.5993,1.473,-0.1633,-1.8609,0.7945,1.6961,-3.7929,0.771,3.7552,-2.6482,-3.3548,0.3228,0.6779,3.5238,-0.2115,-8.5137,-1.141,-0.1989,-1.4974,2.0021,4.1497,1.3983,1.2334,-0.9508,-0.5174,2.7676,4.9351,-0.3507
VENHQS1ERC1BQURGOmxpaGNfdGNnYV9wYW5fY2FuX2F0bGFzXzIwMTg,-7.1659,-1.8474,-1.0824,0.3857,-2.9891,-2.4429,-3.4889,-3.6302,-1.7089,5.0273,3.4129,4.0414,2.5792,-1.2075,-0.868,-1.8121,-4.4985,-2.7696,5.3281,1.6962,5.0124,-3.4765,0.0278,-2.5218,-4.5984,4.4716,-0.9132,-0.8154,-3.3562,-5.4769,-1.3728,0.5624,-3.5994,0.6972,4.1024,3.7609,-2.7206,-0.3531,5.0926,-2.0737,0.2452,-0.9303,3.1174,2.6315,-0.2182,4.8899,-4.2493,-3.7467,1.134,2.1455,-1.2684,-0.7933,2.2768,1.696,-1.1119,3.9018,1.5306,0.1787,0.2867,-0.3147,-5.169,3.2869,0.9735,-2.4413,-3.0519,-4.607,-0.5263,-1.6643,-0.6319,-1.5961,-1.3893,1.9096,-3.3395,-4.8754,-2.4316,0.2638,2.3246,0.1884,0.419,-3.0232,-2.1526,-1.0999,0.0818,-1.3772,1.0668,-3.0807,-4.0883,1.5746,-0.432,-4.0614,-1.6056
VENHQS1ERC1BQURHOmxpaGNfdGNnYV9wYW5fY2FuX2F0bGFzXzIwMTg,-4.8306,1.3284,-2.5733,-1.6175,-2.1056,3.659,-1.765,-0.6909,-0.2863,2.4788,-2.3195,0.5792,2.6879,1.9434,-0.3667,-0.2109,-1.5749,-0.4012,-0.7733,0.9148,2.6628,-0.5497,1.1987,-0.8338,-0.7458,0.6589,0.181,2.5232,-1.9024,-1.5859,-0.2103,-0.0889,0.3295,0.6874,2.3197,2.2958,-1.3351,0.6245,2.5753,-1.5807,0.5731,-2.2225,1.427,0.1483,0.4722,2.2525,-2.0091,-1.3263,1.6019,-0.7226,-2.2276,-2.2086,4.3922,-1.4352,-1.8069,-2.9633,2.3578,2.3734,-3.8084,3.6428,-0.0896,2.3022,-3.1766,2.25,0.6909,0.8454,-0.4054,-1.3889,1.7761,-1.2897,0.8429,-2.26,-1.7349,-2.7691,0.6414,2.3442,0.7757,0.1848,-11.4715,-3.0651,-2.6148,-0.5715,2.3445,-0.9358,0.8616,0.8937,-2.9332,-4.5901,1.5432,4.6537,-1.8425
VENHQS1ERC1BQURJOmxpaGNfdGNnYV9wYW5fY2FuX2F0bGFzXzIwMTg,-1.6239,-3.5281,-0.1423,1.1567,1.4524,2.4827,-0.4599,-2.1371,-0.7185,2.2316,-0.1621,0.758,3.3958,-5.6584,-0.8659,0.1514,-0.4854,1.8269,1.0213,0.8373,2.8696,-1.3068,1.7755,0.7904,-0.4554,1.7945,0.8946,-1.6362,-3.5062,-3.4369,-0.7785,-3.6173,-3.4915,2.656,2.4535,1.2227,-3.7321,-0.5339,3.1583,-0.7629,-1.9187,-1.2162,0.5396,2.4066,0.8548,2.5898,1.3543,1.3634,1.2299,3.4248,-0.8003,0.3411,3.3999,2.5849,-1.5889,5.7138,2.9646,-1.1812,3.0862,0.967,2.4801,3.4721,2.1314,2.6626,-4.4313,-4.9676,1.2953,-2.5031,3.1195,0.3979,-2.0897,0.4942,0.2378,-2.1516,-1.624,-1.8466,-1.788,-0.2512,0.7839,0.1223,1.9336,1.7623,-3.4643,-0.4702,-0.8834,-0.9225,-0.6739,0.682,0.5303,-0.5172,0.7061
VENHQS1ERC1BQURKOmxpaGNfdGNnYV9wYW5fY2FuX2F0bGFzXzIwMTg,-8.7181,4.323,-1.0832,1.67,-1.4774,0.6456,-2.8473,-3.4957,-0.569,2.2897,0.2196,-0.5737,1.3371,-3.9908,-0.7569,-0.7794,-5.2106,-0.9667,1.4573,0.1619,2.6054,-1.8966,1.7517,-2.6651,-3.2461,2.134,0.4008,-0.5312,-5.2615,-1.7439,0.8446,-1.0358,-3.6174,-0.0382,1.3202,1.1792,-2.2004,0.0917,0.8861,-1.5032,-2.7861,-1.1861,0.9312,1.548,0.4809,2.4607,-1.6236,-4.201,1.1225,1.8437,-2.1883,-0.1424,6.4096,0.1707,-1.5233,4.8174,2.77,-1.4074,0.9883,-2.1594,1.6057,3.0389,-0.1446,1.7672,-1.7231,-4.3078,-1.3819,-3.0067,1.6639,2.9849,-2.8778,0.4001,0.5142,-3.1396,-1.2763,-1.7247,-3.2442,-1.0677,1.5443,-1.6225,1.0411,-0.7062,2.2796,-1.2954,0.1425,-0.6653,-2.6079,-1.0779,0.4242,-2.5926,-0.4131
VENHQS1ERC1BQURLOmxpaGNfdGNnYV9wYW5fY2FuX2F0bGFzXzIwMTg,-1.638,-1.1671,-0.5568,0.4202,1.8715,0.6172,-1.227,-1.7061,1.9734,2.9041,2.1101,1.8392,1.5414,-0.7257,-0.8455,0.9428,-1.838,0.3796,1.4814,2.3713,2.3091,-2.1149,0.4248,1.4625,0.9145,2.8161,1.1749,3.1724,-1.4441,-4.896,0.67,-1.0396,-1.3451,1.8,4.1784,1.4542,-1.0619,0.7864,2.7375,0.5793,-1.1606,-1.2826,1.7165,2.5544,1.229,1.7929,1.7171,2.3699,2.2014,1.0417,1.1473,1.4423,-0.4897,3.2446,-1.7311,3.1674,2.5108,-2.1856,3.3489,-0.4344,0.0908,4.6551,2.3046,-0.0392,0.4,-5.2507,-1.4888,-1.6643,2.3425,-0.6271,1.0224,4.125,0.5114,0.1117,-1.9818,-0.9551,-2.2361,1.4375,-3.6081,-1.0207,1.6966,1.5927,0.347,-0.5991,-0.3794,0.5103,-1.4611,-0.1907,1.1489,-1.4333,0.7272
VENHQS1ERC1BQURMOmxpaGNfdGNnYV9wYW5fY2FuX2F0bGFzXzIwMTg,-5.2724,1.338,-0.1252,-1.0899,-1.1652,3.1358,1.2539,-0.2029,-0.8335,4.0415,1.9321,2.1532,1.379,0.5009,1.2426,0.0089,-3.2263,-1.6369,-1.1426,3.9457,3.1558,0.4524,1.3456,-1.1234,1.0357,0.0593,-0.0747,2.0071,1.7053,-4.4519,-0.9075,-0.3644,-1.912,1.1109,4.3145,3.9307,-2.4962,0.9458,3.029,-1.574,2.1439,-2.0664,1.9817,1.283,-1.4999,2.3257,-2.2693,-4.4336,3.3449,0.9038,1.2416,-0.5358,1.8615,1.4844,-2.5537,1.8442,2.5753,2.2212,1.6053,0.2263,-1.9257,3.2973,-2.4253,0.7808,0.3332,-2.2723,-1.0823,-0.8002,0.7795,-3.0863,1.1874,1.1018,-1.9365,-3.0586,-1.5762,1.6656,1.5712,0.1837,-9.3678,-2.1463,0.9681,-1.0748,2.7855,-1.5851,3.3605,-0.6707,-1.3792,1.382,2.4261,-0.5253,-0.4718
VENHQS1ERC1BQURNOmxpaGNfdGNnYV9wYW5fY2FuX2F0bGFzXzIwMTg,-2.9545,-1.3884,-2.6704,0.5442,-1.1742,-0.9534,-1.7305,-5.4334,-1.2679,3.1706,-0.1191,0.437,1.3356,-4.325,-1.3357,-0.3612,-3.5014,0.2939,1.5228,0.5266,2.3869,-2.7311,-0.1557,-1.0292,-0.9912,3.8044,-0.4938,-0.4468,-3.4078,-6.2657,-1.5703,-0.2912,-3.3965,0.9663,3.3381,2.0911,-5.5192,-1.1061,4.2374,-2.3795,-2.2573,-1.2544,2.7564,3.4362,1.6782,3.11,0.8442,0.397,1.3482,1.4508,0.7065,0.0579,1.8474,1.9147,-1.2516,0.8959,1.2511,-2.3378,0.0572,-0.0221,-3.441,0.23,2.4306,-1.9203,-0.9821,-3.0448,-1.7756,-2.1975,0.7049,-1.0963,0.2828,1.2518,-0.5263,-2.2712,-3.3189,0.49,0.3638,-0.5914,-5.3468,-1.6249,-0.0386,0.4412,5.1445,-0.3128,-0.6612,-1.2522,-1.684,-0.3449,0.4799,-2.4432,-1.2559
VENHQS1ERC1BQUROOmxpaGNfdGNnYV9wYW5fY2FuX2F0bGFzXzIwMTg,-5.8886,-4.6244,0.8534,1.876,-0.684,-4.8406,-2.3753,-2.7391,-4.9552,4.4089,0.7277,-1.5482,-1.7186,-8.0686,-1.4787,-4.0467,-4.5401,-3.8895,4.2599,-2.2087,3.9955,-2.1885,-0.0036,-6.9061,0.745,3.3297,-0.7829,-2.6335,-5.7809,-8.6851,-3.1289,-1.0049,-9.3265,5.4013,5.1536,0.8713,-4.0761,3.133,2.4727,-0.9571,-4.5901,-1.4859,3.3679,4.0268,3.1274,4.2335,-6.0863,-4.8205,1.1456,1.5966,1.6883,1.8318,3.6399,-0.5967,-0.6265,-1.4852,-0.9248,-2.9066,1.8887,-0.293,-4.8377,8.044,2.397,-2.9249,-1.8554,-7.3796,-4.85,-2.8893,-0.3554,2.8143,-1.3615,3.1121,2.0994,-3.4668,-3.7606,-4.4055,4.8676,-3.5376,-6.0476,0.0373,0.4815,1.1427,5.0544,2.7586,-1.342,-1.3856,-3.8519,-2.4422,0.6843,-4.0486,-1.7369
VENHQS1ERC1BQURPOmxpaGNfdGNnYV9wYW5fY2FuX2F0bGFzXzIwMTg,-7.6591,-5.9854,-1.4319,2.1584,-0.4424,-1.5248,-4.9767,-2.1511,-3.6528,3.2016,-1.4751,-1.0077,1.0125,-3.0604,-0.6342,-4.7405,-3.2755,-1.58,1.4595,-1.2495,1.9545,-2.0235,-0.5452,-1.9106,1.2997,4.2856,-0.314,-0.7734,-7.5885,-4.0042,-0.5306,-1.4029,-5.0019,0.9403,1.7302,1.5105,-5.5192,-0.7184,3.3674,-1.164,-4.7134,-0.2417,-0.4751,3.8949,2.9377,3.2378,-2.2892,-2.2341,-0.6118,2.6511,0.5673,-3.5353,5.3006,-0.233,-0.8614,5.6998,3.472,-6.1785,2.5659,-0.4525,-2.4621,1.2327,2.7017,-1.128,-0.9234,-5.5058,-1.5848,-2.8076,1.7857,0.9207,-2.1912,2.5112,0.9855,-4.8754,-0.3802,-4.3168,-1.3053,-1.6545,-4.0562,0.055,1.168,0.4281,-2.1595,1.3676,-1.7247,-0.0941,-2.1173,-3.4007,1.4448,-2.1334,-0.7673
VENHQS1ERC1BQURQOmxpaGNfdGNnYV9wYW5fY2FuX2F0bGFzXzIwMTg,-1.5014,-0.1795,-0.6728,0.0096,-0.3594,0.7109,3.3452,-1.8994,0.4232,2.9359,1.327,-1.3562,3.5161,-3.0358,1.8817,1.3418,-2.61,-0.5265,4.0971,0.3878,3.2531,-0.0014,-0.8058,0.9818,-0.2565,1.3398,-0.2918,1.4044,1.6675,-0.8998,-0.2463,-0.086,-2.3855,1.3411,4.3984,3.2455,-0.6518,1.646,3.3871,-0.4742,1.5471,-0.6641,0.1531,1.8999,-0.5647,2.9216,0.9589,0.485,3.3726,-0.4755,0.6007,0.5128,0.0401,0.4682,-1.8785,1.4287,2.2134,8.7324,-0.3878,0.5015,3.0095,5.0923,-1.1041,-0.3645,2.4694,-1.2494,0.0492,0.2775,1.8825,-0.2539,-2.0368,2.7517,0.8251,-0.1687,0.4141,1.268,-2.3982,0.8303,-5.7677,-1.2762,0.1477,-0.136,0.8078,-1.6811,2.497,1.3409,-1.0047,0.4451,1.7949,-0.014,1.8513
VENHQS1ERC1BQURROmxpaGNfdGNnYV9wYW5fY2FuX2F0bGFzXzIwMTg,-5.7107,-2.5763,-0.7714,1.7175,-1.6266,0.1299,-2.0228,-0.9623,-1.2844,2.8025,-1.5879,1.9612,1.8199,-4.7818,-1.2678,-2.4796,-2.4647,-2.1177,4.1439,2.3832,1.2031,-1.6238,0.5338,-5.1537,2.1455,3.4488,1.0026,1.3839,-1.7752,-1.9625,-0.1232,0.7026,-3.4072,0.6417,1.3771,1.4211,-4.0412,0.5486,1.6099,-3.7669,-1.1592,-3.1065,0.081,1.9878,-1.9414,-0.6533,-5.396,-4.8764,0.2502,1.4136,1.1944,1.9902,2.6638,1.5349,-0.3843,-3.714,1.0459,-1.2335,-1.7097,0.713,-3.5115,1.7202,2.467,-0.4369,-0.5885,-2.994,-3.5179,-1.4774,2.3072,-1.4828,2.1883,3.1224,0.4077,-3.9878,-1.5255,1.0285,4.7647,-1.3615,-2.3892,-2.828,0.3952,-0.532,1.67,-1.837,-0.7281,-1.0437,-2.4899,1.2921,0.444,-4.9497,-0.6432
VENHQS1ERC1BQURSOmxpaGNfdGNnYV9wYW5fY2FuX2F0bGFzXzIwMTg,-7.1648,0.0219,-2.4264,-0.5417,0.9631,0.4151,1.4157,-2.958,-1.6062,3.3809,1.2657,-0.7515,0.6526,-0.7267,-0.6154,0.8759,-3.7885,-1.3032,-1.1012,2.2398,3.1526,-2.8332,0.8445,-2.2671,-0.0601,1.4251,0.3937,-0.314,-0.9387,-2.9561,-1.2281,-0.266,-3.9252,-0.4232,4.3657,3.0168,-1.9021,0.2892,2.3656,-1.5171,2.3532,-0.8511,1.9357,1.1694,0.1308,2.5192,-1.4585,-5.4677,3.9978,0.4931,1.5111,1.8174,-0.4274,1.3184,-1.6087,-2.0576,-0.0264,-1.99,-0.4863,-1.4349,-3.5032,0.8685,3.0737,0.0925,-1.296,-1.5424,-2.4163,-1.4354,-0.8158,-2.8762,2.231,2.0363,-0.7269,-3.945,-1.0444,2.4716,0.68,-0.8619,0.2125,-1.8722,-3.3432,0.511,7.8885,-1.2592,-0.2766,1.9795,-1.546,-0.917,2.302,-3.3666,-1.9383
VENHQS1ERC1BQURTOmxpaGNfdGNnYV9wYW5fY2FuX2F0bGFzXzIwMTg,-9.3365,-1.4554,-1.3546,-1.479,0.1788,1.2502,-6.5343,-4.1975,-1.2669,0.6458,-2.7232,-0.8672,-1.471,1.5079,-1.7622,-1.5229,-0.6656,-0.4001,1.9989,-0.1949,0.2856,-3.1896,-2.5574,-6.2086,-1.0836,2.5551,1.7037,-1.1068,-6.7531,-3.4768,-2.8712,-1.3531,-3.6705,-0.2945,2.2358,0.2547,-4.2278,1.5759,0.7571,-1.1404,-5.5668,-1.7458,-2.1537,0.5707,0.9576,-0.5353,-3.2193,-4.2522,3.237,1.8105,-1.5512,-3.5563,-0.6537,1.2148,-1.3586,-4.4238,2.066,-6.6973,1.1345,0.0382,-2.2853,-2.1631,5.0921,0.5127,-2.3691,-2.7852,-0.4764,-0.7414,0.4628,-1.6736,-0.5044,-0.1702,-2.7099,-4.8754,-1.1419,-7.9076,-1.1259,-0.0139,-3.3573,-1.1306,-0.0779,0.7394,-2.5266,-1.3623,-0.8707,-0.6341,-3.963,-1.514,-0.4713,-4.8871,-1.3995
VENHQS1ERC1BQURVOmxpaGNfdGNnYV9wYW5fY2FuX2F0bGFzXzIwMTg,-6.317,-3.0565,-3.8991,-4.2588,-2.6472,1.0946,-4.5528,-3.0791,-1.4755,-0.3189,-2.4538,1.1997,2.7228,7.2995,-2.1361,-2.179,-1.7878,-2.8469,1.5805,-1.4521,1.1127,0.1867,-0.0502,-2.156,-3.7526,1.51,1.3812,-0.2652,-4.6318,-1.6266,-1.8651,-0.6181,5.8206,1.6698,0.291,0.6138,-3.516,0.1182,-0.0786,-0.414,-0.3647,0.5542,3.0691,1.7698,0.1968,0.226,-2.485,-3.6277,-0.2081,0.2394,-0.0425,2.7085,-1.1746,1.7801,-0.1605,-1.8208,2.3772,0.4888,-0.0827,0.5535,-1.7555,5.6897,-1.6597,1.1446,0.9236,1.9972,-1.4372,-0.9252,-1.2629,-3.7072,-0.3506,2.6529,-1.8189,-3.9191,0.2038,0.1948,0.6094,-1.0335,-5.1564,-2.9915,-1.033,-1.2016,5.4998,-2.4892,-0.9753,-1.2293,-0.7678,0.2646,-0.4291,3.9078,-1.3323
VENHQS1ERC1BQURWOmxpaGNfdGNnYV9wYW5fY2FuX2F0bGFzXzIwMTg,0.2088,-0.7838,-2.2034,0.3476,-0.2153,2.0319,2.8344,0.5205,0.4829,4.1445,2.3596,2.2791,2.3783,-1.1797,1.8414,1.1947,-1.3622,0.6658,-0.1023,2.4993,3.8039,0.689,2.282,1.7168,0.084,-0.0257,0.5135,2.1975,2.7323,-2.8316,-0.9382,-2.6103,-3.6394,2.1175,6.3698,3.2602,-0.8763,0.5281,4.8155,0.828,1.8577,-1.3549,1.337,1.9509,-1.231,4.5428,0.8419,0.3658,3.9523,0.3884,-0.22,0.3245,3.817,1.6413,-1.6124,1.419,2.5157,1.2807,-0.012,0.5189,1.4285,3.3366,1.5294,-0.3156,1.4506,-0.9797,-2.0626,0.1449,0.9376,-2.8132,3.4717,1.7929,-1.4635,1.9548,1.2417,1.3405,1.2739,1.1488,-1.7766,-0.7277,0.3589,1.2777,5.3762,1.6047,1.4038,2.5046,-1.0694,1.2977,2.2965,-1.2243,-0.3407
VENHQS1ERC1BQURXOmxpaGNfdGNnYV9wYW5fY2FuX2F0bGFzXzIwMTg,-0.3056,0.3679,-0.9976,2.7674,1.6294,2.0439,0.149,-0.8046,1.4254,5.1786,0.7077,-0.1232,3.308,0.9674,1.4893,2.3347,-2.5723,0.9185,-2.3348,1.9961,4.1952,1.1007,2.089,3.0208,0.4916,0.7333,1.2336,2.4196,-0.9075,-2.1809,0.3141,1.3525,-3.9416,-0.3302,6.646,4.9164,1.394,1.8316,5.4246,0.3829,2.023,-1.0281,2.4716,0.7725,-2.262,4.8244,2.0925,0.6554,0.4436,2.0801,-1.1712,0.108,5.0102,2.6339,-1.6381,4.3698,2.7313,1.7525,1.5698,1.3526,3.7665,6.211,-1.1247,1.8252,0.818,-0.723,3.1303,0.012,1.5843,1.4184,-0.0854,1.4107,1.877,1.5996,1.5017,-0.5042,-3.2989,-0.2981,-2.6807,-1.7271,1.1159,1.114,1.4113,1.6738,2.2998,1.6803,0.8241,2.4359,2.6586,1.1141,0.645
VENHQS1ERC1BQURZOmxpaGNfdGNnYV9wYW5fY2FuX2F0bGFzXzIwMTg,-2.1081,-0.5574,-2.3532,-1.9882,-0.143,-0.9273,-0.89,-1.4191,1.1656,2.7874,1.0396,0.8432,3.3067,-2.0132,1.8372,2.0679,-4.3857,-0.1279,4.1476,0.3934,2.6067,0.7231,0.8447,1.4793,-2.0157,-0.1686,0.5976,-0.2075,1.5021,-1.2494,0.6387,-4.9734,0.5456,0.1083,3.2812,2.5014,-1.3476,-2.8741,2.4125,-1.4812,2.0287,0.1889,-1.302,0.1008,-2.4742,2.7384,0.3114,-2.6436,3.8227,0.9491,-0.9576,0.788,1.4987,2.6249,-2.449,1.5625,1.3617,5.0073,-2.9737,-0.4292,0.1519,0.1586,-3.4926,-1.361,2.7699,-5.054,0.4427,-0.6846,2.4935,0.3911,-3.2347,1.0335,-1.1906,0.7182,1.0466,1.4107,-2.3676,0.589,-7.4371,-1.7881,-2.2985,-0.8362,0.0044,-0.5279,1.4761,0.986,-1.1417,0.4502,0.1255,-1.9666,-0.8462
VENHQS1ERC1BQUU0OmxpaGNfdGNnYV9wYW5fY2FuX2F0bGFzXzIwMTg,-3.1775,-3.1307,-0.9248,-1.0694,-0.4077,-0.0842,-1.6474,-2.8741,0.7581,3.9893,0.4423,0.3504,-0.9652,-4.6355,-2.2638,0.9541,-2.3526,-1.278,1.7607,-0.0683,3.2104,-4.3062,-0.5957,0.0824,-0.5222,3.4563,-0.6382,-1.2059,-2.1817,-2.0298,-2.3706,-1.1898,-5.4477,-0.2844,4.3223,4.2272,-1.7227,-0.1779,4.5362,-0.0441,-3.4881,-1.3179,-2.3983,0.2405,3.0932,3.1036,-0.1272,-0.4937,0.446,0.3021,-1.8997,-1.2352,-0.364,0.5918,-1.5639,-0.6159,0.0474,-3.8842,1.7567,-0.1338,-2.5818,-2.6842,1.6717,-1.0623,-1.4738,-4.8313,-4.41,-2.0127,-0.7319,-3.6673,0.0661,0.0423,-0.5332,-3.0431,-1.3452,-2.066,1.2205,0.9839,0.554,0.0814,0.1813,2.0987,-2.5044,-0.2221,-1.1148,-0.541,-2.9503,0.7554,-0.8578,-3.0568,-1.7781
VENHQS1ERC1BQUU2OmxpaGNfdGNnYV9wYW5fY2FuX2F0bGFzXzIwMTg,-8.2096,-1.4339,0.0691,2.0208,-1.2801,1.6309,-3.4565,-2.3034,-2.5764,6.7817,0.7347,-2.1459,2.4691,-3.3369,-2.2858,-4.8675,-5.5331,-3.0182,3.7364,1.5788,2.4299,1.6197,-0.2397,-2.7651,-4.6622,0.3338,-1.9339,-0.0578,-2.9936,-1.1762,-1.4701,-3.2486,-3.6136,1.1923,6.8856,3.6612,-4.2745,-0.7265,3.8633,-3.0818,1.0176,-1.2015,2.2297,2.4497,-1.8938,4.3541,-3.7751,-4.5324,1.8529,-1.8322,-1.9754,-5.9565,0.8061,-1.3918,-0.3102,7.526,2.4554,-2.1484,-1.702,0.1169,-3.5926,4.8668,-2.4604,-0.9706,-2.3285,-2.6951,-0.7487,-3.2585,-2.5838,-0.6819,-0.8537,1.9603,-3.4139,-4.8754,-2.6588,-1.7041,2.4933,-1.0452,-11.0335,-3.9427,-3.7086,-3.0092,1.4071,-2.9823,1.2613,-3.8672,-1.2022,-4.3826,2.2536,-0.0637,-0.7181
VENHQS1ERC1BQUU3OmxpaGNfdGNnYV9wYW5fY2FuX2F0bGFzXzIwMTg,-0.8437,0.6464,-0.1833,0.622,-0.2163,1.007,0.5732,-0.787,0.0941,0.9556,0.5666,2.1802,2.6315,-2.8147,-1.0638,0.9576,-1.523,0.315,-0.0108,1.64,0.9891,-1.7164,0.9099,0.5915,-0.0528,-0.5878,-0.1993,0.3769,-1.693,-1.5464,-0.2659,-0.5692,-1.769,0.9126,-0.5447,-0.3309,0.2926,0.0856,1.0993,0.1236,-0.6506,-0.7615,0.076,2.4139,1.2312,0.9499,1.343,-0.0481,0.9151,0.9724,-1.4854,0.5429,0.4256,1.4061,-0.5464,1.8419,1.1522,-0.3757,0.3287,1.3186,0.0024,-0.7898,-1.1361,-0.4668,-1.9741,-1.3149,1.2181,0.0176,0.7812,0.2352,0.1128,0.6559,0.8763,2.159,-1.0128,-0.1496,0.4758,0.6339,-3.2206,-0.6925,-1.0237,0.5945,-0.5034,0.295,0.7287,1.8732,-0.1406,1.5882,0.2665,-2.8825,-0.3907
VENHQS1ERC1BQUU5OmxpaGNfdGNnYV9wYW5fY2FuX2F0bGFzXzIwMTg,-9.4893,0.1444,-2.8699,0.7025,0.1172,3.2128,-3.4257,0.8433,-2.7516,2.8974,-2.3575,-0.8645,0.5201,3.5363,-0.1259,-3.9478,-1.7467,-2.9619,2.1052,-1.1452,1.804,-1.5065,-1.7757,-4.3635,-2.4212,2.1921,-0.1006,2.1184,-3.035,-3.4541,0.0465,0.5018,-0.7836,0.3129,4.2242,2.4712,-0.2963,0.0501,1.5922,-2.0295,0.4214,-2.239,2.753,1.8867,-0.3593,2.3641,-4.8447,-4.2388,0.9649,0.5957,-5.0625,2.7325,4.2639,-1.9762,-2.2113,-2.6395,2.429,0.1135,0.7275,-0.1312,-2.4203,6.9609,-1.0753,-1.5931,-0.2051,-1.0134,-0.3056,-0.6554,3.2199,-3.1885,0.5167,0.5721,1.2172,-4.8754,-2.7947,-0.8527,2.2798,1.3647,-5.4295,-2.7748,0.0542,-0.8721,6.1184,-1.9328,-1.7151,-1.9239,-2.3816,-0.3574,1.6115,3.1133,-0.1387
VENHQS1ERC1BQUUwOmxpaGNfdGNnYV9wYW5fY2FuX2F0bGFzXzIwMTg,-2.3963,-2.57,-0.8993,3.0871,0.438,1.4125,-3.0759,-1.4486,-0.5264,5.0153,0.1378,1.2442,3.3293,-1.7309,-1.0796,-1.9088,-2.6434,1.411,2.2754,-0.0236,3.8277,0.1316,1.8824,2.1586,-1.2286,1.1245,0.9084,0.7018,-3.8706,-8.0177,-0.3211,-3.3671,-2.6128,1.3065,5.7331,3.1664,-1.1754,-0.2257,4.0929,0.4152,-1.766,-0.3484,1.6179,3.3009,2.1245,3.7949,0.7312,2.2058,0.6836,1.1091,-1.3514,-0.8688,5.8443,4.2387,-0.0659,7.735,3.9186,1.8293,0.5505,-0.6257,0.2757,6.0177,1.8677,2.1106,-4.7974,-9.1522,1.5485,-2.6915,2.2712,-0.6158,-0.3335,-0.3351,0.7766,-2.942,-0.124,-1.4805,0.8127,-1.1271,-4.8636,-2.1511,-1.529,2.0701,-2.9812,3.6353,-2.0871,0.1133,-0.0476,1.8159,0.3159,-0.3536,-1.0194
VENHQS1ERC1BQUUxOmxpaGNfdGNnYV9wYW5fY2FuX2F0bGFzXzIwMTg,-7.207,-2.1436,0.7476,1.7282,0.11,1.7123,-0.3411,-2.066,-0.2515,2.6949,-0.5734,-3.4357,3.2476,-2.0643,0.7381,-1.6563,-3.9386,-2.8674,0.4359,1.5067,3.0629,-0.2838,0.0526,-1.887,-0.6046,1.05,1.2024,1.333,-3.3665,-1.3801,2.34,-0.5831,-2.445,1.1915,2.6935,1.5236,-0.2559,-1.1217,3.0142,-2.9997,0.0703,-1.442,1.2843,2.0113,-1.9103,2.523,-1.8731,-4.7011,1.8548,1.6955,0.0852,0.2414,6.3217,-1.5008,-2.3343,1.6641,3.2591,-1.0375,0.4548,0.4153,4.7629,7.7735,-0.1765,0.2812,0.1424,-2.1562,-0.704,-2.3606,-0.7269,1.5156,-0.0835,2.6854,-0.2066,-3.8523,0.8068,1.3259,-1.8738,0.1561,-6.8689,-1.5417,0.7847,-0.3111,-0.3171,-1.045,0.2092,-0.6348,-0.1006,-3.0321,2.0881,1.1132,-0.3918
VENHQS1ERC1BQUUyOmxpaGNfdGNnYV9wYW5fY2FuX2F0bGFzXzIwMTg,-0.3722,-2.4737,0.2224,2.3489,-0.6394,1.3302,0.674,-0.9598,1.166,3.548,0.2347,1.1488,1.2726,-2.3006,0.4853,2.1505,-2.3423,-1.8197,0.3297,1.058,2.9898,-0.5938,0.7194,2.1789,-0.2843,0.1539,-2.3344,1.1812,1.2723,-1.3398,-0.9759,0.991,-5.3806,-0.0541,4.3593,4.54,-0.4829,2.3293,1.7986,0.3145,1.5303,-1.3208,-0.426,-0.1086,-2.5925,1.8412,0.2677,-1.5705,1.3506,0.9397,-0.4027,-0.7194,-0.4775,-0.6517,-1.4715,1.254,0.9909,2.2389,0.7305,0.5849,0.2469,1.5265,-0.2263,2.6345,-1.0809,-0.5227,-0.4991,-0.6699,0.5292,-0.8125,0.8632,-0.8251,-1.1203,1.3355,-0.3515,1.3471,2.497,0.9068,-2.8434,0.2388,1.7252,0.8094,1.5384,2.8765,-0.8073,1.0076,-1.905,1.1046,0.2063,-1.7349,-0.8875
VENHQS1ERC1BQUUzOmxpaGNfdGNnYV9wYW5fY2FuX2F0bGFzXzIwMTg,-3.2325,-2.6313,-4.1111,-0.9497,0.4994,-0.6951,-4.8259,-2.0965,0.0154,-0.2432,-0.6034,2.0391,0.0498,1.7949,-1.4333,0.5665,-0.9024,-0.1345,0.6978,-0.7206,1.3137,-2.4556,-3.4159,1.5395,-1.1308,1.0355,1.4059,0.064,-2.3893,0.0696,-2.7616,-0.4232,-0.4712,0.4387,0.3716,0.9119,-3.2376,0.3645,1.7738,0.6053,-1.3758,-0.2564,0.4487,1.9019,-1.2707,0.789,0.3744,-0.6133,2.8128,2.2063,-0.8171,-1.084,1.3828,4.289,-1.297,-0.5848,1.1295,-2.5576,-1.0523,-3.2875,-0.4178,-2.5564,-0.398,-0.5706,-1.1935,0.8136,-3.22,-1.2511,-0.9908,-1.7435,-0.6777,-0.3579,-0.4844,-0.6224,-1.2736,0.8292,0.5681,0.9134,-1.964,-2.1132,0.282,2.2363,-1.487,0.3255,-1.9103,-0.9152,-4.2531,0.1429,-1.1112,-0.7126,-3.2707
VENHQS1ERC1BQUVBOmxpaGNfdGNnYV9wYW5fY2FuX2F0bGFzXzIwMTg,-7.4038,-2.9374,0.265,0.6054,-0.151,1.2747,-3.4223,-3.3427,-1.6162,5.2803,-0.7576,-1.4513,2.575,1.0484,-0.4122,-2.1141,-2.722,-2.315,1.2613,1.6375,2.9217,-0.0048,0.7996,-1.7709,-2.7711,1.0299,1.5558,1.8047,-3.9197,-4.1672,-0.8169,-0.8057,-0.8034,0.4867,5.395,2.5503,-2.4121,0.8441,3.9205,-0.8551,1.387,-2.1037,0.0031,2.2201,-2.8721,3.0421,-1.7979,-1.7869,3.0978,1.442,-1.3096,-1.098,2.8332,3.2739,-1.5425,3.8898,2.5715,0.5586,0.3282,1.9023,-1.8716,1.0075,-0.0691,-0.0523,-2.9288,-0.4141,-0.091,-2.318,-0.1037,-1.1248,1.145,-0.3222,-1.6292,-4.8754,-1.1928,0.2976,4.442,-0.4228,0.6276,-1.6686,2.3697,-1.9346,-1.2814,-2.4532,-2.1623,-1.1724,-0.1706,0.6836,0.5761,-1.6796,-1.3993
VENHQS1ERC1BQUVCOmxpaGNfdGNnYV9wYW5fY2FuX2F0bGFzXzIwMTg,-4.648,-3.084,-3.5865,-0.8879,-1.0151,1.1257,-2.5065,-3.5887,-0.3404,1.1924,-3.053,2.1311,2.5693,2.719,-2.2546,-0.5099,-1.6038,-2.796,0.7218,-3.804,1.04,-1.8825,-1.6727,-0.2591,-2.3436,2.6835,-1.2245,-1.0803,-2.9363,-1.1822,-2.6086,-2.8164,-0.0984,-1.2637,1.1092,1.7707,-1.259,-0.1397,1.5744,0.8422,-2.9505,-1.5787,-1.05,1.6376,3.2069,0.8276,-0.9625,-2.811,1.938,-0.6618,-2.0747,-3.6716,1.0361,0.1162,-1.4715,-2.2006,3.9787,-0.7156,0.0724,2.6586,-1.077,-1.1652,-0.4926,2.3808,-3.3283,-1.2597,-2.3314,-2.4388,2.6737,-2.822,-0.5288,-0.3044,-1.3622,-4.8754,-0.2356,-2.6139,0.8396,0.0473,-2.8917,-3.5125,-1.2723,-0.1815,-1.3785,2.3205,-0.4259,1.1789,-0.8399,-1.6209,-0.0868,2.7113,-3.6716
VENHQS1ERC1BQUVEOmxpaGNfdGNnYV9wYW5fY2FuX2F0bGFzXzIwMTg,-8.3356,-7.8581,-2.9553,0.7615,0.3831,0.0332,0.5465,-2.0751,-3.9791,0.8647,0.5667,-5.0477,3.7818,-2.9954,1.0067,-5.3741,-2.6691,-2.5572,2.9434,-4.3784,1.1994,2.8912,-0.4396,-5.9614,-2.4383,-0.0107,1.556,0.5574,0.524,-5.3877,-0.6115,-2.7329,-1.2369,1.5459,2.7117,0.2615,-1.3129,-0.316,2.6983,0.1425,-0.0403,1.2999,-0.193,3.1082,-0.8944,1.9092,-3.9032,-3.4079,1.0569,0.9312,-0.4169,-0.857,1.3794,3.935,0.1964,6.5043,4.1106,4.3011,2.1713,-0.7726,-0.0638,3.7443,-1.1959,0.5982,-3.3855,-1.3157,-1.8809,-1.8343,2.333,-1.0829,2.5839,0.6761,0.4902,-4.8754,-0.7073,0.2042,1.6345,-0.3788,-3.5611,-2.2873,-2.4999,-5.2882,-0.82,-2.0183,-2.0931,-0.923,2.4006,0.7234,1.813,2.3027,-0.904
VENHQS1ERC1BQUVFOmxpaGNfdGNnYV9wYW5fY2FuX2F0bGFzXzIwMTg,-4.3312,-0.2062,-3.2235,-0.7103,-0.8245,0.4335,-4.8894,-3.7978,0.2339,3.5575,1.4433,5.2583,1.049,0.9852,-0.577,1.8195,-2.6897,-1.3375,0.4224,1.0803,3.9803,-0.9502,-0.5097,0.3526,-0.3796,-0.1639,-0.0502,2.1056,-5.1663,-5.171,-1.6801,-0.3675,2.2969,2.0149,4.5234,3.4683,-0.3739,0.6896,2.3713,-1.2647,1.5483,-2.933,3.4877,0.4901,-3.4115,1.3633,0.0406,-2.0131,2.2079,1.6618,0.1985,0.3606,1.7486,2.745,-1.6236,-2.4441,1.417,0.5341,-2.1849,-0.149,-2.5658,3.7505,0.8426,0.0795,-0.8935,-2.4344,-1.7902,-0.5996,1.3064,-2.4666,0.9653,1.5328,-1.4206,-2.2124,-0.5499,2.8517,2.3847,-0.1093,-8.07,-2.0774,-1.2092,0.3524,3.6876,-1.0112,-0.2245,0.857,-2.2066,1.2724,1.7617,3.2719,-2.1506
VENHQS1ERC1BQUVHOmxpaGNfdGNnYV9wYW5fY2FuX2F0bGFzXzIwMTg,-1.7358,0.2695,-2.6219,1.8024,1.9463,-0.7183,-0.5064,-2.8598,1.1872,3.5796,2.4955,0.4812,4.203,-4.9632,-1.2604,1.4969,-2.6908,-1.0514,1.6461,-0.0824,0.969,-1.9963,0.66,-0.9384,0.7975,2.5051,-0.7246,2.9816,-4.1298,-5.3549,-0.3201,-0.063,-0.9178,2.8857,2.7279,1.6131,-1.052,-0.8611,2.3516,-1.5307,-0.4374,-0.4815,2.261,0.8025,1.4321,2.139,0.2429,-0.9024,1.4575,1.253,2.2273,1.9113,-0.2745,2.0987,-0.4738,1.8674,2.1878,0.762,1.5473,1.0263,-1.8414,3.2859,2.8897,0.7295,-0.9534,-5.0641,0.5736,-1.4973,2.0357,-0.5264,1.9566,1.0274,1.2876,-0.2038,-2.8905,0.9262,2.2765,2.439,-5.4657,-4.0201,-1.3447,-0.1408,5.2757,-1.5003,-2.097,-3.2985,-1.6444,0.7744,0.3383,-2.2363,1.4418
VENHQS1ERC1BQUVIOmxpaGNfdGNnYV9wYW5fY2FuX2F0bGFzXzIwMTg,-2.201,-1.6431,0.9919,-1.9124,-0.7673,1.5775,-1.9942,-1.3333,0.8378,2.8654,0.3522,0.4277,0.9247,-1.5714,-0.5142,1.5564,-3.4624,-1.8559,1.0128,0.4649,3.3444,0.0689,-1.6428,-0.2405,-0.8501,1.0174,-0.5896,0.0007,-3.2098,-1.8386,-2.5091,-0.0975,-0.5366,1.288,3.4137,1.3817,-3.021,0.1211,1.0892,0.1051,0.3985,-1.2583,2.5365,-0.0728,0.0694,1.1059,-0.4468,-0.6127,1.2393,-1.0254,-1.7656,1.0129,4.0642,1.7273,-0.9792,0.8255,2.2157,-1.5769,0.7618,1.2761,-1.1474,-0.1971,-0.1394,-1.5002,-0.5168,-3.9202,-1.141,-2.0204,1.0581,-2.203,0.7235,1.2392,-1.034,-0.9935,-2.0323,-0.3826,3.5157,-0.6154,-0.234,-0.4998,2.07,-0.5997,4.4113,1.8231,-1.9258,-1.6838,0.3762,-0.5404,0.7588,-0.776,0.3773
VENHQS1ERC1BQUVJOmxpaGNfdGNnYV9wYW5fY2FuX2F0bGFzXzIwMTg,-5.4365,-0.2428,-0.8584,-0.0893,-0.6529,-1.9665,-1.3725,-1.0759,-0.3548,4.0179,-1.5252,-3.5706,3.0132,-1.0511,-1.3385,0.8852,-5.0359,-3.3914,-0.6184,-1.5943,3.2895,-0.4839,4.1116,-1.5152,-0.3831,0.9365,1.4963,2.7539,-2.6839,-4.007,-0.0894,0.4876,-3.0266,-0.5713,2.4589,3.559,-2.2062,-1.0654,2.9418,0.6043,-0.3069,-0.9651,1.9296,1.5999,0.1183,3.8333,-0.8665,-4.0445,3.0164,1.5979,2.3167,2.0879,0.5047,1.2242,-1.0628,-7.7469,1.1866,-0.8246,-0.3116,0.3539,-0.4692,4.5851,1.7919,-1.449,-0.1845,-0.5544,-0.7724,-3.2359,-1.2839,-1.2258,3.3648,1.3582,0.7832,-2.7797,0.2872,-0.9912,1.2827,-2.147,-2.6339,-0.3821,2.1819,-0.198,10.6763,-0.8968,-0.717,-3.2061,-1.2187,-5.2303,0.874,-1.7022,-0.3339
VENHQS1ERC1BQUVLOmxpaGNfdGNnYV9wYW5fY2FuX2F0bGFzXzIwMTg,-1.703,-1.9566,1.4596,-0.4949,1.6587,-0.3557,0.3631,-0.9064,0.9928,3.1359,1.4872,-0.0098,3.2605,4.0029,0.5651,1.7108,-2.067,-0.7499,-2.8883,0.053,2.5581,0.8684,2.0746,1.5701,-0.3142,-1.2358,0.6415,1.5277,1.4078,-1.418,0.2446,-0.1795,2.0823,1.6679,3.6282,3.5546,0.2386,0.3165,3.0164,0.8409,1.2037,-0.1911,1.8872,3.2546,-1.7089,2.5715,0.4284,-1.4371,0.2592,1.3612,0.4695,0.5187,2.4952,2.6657,-0.6644,0.4083,1.2286,-0.1383,1.2432,1.0677,-1.0185,3.5273,0.7605,-0.6926,2.3216,-1.3329,1.0923,0.9975,2.816,-1.2974,1.5746,2.6139,0.7214,0.0494,2.7572,0.8189,-2.914,-2.1611,-1.2268,0.509,-0.1613,0.7013,3.1679,0.1969,-3.2618,1.2965,-0.0891,-0.0598,1.7932,4.6008,-0.1348
VENHQS1ERC1BQVZQOmxpaGNfdGNnYV9wYW5fY2FuX2F0bGFzXzIwMTg,-6.5084,2.9751,-3.0829,1.9758,-0.6574,4.42,-5.7266,-2.1416,-0.8685,2.5744,-0.291,-0.3191,3.1387,1.205,-2.1414,0.503,-3.479,-3.3812,0.1502,0.4403,2.9597,-2.2225,-0.2233,-0.0993,-2.9601,1.8601,-0.5513,0.0219,-4.8406,-5.7706,0.3662,-3.3399,1.7619,-0.7245,1.7365,3.445,-2.185,-0.7407,1.8642,-1.6022,-0.529,-1.3133,0.5228,0.7078,3.3819,1.894,-0.8726,-2.139,-0.1032,-1.1537,-6.4102,0.665,2.5941,-0.114,-1.6731,-1.0022,3.2297,-0.0266,-2.0435,0.9065,-5.0607,3.0312,-0.6203,0.9376,-3.0165,0.042,-1.2676,-2.0248,1.8521,-1.4208,-7.7066,-0.7437,0.0281,-2.683,-1.2896,-0.6421,2.4906,-1.4049,-6.6876,-1.6105,-3.5228,-0.405,0.3555,-0.2215,-1.6597,1.2388,-1.8614,-0.2267,-0.1319,3.5138,-1.915
VENHQS1ERC1BQVZROmxpaGNfdGNnYV9wYW5fY2FuX2F0bGFzXzIwMTg,-1.0043,0.4412,2.0771,1.6633,2.3105,-0.2138,-2.1785,-1.4108,0.5414,4.3774,1.1646,0.0577,4.2962,-1.3646,0.2888,0.7498,-1.5214,0.4697,1.7415,-0.4745,3.8898,-0.0643,1.7301,1.0977,-1.0849,1.7299,0.9967,2.1469,-3.8305,-1.2765,0.7727,-2.5225,-2.2795,2.9167,5.1064,2.8988,-3.021,0.1044,4.71,1.6347,-3.0801,-0.8565,1.6978,3.0393,-1.464,3.7183,1.818,1.4298,2.7344,1.7433,-0.5548,-0.0011,5.9367,3.1787,-0.5015,4.5491,3.5827,-0.0005,3.457,0.1377,2.1255,3.4151,3.2509,2.2085,-1.6157,-1.699,-1.2779,-1.3411,2.2687,0.5431,-1.004,1.8687,0.8923,-1.1324,-0.6049,-0.7344,-1.3094,-1.0291,-0.6249,0.4208,3.252,2.2458,-2.2289,0.7731,-1.3388,-1.9479,-0.4295,0.179,2.0333,1.8244,-0.0423
VENHQS1ERC1BQVZSOmxpaGNfdGNnYV9wYW5fY2FuX2F0bGFzXzIwMTg,-1.3327,-1.5033,0.3364,-0.6407,1.306,0.1961,-1.7205,-0.9349,1.1129,1.8314,0.8085,1.4254,-0.0516,-4.2315,-1.3117,2.6449,-1.1036,0.0672,0.8943,0.9767,0.1653,-1.0242,0.6575,3.0904,0.7587,2.0404,-0.0384,-0.1014,-0.7497,-3.7575,-0.7247,-3.4449,-2.4922,1.6318,2.2863,0.3684,-0.3694,0.1198,1.5595,1.7156,-1.2588,-0.0253,0.7593,0.4525,0.0523,0.961,2.3974,2.3018,1.1676,1.0848,-1.1867,0.7567,4.488,3.1122,-0.474,2.6731,1.8347,0.2921,1.3804,-1.7991,-0.798,0.4169,1.9401,-0.2989,-0.3584,-5.8239,-0.2393,-0.9633,1.7153,0.743,0.7905,-2.0117,1.9887,0.6022,-0.8604,0.1445,1.7474,0.4902,-1.9579,0.2061,0.9292,2.207,2.6125,1.1936,-0.2947,-2.7964,-0.655,-0.0515,-0.2924,-4.4775,-1.1947
VENHQS1ERC1BQVZTOmxpaGNfdGNnYV9wYW5fY2FuX2F0bGFzXzIwMTg,-2.6148,-0.9618,-0.87,1.0452,0.9744,0.6595,1.2574,1.2683,-0.6825,3.7646,0.1633,1.0441,2.7103,-2.4794,1.2743,-0.3842,-3.4564,-1.0975,-0.0618,0.2469,2.4723,0.2544,2.3193,1.2099,-2.0113,-0.5731,1.2648,1.264,0.2121,-2.3322,-0.7596,-1.163,-0.7949,1.7978,5.1783,3.2073,-2.403,-0.3751,3.8942,0.2024,1.6603,-1.7943,1.5082,0.9828,-0.7613,2.655,-0.2806,-1.1902,2.9679,0.8424,-0.2996,-0.5477,7.8612,3.2553,-1.777,3.1437,3.2628,-0.1781,1.1084,0.8249,3.1786,4.58,-0.3162,2.1241,0.1752,-2.2843,-0.6572,-0.5724,1.3758,-0.2837,1.6582,0.5878,0.2233,-0.8916,-0.9352,0.6923,-2.4469,-0.4591,-2.5433,-0.9241,1.447,0.2915,1.5247,1.1633,0.9657,-1.8651,-1.7262,-0.3469,2.4399,0.8049,1.0932
VENHQS1ERC1BQVZVOmxpaGNfdGNnYV9wYW5fY2FuX2F0bGFzXzIwMTg,-6.8033,0.797,-4.399,-0.0584,1.1465,0.5752,-4.0192,-3.3309,-3.3864,3.427,0.9041,1.4599,2.6607,-1.7242,-0.6217,-4.2549,-1.8848,-0.489,2.3642,-0.0156,2.1914,-1.9422,-2.9424,-3.8485,1.0318,2.1551,0.9976,-1.6237,-4.5368,-3.4527,-1.4746,-1.9058,-4.6278,1.0591,3.3622,0.2548,-3.3953,-0.651,2.0661,-0.5559,-1.2076,-0.1389,2.0913,3.3492,1.3855,2.6451,-3.5232,-2.7187,4.1308,-1.4398,1.237,0.235,-1.1779,2.1807,-1.3604,-2.1333,2.9019,-2.1755,1.2366,0.212,-0.4392,2.7391,1.8128,-1.4773,-1.9722,-1.888,-2.6488,-2.8302,2.6216,-2.8863,-0.4218,2.3083,-0.1346,-4.0416,-0.8295,-1.3233,-0.5842,-1.0472,-0.9075,-1.6698,0.0281,-1.4207,1.6361,-3.4561,-0.9885,0.3873,-2.0765,-1.0671,1.9473,-0.5602,-2.258
VENHQS1ERC1BQVZWOmxpaGNfdGNnYV9wYW5fY2FuX2F0bGFzXzIwMTg,-0.6341,-4.1317,0.3624,1.4378,1.2318,0.2609,-3.5501,-1.4018,1.7841,3.1537,0.9251,0.3485,3.2838,-0.4475,-1.3035,3.0133,-0.9963,0.6567,1.8786,0.7922,1.888,-1.8089,-0.3215,2.2548,1.9799,3.8274,-0.2813,4.2836,-1.7795,-2.8883,1.13,-1.0025,-2.4504,1.9018,2.8863,2.0919,-1.1892,0.6015,2.2069,1.7262,-0.3445,-0.3315,4.302,3.1199,0.4492,2.1526,2.1679,1.5892,-0.1226,1.4128,0.97,2.5459,-0.877,2.3572,0.1023,1.2039,1.2183,-0.2333,1.5535,-1.136,-2.0237,2.749,4.9979,-0.2734,-0.4164,-2.851,1.3147,-2.3387,1.4124,-0.6513,0.5608,1.5085,1.9626,1.4818,-1.1182,1.0955,2.1172,0.7508,-2.8585,0.3563,0.8326,2.4741,5.8604,0.2175,-2.0407,-1.4889,0.1241,0.132,-0.8055,-1.6912,0.9251
VENHQS1ERC1BQVZXOmxpaGNfdGNnYV9wYW5fY2FuX2F0bGFzXzIwMTg,2.23,-1.0262,0.2224,-0.6869,2.5167,-0.7045,1.6226,-0.1934,2.3785,2.0175,2.2677,0.5008,0.2305,-2.1306,1.8873,4.7072,-2.7625,0.039,-0.4044,0.8337,1.583,0.7207,1.3809,4.3508,1.0328,-0.0243,1.4756,3.2957,1.8335,-3.0389,-0.2854,-0.8409,0.8769,1.5744,4.5495,1.4569,1.2247,0.6331,1.1936,1.1104,1.3439,-0.7024,2.018,1.3248,-3.0828,0.9257,2.8266,2.2631,1.5505,0.2867,1.9975,2.1882,2.8867,3.2651,-1.8778,3.307,2.4858,0.6443,0.9979,-0.2208,2.1503,4.3686,0.1664,1.8491,2.2767,-0.4533,-0.9239,0.0042,1.2396,-1.0359,1.6153,2.0588,0.1676,3.7363,2.5382,1.1165,-2.9316,0.5396,2.0191,-0.2682,0.8699,1.4521,3.2737,0.8538,-0.8548,-0.3571,-0.8609,0.0465,1.563,-1.0958,0.6262
VENHQS1ERC1BQVZYOmxpaGNfdGNnYV9wYW5fY2FuX2F0bGFzXzIwMTg,-3.9103,-0.2217,0.3421,0.0422,-0.3173,-0.6751,1.3086,-2.0328,-0.8209,0.5969,0.3558,0.8281,1.1218,0.0086,-0.4505,-0.6512,-2.2905,-0.91,0.1736,1.6049,0.2387,-1.6965,-1.8691,0.3901,0.521,0.9983,-0.2515,-1.2371,-0.9666,-2.5356,-0.5759,0.8907,-0.1351,2.3754,-1.4812,2.5854,-1.4823,-0.1985,-1.392,-0.0532,0.0795,-1.692,2.6561,0.0354,1.2415,0.232,-0.8385,-2.166,-0.0911,1.1085,1.7222,1.1212,0.104,-0.519,0.4264,-2.4843,1.0998,0.3388,-0.0961,1.0021,0.4447,1.1244,1.4585,-1.4264,0.3682,2.3431,-2.7366,-0.9021,3.2894,-2.4362,-0.3108,1.6022,0.3979,-1.9974,-0.1235,1.6894,1.7209,-0.8137,-0.5415,-0.2302,-0.206,-0.5238,1.8547,-0.304,0.6189,1.6726,-0.5398,-1.1246,0.7244,2.1007,1.1661
VENHQS1ERC1BQVZZOmxpaGNfdGNnYV9wYW5fY2FuX2F0bGFzXzIwMTg,-7.4254,-1.6652,-0.805,-1.7488,-3.4326,1.2446,-1.4976,-0.2553,-2.3485,0.0299,-2.6129,0.4251,0.8271,1.4697,2.1633,-0.8544,-1.9603,-1.0091,-0.5807,-0.4016,1.2943,0.0394,-1.6855,-3.8612,-2.8506,0.2011,1.0858,1.6082,0.7013,-2.2233,-2.2372,-0.3428,0.7138,2.0457,0.7109,1.2207,-0.131,-1.3272,1.2909,-2.6667,0.4283,0.2996,1.6893,-0.2925,0.3311,1.4151,-5.41,-4.8373,1.5308,-1.2468,-0.962,1.709,2.9194,2.465,-0.876,-3.3436,2.7487,1.755,-3.7683,3.1161,-1.0861,1.6896,-4.3002,-1.7407,1.2364,-1.8796,-1.1355,-1.3426,3.5394,-1.8692,4.1183,1.1186,1.1673,-4.8754,0.16,2.2471,2.0469,0.7291,-3.7947,-2.3925,-1.947,-2.9462,6.9909,-1.3886,0.1071,0.5984,-1.8049,-0.1074,2.185,3.9538,0.6156
VENHQS1ERC1BQVZaOmxpaGNfdGNnYV9wYW5fY2FuX2F0bGFzXzIwMTg,-2.3156,-0.0538,-1.1093,1.7193,1.9061,0.5586,2.5147,-1.6591,-0.3618,2.9476,0.2543,-2.0819,2.124,-5.9342,2.4055,2.0331,-3.6319,-0.7354,1.869,-0.9922,2.2447,0.0986,1.03,-0.236,-1.9852,0.156,1.5308,1.2821,-1.2583,-0.1327,1.1984,0.946,-1.9264,1.424,4.3581,-0.483,0.1557,0.7171,3.4619,-0.2201,1.2966,-1.1055,0.9235,0.6795,-2.2059,3.1078,0.1347,-1.5116,2.6354,1.2298,0.4816,0.4323,2.8926,2.3724,-1.4536,3.8247,2.8558,1.1071,-0.1961,-0.3009,1.792,4.2068,-0.1974,1.762,0.3668,-0.1959,-3.5125,0.3435,1.9186,-0.3683,1.8688,1.2505,1.3296,0.0183,0.4198,0.3875,-3.2839,0.5812,1.3195,-1.2636,0.6634,-0.4822,-0.0936,-0.8787,0.2221,-1.7673,-0.5489,-0.1976,1.2522,-0.3383,2.0373
VENHQS1ERC1BQVcwOmxpaGNfdGNnYV9wYW5fY2FuX2F0bGFzXzIwMTg,2.2456,-0.1921,1.4801,-1.5621,1.2223,-0.9921,1.0049,-1.2376,1.5162,1.5481,1.3431,0.773,1.6186,-1.3031,1.5754,1.6872,-2.3779,-0.147,-0.3326,1.2078,1.8703,-0.1328,0.7355,3.2582,0.7548,1.0509,1.774,2.711,0.1145,-1.4098,0.1517,-1.6515,-2.2857,1.7692,3.3136,0.3283,0.5597,1.6023,1.816,1.2599,2.0245,0.2293,1.748,1.0856,-0.8918,1.1192,2.2307,0.9176,2.0595,2.0146,1.6394,1.136,-1.1967,3.9269,-0.3122,2.1516,1.6662,1.5107,2.5419,-0.4908,0.0263,4.2914,1.8734,0.2426,2.6221,-1.238,-0.6327,0.0045,1.8667,0.0745,2.4286,1.254,1.4997,2.1395,2.2522,2.6958,-2.7859,0.7466,-1.3679,0.5186,2.212,0.5971,3.032,-0.0399,-0.4286,-0.2671,-1.4486,-0.1661,0.5909,-0.8892,1.1494
VENHQS1ERC1BQVcxOmxpaGNfdGNnYV9wYW5fY2FuX2F0bGFzXzIwMTg,-4.7053,0.2919,-2.3132,-1.478,-0.6307,1.4413,-1.9274,-1.5511,-0.6153,1.4479,-2.6076,-1.6099,3.3613,4.0129,2.4635,0.7993,-1.323,-0.448,-1.2131,-1.0214,2.1506,1.2707,0.6643,-0.8807,-2.0606,0.7982,-0.0304,2.1358,1.1208,0.2573,-0.7772,0.5928,3.1683,0.7249,-1.9652,3.0909,0.2945,0.6266,0.2026,-1.3869,0.9034,-1.0402,2.5382,-0.1064,-1.4389,2.1236,-2.5412,-3.3109,2.6245,0.4043,-1.1413,2.7088,1.6264,-0.9465,-2.0384,-5.0264,1.4344,2.4441,-2.8138,0.6362,-1.3233,4.2804,-2.3373,2.6219,1.7294,1.8805,-1.4649,-0.6159,3.37,-2.2103,-0.3351,0.7865,-0.7491,-2.3884,2.4323,0.822,0.8792,0.4408,-0.7538,-2.8864,-0.6134,0.378,3.7195,-0.4123,0.8312,2.2267,-1.108,0.2042,1.7421,5.6988,-0.6837
VENHQS1ERC1BQVcyOmxpaGNfdGNnYV9wYW5fY2FuX2F0bGFzXzIwMTg,-3.3656,-1.02,-1.4682,-0.8882,-2.0751,3.2389,-0.6672,1.5898,-0.376,2.6827,-1.69,1.7451,0.7758,0.3953,0.7722,1.7373,-1.3414,0.1602,-1.4806,-2.6252,1.5443,-0.1489,-0.817,0.3622,-2.1767,-0.3946,0.4798,1.3907,0.956,-0.0771,-3.1711,0.1202,0.9481,2.8186,3.4554,1.8277,-3.0248,-0.7426,1.1769,-1.117,-0.0558,-2.1999,0.9921,-0.9068,-0.0547,2.1024,-1.7652,-3.9847,0.1916,-1.1536,-1.5358,-0.7153,5.6776,2.1807,-2.42,-4.2635,2.6216,-0.0671,-2.1366,-0.4545,-0.5882,5.0156,-3.237,-3.0455,0.5026,-2.8372,-0.6543,-2.2989,2.3864,-3.7238,0.4369,0.7905,-0.2549,-1.9324,-0.5909,1.9821,2.4116,2.4064,-5.3209,-1.8101,-3.316,-0.3297,1.8606,-0.1167,0.3215,0.1775,-0.5882,-0.3285,3.2898,4.1353,-0.4819
VENHQS1ERC1BQVczOmxpaGNfdGNnYV9wYW5fY2FuX2F0bGFzXzIwMTg,-3.5601,-1.161,-1.295,-0.543,-3.3467,2.0743,-1.344,0.8117,-0.7267,2.204,-2.3924,-0.0869,0.8237,0.1938,-0.5956,1.7015,-1.663,-0.7734,0.3007,-0.2825,1.0352,-0.5255,-0.4221,-0.3356,-2.9515,-0.0704,1.5175,0.886,-0.7596,-4.6806,-3.1238,0.8932,-0.0137,1.6022,1.0825,1.9422,-3.5776,-0.3055,1.7792,-1.4216,0.8905,-1.983,1.6003,-0.2488,-0.2345,1.7511,-1.4829,-3.3311,0.2379,-1.8382,0.2203,0.0553,7.6681,3.3811,-0.8572,-2.5118,3.0671,0.4995,-3.1833,2.5927,-4.9541,1.8031,-2.3081,-1.3957,0.4358,-2.5986,-0.4251,-3.059,2.0484,-2.3397,-0.2543,0.0831,-2.0959,-0.6851,-1.4022,1.3403,2.3,-0.825,-7.2658,-2.4078,-3.2418,-0.7844,1.5281,1.8208,0.9133,-0.7187,-1.2977,-1.0815,2.0741,2.8065,-0.1411
VENHQS1FRC1BN1BYOmxpaGNfdGNnYV9wYW5fY2FuX2F0bGFzXzIwMTg,0.9808,-0.3934,-0.9556,1.2363,3.8184,2.0186,-4.7679,0.5387,3.3583,3.9589,0.8333,1.9933,2.2856,1.746,0.0322,0.7477,-1.7328,0.2328,2.2141,0.501,2.9144,0.4867,4.1062,5.3914,2.2503,-0.1125,1.2421,5.6139,1.0478,-2.9292,-0.6689,2.5209,-2.1445,0.4009,3.7534,9.2886,1.7281,1.5343,3.3397,1.4331,-0.4443,-1.0304,2.2775,2.5357,-3.9136,0.216,3.0402,3.0317,1.4667,2.1242,1.2246,1.6981,3.0908,3.4285,-1.39,2.5644,2.7336,1.9803,0.1613,-2.3169,1.8342,2.958,4.5201,1.5677,0.4535,-0.4047,4.7404,0.0392,1.4644,-0.3698,1.6118,-0.9546,3.0919,3.0643,3.4048,1.8413,0.2802,-0.4858,-4.2208,-1.4593,2.0389,5.6193,3.7649,2.198,-1.4465,-0.4842,-0.9683,1.8583,-0.1091,-1.7277,0.4595
VENHQS1FRC1BN1BZOmxpaGNfdGNnYV9wYW5fY2FuX2F0bGFzXzIwMTg,-5.4514,-2.104,-2.1784,1.1762,1.7938,1.5044,0.8748,-2.6184,-2.1784,2.6767,-0.6538,-0.7843,3.1538,-6.778,1.2099,-1.9283,-2.1772,0.465,1.1868,1.0809,1.9417,-0.3832,0.4835,-1.9574,-2.946,2.1025,1.0124,-0.6505,-2.7199,-2.332,0.7536,-2.7314,0.949,1.0952,4.1677,1.663,-4.4634,-0.2672,2.743,0.0781,0.1043,-1.5304,1.1694,1.5605,-0.0878,2.2082,-1.7278,-3.2963,2.721,1.5844,-1.263,-3.293,3.4681,4.2054,-1.9206,9.3227,4.6793,0.3468,2.6419,-1.4723,2.4234,1.1902,0.5281,2.4968,-1.9099,-2.5993,-0.2863,-1.1156,2.3431,-0.7658,0.7664,-2.0769,-0.1793,-4.8754,0.0373,-0.651,-1.881,0.3007,5.0238,-3.2377,0.5016,-1.1709,-2.7559,-1.316,1.9016,-0.9715,-1.0097,0.489,0.4371,-0.0655,0.9889
VENHQS1FRC1BN1BaOmxpaGNfdGNnYV9wYW5fY2FuX2F0bGFzXzIwMTg,-5.5495,0.088,-2.4806,2.0049,-1.7127,2.4947,-5.8223,-0.9986,-2.3678,6.9706,2.0789,-1.8971,3.8821,0.2588,0.0454,-2.2719,-0.8422,-0.2157,1.1007,2.029,1.3735,-1.935,3.5778,-0.6483,-3.7089,1.5732,0.4903,1.6393,0.5496,-3.6236,-0.7231,-1.2755,-0.4167,0.0283,3.6949,2.1976,-0.5634,-1.0597,3.3826,-0.2713,-0.1691,-0.7543,2.8172,6.291,2.789,3.457,-1.9085,0.7402,3.1982,1.0257,-3.1504,-1.49,6.4122,-0.0824,0.4143,2.8242,2.5964,-2.5679,-1.854,-1.1498,-4.2599,0.4941,-1.7685,-1.1664,-2.852,-2.0051,-2.5503,-1.9484,3.4166,-0.7946,-2.7174,2.3771,-0.49,-2.0497,-3.3236,-0.3955,5.0899,-0.0153,-5.8088,-2.9604,-1.3497,0.5385,2.5403,-2.3061,1.4051,-2.5962,-1.7975,-4.9172,1.6333,4.2901,-0.6593
VENHQS1FRC1BN1hPOmxpaGNfdGNnYV9wYW5fY2FuX2F0bGFzXzIwMTg,0.4015,-0.6139,1.1843,1.2203,-1.1233,0.9488,-3.6943,-1.0605,0.4,4.8736,-0.4867,1.0837,3.4101,0.133,0.6448,0.4023,0.5338,0.8222,0.4825,2.4555,5.0868,-1.4369,1.7646,1.3915,-0.6866,1.0634,0.9831,1.1018,-0.5009,-2.7654,-1.0205,-1.6118,-4.8104,0.2491,5.2059,5.9845,-0.627,1.0911,4.9677,-0.0554,-0.4191,-0.2324,0.0326,1.3176,-2.1645,4.3484,1.0491,1.7701,0.5239,2.186,-1.6293,0.2596,-1.7829,2.2771,-1.0025,1.8239,2.8577,-2.1849,-0.1703,1.0951,1.5978,4.702,0.7747,-0.3175,-2.3689,-0.792,0.1504,-2.2501,0.2122,-1.0343,0.1299,-0.349,-0.8699,0.2769,-2.3321,0.0559,3.3827,1.0803,-3.5106,-1.2578,2.0329,1.6578,-0.9817,1.7268,-0.3595,0.8931,-0.9501,1.2518,0.7595,-2.1706,-0.9284
VENHQS1FRC1BN1hQOmxpaGNfdGNnYV9wYW5fY2FuX2F0bGFzXzIwMTg,-0.0249,-4.2107,-1.598,-0.0272,0.2206,3.3647,0.119,-0.8617,-0.1398,2.4343,0.5238,0.1074,1.4191,2.3744,0.5613,2.3274,-1.166,0.2936,1.3297,1.4151,2.6416,-0.1165,0.9442,2.1166,1.5588,0.6553,1.2184,4.2197,-1.0442,-2.4888,0.2122,1.4316,-0.3791,1.6193,4.2114,0.5393,-0.4609,0.8555,1.8704,0.8083,3.1433,-1.6696,4.3591,0.7759,-4.3089,0.145,0.4973,-0.3988,0.9018,1.8851,0.1824,2.2637,-1.5672,2.3611,-1.4408,-0.8212,1.8492,2.2744,-0.0411,-1.5778,-0.7992,6.2146,-0.829,-0.2835,2.7038,0.6426,-0.737,0.8276,1.712,-1.0736,2.5012,2.1093,1.2616,2.1275,-0.3524,1.4876,1.4052,1.1509,-2.6403,-0.2417,-0.7717,0.8755,8.2892,0.1363,0.1841,-0.1181,1.4404,0.0768,0.8432,1.1931,-0.0982
VENHQS1FRC1BNDU5OmxpaGNfdGNnYV9wYW5fY2FuX2F0bGFzXzIwMTg,-4.85,-4.677,0.6101,3.3793,1.3059,-0.8533,-0.4065,-0.8545,1.1887,4.8487,0.9939,4.0862,0.9245,-0.3066,0.6541,-1.0987,-1.4963,-1.0098,2.1984,1.2586,4.1196,-2.3058,2.834,0.4231,2.9297,3.6553,-0.3174,3.5516,-0.1912,-5.8733,2.1247,0.8342,-2.5002,-0.2309,5.0145,2.9317,-0.9484,1.0682,3.6894,0.5144,2.388,-1.3152,3.1435,2.6153,-1.1261,2.1846,-1.4718,-2.4049,0.7035,3.3097,1.0146,1.4971,-3.1344,2.1395,-0.8565,0.3665,0.2259,0.9837,2.0936,-1.0639,-2.8758,4.4272,5.533,-2.211,-0.3557,-4.0743,-0.8416,-1.228,0.4033,-1.4021,1.2251,2.604,-2.2119,-2.287,-1.3979,1.8163,0.0135,1.7097,-0.4748,-1.6772,-0.0435,0.8124,5.3085,-1.6491,-0.8408,-2.7416,-1.7383,0.8095,1.8029,-3.3591,-0.1757
VENHQS1FRC1BNFhJOmxpaGNfdGNnYV9wYW5fY2FuX2F0bGFzXzIwMTg,2.0826,-0.1988,0.288,-1.1429,1.2743,0.5082,1.8144,0.0651,2.2326,0.9762,1.5571,1.6628,2.2877,-0.2068,-0.1205,2.4378,-0.157,0.6559,-0.9903,0.8674,0.8232,1.1602,0.7073,2.6329,0.5439,-0.9476,0.0548,1.7273,0.3743,-2.3878,0.19,-0.2785,-0.9265,2.1819,1.5423,1.6971,-0.1971,-0.2834,2.4137,1.7385,-0.2088,-1.0173,3.2463,1.1936,-0.3926,1.3421,2.8683,2.5223,2.2019,0.6187,0.6226,0.0899,2.1229,2.8518,-0.9013,2.9236,2.6084,0.3065,1.2654,-0.3722,1.3418,1.2099,1.7213,0.7754,0.9491,-1.3987,1.8237,-0.9263,1.5397,-0.6633,0.867,-1.609,0.5818,2.3337,0.4655,-0.1536,0.0748,1.4727,1.3619,0.6034,0.4828,1.2836,3.5035,0.4466,0.279,0.7127,-0.4523,0.6809,1.7432,-0.032,2.3485
VENHQS1FRC1BNUtHOmxpaGNfdGNnYV9wYW5fY2FuX2F0bGFzXzIwMTg,-1.6345,-1.7941,4.7627,1.0884,4.0661,2.4676,-2.3544,-0.1638,0.7367,3.6011,3.427,2.2962,2.0611,-5.0001,2.4566,1.2835,0.1723,0.5559,-0.6579,3.434,2.4382,2.7858,1.9244,4.3143,1.7749,-3.4844,0.2098,2.5597,-2.7356,-3.924,-0.635,-3.0539,-3.5199,3.9229,5.5267,2.7883,1.3347,1.0915,3.444,2.0917,0.8339,-1.7406,0.7425,-0.0878,-4.452,2.9978,1.3193,1.5449,-0.0051,0.7909,-0.3256,1.0162,7.2007,1.7196,-1.4848,3.1216,3.7096,0.2881,3.1696,-1.2338,0.838,1.1184,1.9116,0.9208,0.4454,-3.4497,0.2744,1.061,3.3183,1.0569,-1.0134,1.3824,1.7237,2.9698,-1.1857,2.0285,1.1033,2.0995,1.8667,1.8825,3.3212,2.4489,0.211,2.8804,-0.3318,3.1935,1.7414,-0.2398,0.5568,-1.1102,1.6536
VENHQS1FRC1BNjI3OmxpaGNfdGNnYV9wYW5fY2FuX2F0bGFzXzIwMTg,3.6346,-0.7312,2.4083,0.8521,2.2426,-0.5426,-0.6378,1.1223,2.6401,1.2436,2.0101,2.2498,1.5818,1.9019,0.0058,2.1245,0.3455,1.6848,-1.2729,1.3294,1.4086,0.6181,1.9487,3.9842,1.4256,-1.1839,1.1203,1.1481,1.7645,-0.8264,-0.4403,0.0425,-0.2615,1.9636,1.2606,1.8429,1.0903,1.6338,1.3622,2.2563,-0.4115,0.5148,0.944,0.4576,-0.4079,1.7538,2.8487,3.7066,0.899,0.9174,-0.3421,2.4178,1.2559,2.4811,0.6503,2.718,1.003,0.4665,1.9108,-1.4977,2.1392,2.8778,1.6571,0.9328,-0.5423,-0.5774,3.171,0.3909,1.8949,1.1844,0.7659,0.1747,1.6368,3.0749,0.6475,1.0651,-0.2574,-0.4029,0.9205,0.8557,1.2219,3.5892,0.217,1.0962,0.0973,2.6503,0.3047,1.6317,0.3144,0.1448,0.8461
VENHQS1FRC1BNjZYOmxpaGNfdGNnYV9wYW5fY2FuX2F0bGFzXzIwMTg,2.0518,3.2527,-0.5194,2.674,2.6478,0.3506,0.0819,0.5189,1.4026,2.7438,1.7722,1.6821,0.771,-0.4323,1.8292,1.9044,-2.3039,0.5222,0.336,1.0547,1.8814,1.2362,0.6592,5.518,1.1886,-0.7215,1.7745,0.9014,0.0074,-1.7173,0.5566,0.8941,-2.8811,4.5018,4.6843,2.0228,0.9831,1.6965,2.9719,2.0566,0.6629,-0.1904,3.1887,1.9385,-1.0051,2.5986,3.8025,3.6131,-0.6178,0.9293,0.8084,1.2453,4.2038,2.558,-1.7899,3.4163,2.0659,0.6875,1.0468,-0.8183,1.5462,3.5173,2.5857,0.7882,-0.3478,-0.6937,-0.7361,-0.0868,2.5612,0.6414,2.0561,-0.3242,1.7054,2.6501,1.2265,0.0789,-0.3471,0.8446,0.4158,0.0133,0.9833,3.3095,0.2445,0.5489,-1.2975,-1.2399,0.4742,0.709,1.9601,1.731,2.1891
VENHQS1FRC1BNjZZOmxpaGNfdGNnYV9wYW5fY2FuX2F0bGFzXzIwMTg,-1.928,-1.9871,0.3979,0.7102,-2.922,1.3624,-1.7136,-1.3908,-0.2983,5.1752,-0.865,-3.7865,5.1904,-0.3969,0.518,-0.0682,-2.5409,0.7802,-0.6064,1.7575,3.9191,-0.1505,2.7545,1.1152,-2.3041,-2.1244,-0.0207,3.668,-4.7868,0.3688,0.992,1.0224,-3.9638,2.1711,5.6603,3.9254,0.7691,0.4992,4.4765,0.0316,-0.1837,-1.1123,0.4221,1.9786,-2.2507,3.4889,-0.8025,-1.2372,-1.4227,-1.9977,-0.6222,-0.3456,4.8286,3.0985,-2.3115,7.0013,4.1751,3.0246,0.2557,-2.441,5.8497,4.4191,-1.5046,1.3811,0.0355,-8.7459,2.9195,-0.5394,2.2909,5.0763,-1.5332,2.0315,3.7287,-1.8725,1.8079,1.0896,1.6227,0.963,-6.4803,-2.6208,3.2092,0.4066,-3.8237,2.7352,0.7391,1.1341,-0.0407,1.8901,2.861,0.2771,1.9227
VENHQS1FRC1BODJFOmxpaGNfdGNnYV9wYW5fY2FuX2F0bGFzXzIwMTg,-0.8479,0.7465,-1.1543,0.554,4.4777,3.6676,-2.5157,1.6717,0.7056,2.5583,-0.0126,2.4872,1.6013,2.6365,-0.0521,0.7068,-1.5794,-0.5081,-0.2208,1.9329,2.3859,1.0822,0.9057,3.6479,-0.317,1.4808,0.4673,3.8656,1.9094,-3.1976,-1.6802,-1.162,1.379,3.6125,1.8016,3.123,0.6655,0.0492,3.366,1.0814,-0.272,-1.2652,0.1247,2.8997,0.7513,1.9819,1.9482,3.3692,1.9403,2.5808,1.2591,0.3622,4.9308,2.8502,-1.1758,-0.4862,1.569,1.2644,1.1348,0.3368,3.8901,1.0891,2.7485,2.9176,-0.2356,-2.3302,7.2888,-0.7717,0.7223,-1.3234,-0.4743,-2.2504,2.8165,3.1223,1.4905,1.2526,-4.3183,0.168,-4.4008,-1.5449,-0.033,2.3274,-0.9958,-0.4428,-3.3638,4.6357,-1.0147,0.0076,2.4571,-0.9075,1.9958
VENHQS1FRC1BOE81OmxpaGNfdGNnYV9wYW5fY2FuX2F0bGFzXzIwMTg,-3.9036,-2.0833,-0.5453,1.716,-1.0315,1.3744,0.9173,1.6213,0.5955,3.4988,0.255,0.0134,2.2783,-5.0014,1.2555,2.6126,-2.289,1.4139,-0.1168,-1.6381,0.876,1.9157,0.4575,1.5276,-2.0707,-1.7637,0.3332,0.5998,-0.5715,0.9251,0.1004,-3.0533,2.9256,0.5122,5.1632,1.774,0.4491,-1.1462,3.3826,-0.371,0.0754,-1.8225,0.0142,0.359,-4.2122,2.8055,-0.2175,-2.1975,4.1971,-1.5225,-2.5497,-1.5618,12.2131,0.3505,-1.9383,2.6465,4.7952,0.4937,0.766,-0.3328,3.9477,4.3391,-2.4342,0.3819,-1.4338,-10.0156,1.2379,-0.9379,3.0619,1.4047,-2.2295,2.0356,1.3808,-0.5808,1.9828,0.4653,-1.9554,1.2948,-8.9963,-1.6756,0.8407,0.7174,-1.1173,-0.1736,2.4742,-1.472,-1.038,-0.5187,2.6587,1.424,0.4831
VENHQS1FRC1BOE82OmxpaGNfdGNnYV9wYW5fY2FuX2F0bGFzXzIwMTg,-2.1442,-4.3788,-0.3185,2.4141,0.2103,0.686,1.5312,0.7724,-1.7275,3.7132,1.3824,-0.5245,3.6727,-2.1904,0.9346,-1.2766,-4.3783,-0.9916,0.4605,-0.1782,1.6906,1.6285,-0.3796,1.6842,1.9958,0.9994,1.2695,2.8683,-1.6286,-4.2571,2.0685,0.4038,0.0901,1.7389,5.9534,1.6052,0.8117,2.061,2.2587,0.6795,-1.8936,-0.8879,3.0499,3.874,-0.2835,2.1558,0.2171,0.6913,1.0203,1.2815,1.1613,-0.8986,4.9932,3.2585,-1.9,4.3811,3.4108,0.2333,3.2286,1.4746,1.6181,8.4072,1.3266,2.0744,-3.38,-9.8379,-0.3947,-1.6679,1.7035,-1.2384,-0.0651,2.6146,2.3902,-0.9731,-0.8412,-0.2417,0.2535,-0.5605,-4.5217,-1.5921,-0.4696,0.6233,2.4464,-0.4071,-0.2742,-1.289,0.0081,-2.3135,2.6173,2.9983,-0.4252
VENHQS1FRC1BOTdLOmxpaGNfdGNnYV9wYW5fY2FuX2F0bGFzXzIwMTg,1.4473,-1.6887,0.157,0.5943,3.9841,3.3709,1.6531,1.6889,3.8435,2.7107,0.7046,2.1751,3.5477,0.4518,0.7015,0.8907,-1.3172,-0.0602,-0.6048,2.1077,0.5254,2.0397,2.3245,4.491,0.2046,-1.7278,0.9613,2.3267,4.4187,-4.9463,-0.8522,-0.4801,-0.8319,2.6814,3.3713,2.6923,2.0162,1.6583,1.959,1.5444,1.0402,0.9009,2.9135,3.5327,-0.3854,1.0964,1.9427,3.3068,1.5529,-1.2983,-0.737,1.4737,1.8553,2.4237,-0.0804,6.914,3.8285,2.9384,1.1469,-0.6533,-0.3172,3.7489,2.5002,3.6476,0.4101,-0.9625,-0.0109,0.2427,2.0145,0.9873,-0.1645,0.0051,3.3676,2.5925,0.8822,1.7697,-2.5272,0.8177,-1.9325,0.0407,0.8793,2.2869,1.1407,0.9166,1.0258,3.3289,-0.0559,0.8563,0.5786,0.8691,0.672
VENHQS1FUC1BM0pMOmxpaGNfdGNnYV9wYW5fY2FuX2F0bGFzXzIwMTg,-2.2252,-0.3729,0.0766,0.4609,1.045,0.5964,-4.3836,-2.3682,0.5261,3.7549,0.37,0.7508,2.9193,-0.1872,-0.7746,2.5686,-2.4285,-0.6296,2.4808,-0.0658,2.5794,-1.2123,0.7537,1.2398,2.1517,3.0046,0.4055,1.7164,-0.7204,-4.2387,0.5982,0.0115,-2.8682,0.5238,3.4846,1.7308,-1.0861,1.104,2.5525,1.3313,-0.9805,-1.5027,2.8412,0.724,1.7174,2.5823,1.3341,0.9332,1.8982,1.0816,1.5953,2.0474,-1.885,2.7542,0.0915,1.0777,2.9276,-2.0952,1.844,-1.4359,0.0887,0.7449,1.6484,-0.9309,-1.1041,-4.8494,-0.2817,-1.2697,2.116,-0.3119,1.6687,0.4966,0.843,-0.0099,-2.6392,0.5605,1.8439,0.4645,-4.5428,0.3034,1.0279,2.0016,6.935,-0.7147,-0.5078,-0.7306,-1.1394,-3.8922,0.3525,-2.2696,0.3008
VENHQS1FUC1BM1JLOmxpaGNfdGNnYV9wYW5fY2FuX2F0bGFzXzIwMTg,-2.1197,-1.2935,0.993,0.5882,1.1957,-1.1118,-3.0146,-1.3641,-0.021,4.247,2.3007,1.5753,1.1695,0.8129,0.5133,0.9364,-2.229,-1.5758,1.7464,1.3448,4.0861,-0.9856,1.112,0.5689,2.0152,2.9665,-0.5593,1.377,-0.636,-5.3296,2.1441,-0.2603,-1.7065,0.9561,2.1234,3.7043,-0.0151,0.6468,4.4265,2.2884,-0.0885,-1.5994,3.5928,2.889,2.4404,3.9524,-0.6553,-1.1204,1.1304,0.2013,0.5896,3.6059,1.4766,2.0548,-0.0162,-0.7038,1.7377,0.0113,2.3898,0.6738,-2.5875,4.3379,3.2514,-0.6749,-0.1276,-1.0728,-0.2791,-0.0363,3.1245,-0.5599,-0.3388,2.065,-0.5932,-2.6338,-1.7332,1.459,-1.3963,1.7086,-2.8614,1.3408,1.7416,2.093,7.677,0.9501,-0.2594,1.7651,-1.4584,-1.5739,2.1799,4.496,0.3294
VENHQS1FUC1BMTJKOmxpaGNfdGNnYV9wYW5fY2FuX2F0bGFzXzIwMTg,-4.2295,0.2033,-2.572,0.393,-1.52,4.4671,-0.5362,-1.0032,-1.3216,2.278,-0.7343,1.412,2.2456,2.2009,1.3676,1.2491,-3.1612,-2.3377,-1.127,-0.4176,3.9254,1.2937,1.4881,-0.9789,-1.6694,-1.038,-1.2942,1.7841,1.9664,-0.1089,-0.3225,0.4369,3.7824,2.1749,3.6311,3.6578,-2.0371,-0.9566,1.7515,-1.9643,1.9523,-1.782,2.0115,-1.2201,-0.7214,1.2432,-3.1571,-3.8205,0.0589,-1.0015,-1.4711,1.937,0.319,0.4084,-1.2896,-3.6608,1.8936,2.7094,-2.7239,0.4884,-2.2441,3.9903,-2.9372,2.1642,2.0717,-0.8108,-0.5951,0.5355,2.7903,-1.3359,-0.3845,2.6191,-1.6174,-2.1451,0.9217,1.6792,-0.568,1.0376,-4.3659,-1.2847,-2.9568,-1.4322,3.555,-1.2374,0.484,2.3639,-2.08,0.1142,2.3699,7.4804,1.1563
VENHQS1FUC1BMjZTOmxpaGNfdGNnYV9wYW5fY2FuX2F0bGFzXzIwMTg,-3.0555,1.0021,-2.899,0.7908,0.2934,4.7642,-0.7543,-1.9924,-0.3558,1.4149,0.4206,-1.0141,-0.0315,-0.4662,1.3506,0.9,-2.9273,-1.6403,0.0177,1.6889,1.3106,1.823,0.3189,-0.1195,-1.3533,0.1885,-1.3588,0.8499,0.572,-1.8486,-0.0236,-0.6912,2.4106,1.2252,1.3499,3.3202,-0.9272,1.0408,1.3321,-0.6013,0.7749,-1.13,3.6137,-2.3238,0.3485,1.3789,-2.7426,-2.5246,2.343,-1.7411,-1.3666,-1.313,0.8532,-1.5556,-2.9146,0.3455,2.4831,2.7157,-1.3613,0.9348,0.2442,0.5653,-0.4591,1.1813,-0.7782,1.7285,0.1582,0.0198,3.7686,-1.7237,-1.5892,2.0217,-0.7163,0.6483,-0.2053,0.818,2.3711,1.3217,2.4129,-1.4795,-0.9271,-0.341,2.2412,-1.1314,2.3634,3.2844,-1.8372,1.2968,0.7222,6.659,1.1108
VENHQS1FUC1BMktBOmxpaGNfdGNnYV9wYW5fY2FuX2F0bGFzXzIwMTg,-4.876,-1.5862,0.195,3.1128,1.3886,0.2047,-4.0975,-2.4229,-2.923,3.8243,-0.9297,1.2278,-0.1875,-2.386,-1.4859,-1.0976,-2.4105,-0.4413,2.1286,2.5506,3.7752,0.7379,0.6558,-0.3204,-0.3192,2.0625,0.6407,-0.7651,-1.7453,-6.2446,-1.4696,-0.458,-3.6023,2.3103,5.4136,4.8861,-2.1728,-0.0528,2.6129,0.0959,-1.0335,-0.0146,2.1476,0.5455,-0.5802,2.732,-1.2937,-0.8792,0.5675,3.0043,-1.829,0.9309,3.5574,2.2225,0.417,1.1106,2.3265,4.706,0.7512,-0.9082,0.6948,0.5821,0.9899,2.2331,-1.1264,-2.3736,2.8159,-1.5341,1.5014,0.9784,-0.4046,-0.151,1.5941,-2.4015,-1.9666,-2.1949,2.9041,-1.5611,-4.2419,0.0562,2.0992,1.1663,1.088,-1.021,3.3563,2.3976,0.9143,1.5714,-1.3612,-2.0307,-0.0935
VENHQS1FUC1BMktCOmxpaGNfdGNnYV9wYW5fY2FuX2F0bGFzXzIwMTg,-7.2199,-1.7145,-0.2469,1.8893,-1.519,-0.4223,-0.2892,-0.7426,-1.8667,3.9125,-1.037,1.6883,1.4468,-3.8389,0.6407,-0.4986,-3.3596,-0.939,-1.3161,1.3119,2.8818,-0.6862,0.089,-0.7612,1.432,-0.8325,1.9174,0.0614,-1.2997,-1.9269,1.7075,-2.2034,-4.7112,2.2799,5.5038,3.7373,-1.5501,-1.7749,3.6073,-0.6689,-0.4273,-0.7961,2.1184,2.6799,-2.29,1.8157,-2.94,-2.4525,2.6792,2.9683,-1.225,1.6289,8.1612,-0.205,-2.7049,-0.8247,2.4315,-1.4067,0.9583,0.0619,0.9792,5.0981,0.275,-2.5025,-1.1327,-1.5574,-1.2949,-1.447,-0.677,-2.2473,-1.961,0.7726,-1.9277,-2.6503,-0.8477,0.0591,0.4667,-0.7434,-4.9912,-2.2702,-1.5242,0.8659,-1.2808,-1.6913,0.9784,-0.5175,-0.4516,-2.43,2.669,-0.8801,0.3801
VENHQS1FUC1BMktDOmxpaGNfdGNnYV9wYW5fY2FuX2F0bGFzXzIwMTg,-2.393,-2.4774,-0.7181,0.1551,0.0157,1.6934,-1.1071,-0.3173,-0.2076,2.9565,-0.9186,1.7395,2.385,-0.1805,0.3506,1.4982,-2.166,-0.6603,-0.8932,0.273,2.0471,0.0796,-0.3409,-0.6308,-1.4642,2.2864,0.9574,1.6878,-1.1111,-1.9147,-0.2919,0.1248,-0.5313,1.4437,3.9473,2.6909,-0.5372,0.6818,2.8448,0.0639,0.1304,-1.4813,5.2613,0.6269,-2.0123,1.5276,-0.3953,-0.9701,0.9432,0.1809,0.4504,1.6177,2.2508,1.6397,-1.1239,0.1178,3.5162,1.4367,-1.0099,0.4333,-0.3414,2.8535,1.1215,0.5448,-0.1362,1.7797,-0.0703,-1.3397,3.2203,-2.4018,2.0959,0.6572,1.4799,-1.6468,0.0092,0.8772,-0.1177,1.1374,-4.5601,-1.686,-0.1028,-0.527,5.3675,-1.6894,1.5815,1.845,-0.3447,0.0536,1.1222,4.1988,-0.6012
VENHQS1FUy1BMkhTOmxpaGNfdGNnYV9wYW5fY2FuX2F0bGFzXzIwMTg,-2.5691,-2.6636,-3.191,-1.8361,-0.6961,-3.4738,-1.6695,-2.8665,-0.7,2.5358,-2.0012,-0.9494,1.815,-1.0492,-0.6806,0.9936,-2.882,-1.3514,2.5974,-2.2605,3.091,0.6368,-1.2248,-0.5583,-1.8795,2.2331,-0.6913,-0.3027,-3.8734,-2.3616,0.1121,-2.7776,-2.2223,-1.0744,0.9814,0.7234,-2.7087,-2.7665,1.5369,-1.0333,-3.5726,-2.0411,0.6616,2.6868,3.9231,3.1885,0.3181,-0.1151,1.1924,0.1981,-0.5416,-0.7534,-0.8398,1.364,-1.0444,1.9401,0.6162,-4.5793,-1.8284,1.065,0.9722,1.2674,-0.4196,-2.4288,-3.8193,-7.3716,0.0846,-2.7055,0.383,-1.9213,0.8033,2.4083,-3.0517,-4.8754,-1.7464,-4.9354,-0.6886,-1.8374,-2.4292,-2.3815,-1.4893,1.2564,-2.8025,-0.6476,-2.2882,-1.6189,-3.6398,-0.3065,0.6306,-0.93,0.5803
VENHQS1FUy1BMkhUOmxpaGNfdGNnYV9wYW5fY2FuX2F0bGFzXzIwMTg,-1.0739,-0.883,-1.7569,1.3336,-1.3729,-2.8629,-4.882,-4.1438,-0.4501,0.3864,-1.2791,0.4152,-0.7781,-3.7275,-0.4333,0.2842,-3.3795,-1.6649,5.0701,-0.5057,2.1007,-2.7474,0.2367,1.1056,-0.0494,6.3272,0.8458,-1.5572,-2.4082,-6.2519,1.2798,1.0253,-6.0694,-0.5662,1.0191,-0.8425,-2.7985,0.7994,-0.857,-0.7605,-4.402,-0.109,0.3754,0.6051,2.9173,-0.4821,1.6917,0.9201,1.5929,1.39,1.0368,0.7901,-3.9765,2.231,0.4941,3.2777,-0.7263,-3.8275,-1.8798,-2.3207,-0.8123,-0.328,0.6849,-1.0586,-0.7111,-6.1417,-1.5833,-1.6173,1.6528,-0.2009,-0.3453,-2.166,1.332,-1.4278,-2.5212,-3.1326,2.0374,0.6551,-6.0238,-0.9913,-0.2097,2.2798,0.2365,-1.6465,-3.2981,-2.3284,-4.0716,-2.8619,-0.9082,-3.7516,0.5714
VENHQS1GVi1BM0kwOmxpaGNfdGNnYV9wYW5fY2FuX2F0bGFzXzIwMTg,-0.5269,-2.4741,-0.5671,2.3819,3.6719,1.0136,-1.8931,3.9224,-0.9385,2.5558,0.81,4.6206,2.7494,0.8919,0.7726,0.0677,-0.9578,-0.3467,0.7594,0.9948,0.1463,1.921,3.7062,4.5189,-3.1048,0.654,1.5352,1.0393,5.9282,-4.6135,-3.2434,-3.0408,-1.8058,1.2683,1.0169,2.7815,2.0831,-1.6394,4.7511,1.6247,-0.339,1.2361,2.1193,4.3065,0.4165,0.7813,1.2171,2.5639,0.7474,0.1204,-1.5844,0.6293,9.1372,2.578,1.3635,11.0038,1.6094,0.7671,-0.1372,-1.8819,-3.2773,-0.9707,1.5473,1.5477,-1.1628,-7.4088,6.0835,-2.3185,1.7758,1.1612,0.7707,0.2999,3.1621,1.7203,-1.9947,-2.735,-2.2779,0.4577,-6.0279,-1.3808,-0.506,1.4033,-0.1796,6.1822,-1.2823,2.0719,-1.1607,1.7086,2.8366,1.4484,-0.1983
VENHQS1GVi1BM0kxOmxpaGNfdGNnYV9wYW5fY2FuX2F0bGFzXzIwMTg,0.3354,-0.7199,-1.0857,1.9029,1.777,-2.3861,0.5706,-1.0408,0.3419,2.5361,0.9341,1.2838,3.0097,-2.942,0.952,1.5138,-2.0995,0.1071,1.4174,1.0073,0.999,0.8733,3.4318,2.4699,1.0979,0.6365,0.9296,2.6847,0.9682,-3.5431,-0.387,0.8554,-3.8499,1.623,4.258,0.7904,0.8546,1.0188,2.2959,1.3538,-0.082,-0.1204,3.1783,2.7846,0.0164,2.6566,1.576,0.944,0.0099,0.574,-0.2879,2.5127,2.0841,1.77,-0.8262,2.8175,0.8524,1.8911,0.5513,-0.517,1.9698,3.9951,3.3403,-1.0777,1.9998,0.5162,-0.9304,-0.3161,0.9263,0.6134,3.2177,3.9563,1.0772,1.4236,0.3162,0.1404,1.762,1.8108,-3.8763,0.1922,2.4089,1.7162,7.8291,-0.0467,-0.6265,1.1993,-0.6297,-0.4644,1.964,-0.4035,-0.3674
VENHQS1GVi1BM1IyOmxpaGNfdGNnYV9wYW5fY2FuX2F0bGFzXzIwMTg,-4.4379,0.6662,1.0815,-1.746,-1.9846,2.1784,2.614,-1.28,-1.7088,2.6068,1.1127,2.0856,-0.9234,-1.1966,1.2376,-1.1726,-2.7089,-1.774,0.9299,1.448,1.1781,0.8468,0.306,-1.2272,0.9381,-0.4978,0.3683,2.3045,-1.7736,-1.1712,-1.4067,-1.5317,-1.0568,2.0549,5.6566,1.6394,-2.5904,1.8923,1.0047,-0.4731,2.8929,-0.7538,1.731,-0.288,0.0408,1.0191,-2.6465,-5.0793,3.4521,1.8901,0.2355,0.3037,0.1896,3.1204,-0.7302,-1.8051,2.8981,1.9444,1.7262,0.6192,1.7288,4.6949,-1.2485,-0.4513,1.1712,-2.2452,0.191,-0.3586,0.9389,-1.3339,0.9692,3.2763,1.4243,-2.6137,-0.3508,1.5689,0.3943,-0.2024,-7.5225,-0.8343,3.658,-1.1582,2.5912,-1.7277,-0.2158,0.3955,-2.2197,0.4964,1.63,-0.0232,1.6141
VENHQS1GVi1BM1IzOmxpaGNfdGNnYV9wYW5fY2FuX2F0bGFzXzIwMTg,1.7063,1.0495,-0.2641,0.5839,1.5593,-0.364,0.4628,0.9535,2.7111,0.8018,3.3225,0.2331,0.8035,-1.9167,0.4488,2.5597,-2.8212,1.0348,-0.468,1.1337,0.7136,0.3083,2.1362,4.693,0.9852,-1.1453,0.6631,1.6049,2.4632,-4.7279,1.9536,0.2131,-2.8534,2.0613,-0.2875,1.5637,1.6962,-0.5657,0.1472,1.5048,2.3369,0.0211,0.8434,1.2151,-0.5902,0.1469,3.6376,4.1162,2.5267,-0.7494,-0.8847,1.1896,4.2219,2.527,-0.8273,4.0972,1.451,1.0666,0.2563,-1.0808,2.6765,-1.8215,0.3545,1.7378,1.8556,-1.3816,0.6179,-0.2926,0.347,0.2867,-0.7076,-0.4752,3.0169,3.939,0.8612,0.4787,-2.7599,0.2617,4.2222,0.0022,-0.2098,0.6692,1.004,1.1109,-0.5187,-0.5268,0.5582,1.2412,1.3577,-3.8077,1.8973
VENHQS1GVi1BMjNCOmxpaGNfdGNnYV9wYW5fY2FuX2F0bGFzXzIwMTg,-4.6755,-0.5673,0.9328,1.7697,0.7338,1.9618,0.8444,-1.7188,1.1415,4.1723,-0.0816,-3.2008,2.9953,-1.2107,2.0995,2.2908,-1.1897,-0.2164,-0.4488,0.7502,2.4621,1.2228,0.9771,0.7859,0.6049,-0.1742,1.6017,2.1627,-0.7124,0.3108,1.3413,0.0911,-3.1628,1.7959,5.0283,3.2993,-0.2255,0.8466,3.682,0.4139,1.006,-1.2393,1.3553,0.1258,-1.8262,2.5535,-0.6489,-4.3233,0.9812,1.5192,-0.5798,0.192,5.0543,0.8541,-1.7703,-2.0346,2.4913,0.8049,0.76,0.2405,2.5362,3.8643,-0.468,-0.1109,-0.0919,-3.2402,-0.0705,0.104,2.1163,-0.4228,-0.1551,1.4387,2.0215,-2.0549,-0.54,1.0863,-2.823,0.1618,-5.0002,0.1244,2.1354,0.4429,-0.1021,-0.2994,1.3532,1.5685,-1.0676,-1.2815,2.5725,0.7998,0.3159
VENHQS1GVi1BMlFROmxpaGNfdGNnYV9wYW5fY2FuX2F0bGFzXzIwMTg,-1.6818,0.2504,-1.123,-0.239,0.104,-0.3776,-0.0228,-1.9834,0.2435,1.675,1.5759,0.7269,2.5951,-3.4301,-0.9952,1.6627,-3.4283,-1.5209,1.7167,-0.1084,0.8795,-1.0732,1.308,0.0926,0.3076,2.9698,1.4963,0.9903,0.0292,-3.0507,0.3454,-0.581,-1.7408,0.7618,1.5451,0.319,-1.23,-0.0097,0.7263,-0.2946,0.4406,-0.2687,3.7041,1.4947,3.0,1.488,0.2548,-0.3507,2.3689,1.2297,-0.4545,1.6474,-0.2555,2.248,0.2104,2.4337,2.9997,-1.0082,1.5741,-2.5792,0.8272,3.448,-0.4009,-0.4749,-1.2804,-0.8615,-1.3631,-2.2877,1.7131,-0.2781,1.866,0.6977,1.4933,-0.0689,-0.9013,0.6478,-2.2383,-0.6588,-3.0569,-0.423,1.2391,0.6544,7.5418,-1.431,-1.0138,1.6471,-1.1531,-2.7461,0.2659,-0.0254,-0.2583
VENHQS1GVi1BMlFSOmxpaGNfdGNnYV9wYW5fY2FuX2F0bGFzXzIwMTg,-1.3702,-0.5459,-2.0273,0.6689,-1.2216,0.4401,0.6679,-2.2906,0.7924,2.5028,0.3925,1.7744,0.0047,-2.8788,-0.2915,3.0662,-2.7538,-0.0903,-0.6653,0.5791,1.9322,-0.2962,1.8428,1.8987,0.4234,1.4184,0.8223,1.5635,0.5244,-3.7314,0.5956,1.0372,0.1388,0.4338,1.5436,0.5458,-1.4941,1.2442,1.6053,-0.6173,-0.1179,-1.5032,2.6982,0.6739,-1.2459,2.0156,1.5561,0.3507,1.0643,0.7607,1.0141,-0.1978,-1.0354,1.8288,-3.0347,5.3498,0.8872,1.4476,-1.086,-0.6199,0.0946,1.9921,-1.9987,4.9914,1.3086,-3.32,0.9438,-0.5952,2.1495,0.239,-0.6021,-1.6966,-1.1136,0.811,-0.9857,0.5422,0.9866,0.0596,-7.2751,-2.8919,2.0103,1.1359,2.5187,0.4028,-2.4276,-1.3381,-1.9082,1.1511,0.0031,-0.0311,-0.0838
VENHQS1GVi1BNDk1OmxpaGNfdGNnYV9wYW5fY2FuX2F0bGFzXzIwMTg,0.7342,-4.6923,-0.4682,0.5311,0.2045,-2.7406,-4.3581,-2.7359,0.6221,4.2654,0.7973,2.7989,1.3878,1.4368,-2.6847,-0.5479,-1.6007,-0.0757,2.9853,0.3212,3.7456,-1.4583,1.1176,1.5749,-0.4965,4.6367,0.2067,-0.9049,-3.7809,-4.6581,-1.3867,-2.259,-4.128,0.9631,3.1748,2.8794,-3.6445,-4.8388,5.3838,0.3253,-3.2163,-1.0395,1.6313,1.2661,2.0891,5.3939,2.5409,3.8538,1.8359,1.3985,-2.596,0.3904,-0.052,1.6225,-1.0887,4.6237,3.4933,-2.3291,1.7416,0.4038,-2.4963,0.6566,4.9815,-0.3158,-2.4677,-5.8485,-0.6156,-1.8041,0.933,-0.1464,-1.7713,0.404,-0.3401,-1.1225,-2.5533,-3.8663,0.144,-0.6033,-2.1933,-1.1593,-1.8692,3.014,-1.6524,-0.481,-2.7627,-1.5642,-2.8497,0.5239,-0.243,-4.4086,-1.5745
VENHQS1GVi1BNDk2OmxpaGNfdGNnYV9wYW5fY2FuX2F0bGFzXzIwMTg,-4.2592,-0.7198,-2.5034,-0.533,-2.5436,1.6559,0.6266,-0.6781,-0.8214,2.2599,1.8124,-0.1894,2.4468,-3.0731,-0.2679,-0.0225,-2.353,1.5224,3.6681,0.1205,-0.2045,-0.4029,1.2534,-2.6908,0.4883,2.0035,1.532,0.4839,-1.9535,-1.4944,-0.8409,-1.2124,-1.914,2.2021,3.3123,0.7592,-1.0188,0.3186,2.2983,-0.3453,-0.5544,-0.9204,2.1595,2.6871,-1.7452,0.6687,-1.7113,1.0656,1.3083,1.1113,0.45,-0.9696,-0.4073,2.6894,-1.1994,3.738,2.3613,1.7844,0.8002,1.1824,1.9119,5.6533,-1.9096,2.2267,-1.214,-1.333,-0.1924,-1.3885,0.087,-0.3602,-0.2023,2.082,3.1171,2.0757,-0.4186,-0.1894,1.4156,1.3184,-1.6695,-2.658,1.9604,-1.7595,2.5308,-3.5519,1.006,1.622,0.1841,2.0914,0.1597,-3.6965,0.7091
VENHQS1GVi1BNFpQOmxpaGNfdGNnYV9wYW5fY2FuX2F0bGFzXzIwMTg,-3.6469,-2.6331,-3.7352,1.9019,-0.7845,-3.4899,-10.8954,-4.7937,-2.2301,4.4032,0.1754,2.4128,0.7363,1.8101,-7.6929,-5.2205,-4.2478,-0.6569,2.6689,0.0188,3.424,-6.3196,2.2474,-2.0159,0.348,3.4159,1.472,3.0039,-7.8424,-11.5692,-3.794,-2.0536,-7.4085,0.9545,2.4011,0.8292,-5.5192,4.8944,2.7767,0.792,-6.2999,-0.8669,0.8334,6.8737,6.494,4.3143,-1.0737,0.7368,1.7519,3.0287,0.5057,-0.5557,-2.5333,2.0142,-1.3153,-1.117,1.6202,-10.604,2.3719,-1.5729,-2.0867,4.4411,6.2863,-0.9622,-6.3354,-14.0464,-1.6578,-2.2292,0.9246,2.1834,-2.5932,3.0044,0.8176,-4.8754,-3.4832,-7.6658,-3.0471,-1.1646,-5.4475,-0.809,-1.0079,1.637,3.1293,-0.2896,-8.6233,-0.2913,-6.0453,-1.9412,0.9275,-4.9694,-1.0926
VENHQS1GVi1BNFpROmxpaGNfdGNnYV9wYW5fY2FuX2F0bGFzXzIwMTg,-2.6959,-1.955,2.6486,2.3419,1.1284,2.8821,-2.7041,0.2094,0.5031,4.645,0.4241,-0.6455,1.9161,-3.2727,0.3903,-1.9283,-3.6713,-2.2083,1.9676,0.8251,3.0252,0.6609,1.4582,-2.5652,-0.2204,-2.8959,-0.5639,1.9813,-1.5586,-0.7795,-1.7328,-5.4808,-0.0406,2.6396,6.6457,3.1968,-2.5684,-0.5277,4.4612,0.6332,1.8729,-2.1954,2.0364,3.1354,-1.5179,3.3461,2.1647,-4.7901,0.0248,0.786,-0.5627,-0.8515,6.7206,1.4514,-2.2347,-3.862,1.5879,4.8673,1.9063,0.6696,-0.7847,1.8339,1.6935,0.7054,-0.4857,1.8823,-2.949,0.3326,0.8056,-1.8503,-1.3073,3.8334,1.8978,-2.9378,-1.7035,1.7314,-0.4349,-0.257,-1.4293,2.0479,1.9662,0.8127,-0.0147,1.0404,-1.4113,0.5239,2.8169,1.0694,2.3346,4.3468,0.0274
VENHQS1HMy1BM0NIOmxpaGNfdGNnYV9wYW5fY2FuX2F0bGFzXzIwMTg,-2.8976,-0.1511,-0.5577,-2.366,-0.285,-2.7831,-0.3911,-1.8454,0.7838,3.112,1.5096,-1.1028,2.6545,1.7712,0.2189,2.1546,-2.0532,-0.5002,0.2981,2.0244,1.3366,0.8066,1.6573,-0.3118,-0.6353,-0.9169,0.45,2.0608,0.8238,-1.2806,-0.4728,-1.1432,-1.4105,1.2996,3.3407,2.0052,0.1954,-1.0827,3.3553,0.3896,2.3706,-0.7038,0.9457,5.1358,-0.7804,4.1385,0.1671,-0.9953,4.4269,0.3221,0.8437,1.7304,-0.7755,2.4538,-1.5069,2.4146,2.2255,0.8181,3.5829,0.6189,-0.4501,2.5212,2.9068,0.4365,-0.2132,-6.4531,1.5216,-1.264,0.0795,-1.5748,1.5291,0.2449,-0.0556,0.416,-0.4095,-0.3139,1.8959,0.3247,-0.6552,-0.8654,1.0064,-0.6064,2.9564,-0.287,0.1981,-0.4115,-0.5183,1.5191,0.4843,-2.0724,-0.4192
VENHQS1HMy1BM0NJOmxpaGNfdGNnYV9wYW5fY2FuX2F0bGFzXzIwMTg,-2.7027,0.4345,0.0854,1.4155,0.7835,0.193,-1.3718,-1.1419,0.325,0.5883,0.0449,2.7598,0.3069,0.9615,-0.6913,0.2948,-0.886,0.0046,1.6713,0.0332,0.1975,0.1344,0.574,0.9422,2.7092,0.2673,0.6312,2.4916,-2.8908,-1.9448,-0.734,-0.1988,-1.8128,-0.811,2.1256,0.996,-0.807,0.8333,0.3728,1.3411,-0.4684,0.1456,0.5336,-0.3185,0.3929,0.0429,0.3373,-0.3537,3.268,2.1607,-3.4428,0.5825,1.7078,1.5908,-1.3606,2.0333,1.0925,1.4381,0.7324,1.4618,-1.3765,1.4632,-0.6301,1.131,-0.6039,-1.4241,-0.8878,-0.6059,0.4205,-2.4536,0.5638,0.7323,1.1133,0.1238,1.6118,-1.1853,0.2359,-0.1833,-3.9206,-0.9963,1.4929,-0.0629,-1.9558,-0.1906,-0.1584,0.1391,-1.5358,-0.5763,-0.3542,-2.7035,2.3283
VENHQS1HMy1BM0NKOmxpaGNfdGNnYV9wYW5fY2FuX2F0bGFzXzIwMTg,-5.0128,-2.4657,-2.5015,-0.8891,-0.4169,1.9519,-2.5903,-3.3652,-2.2267,1.233,-3.3128,-1.8519,0.1739,-3.1914,-1.2458,-3.0083,-2.8726,-2.265,1.5527,1.3856,2.2263,-1.8586,-0.207,-1.297,-2.6389,4.9403,0.2464,-0.4568,-2.4514,-3.9654,-1.9806,-0.7515,-0.5825,-0.3703,1.9243,0.9791,-2.1865,-0.3529,-0.54,-0.1682,-2.091,0.1774,1.9413,0.4643,4.1421,-0.0171,-1.6286,-1.9333,3.2714,1.9002,-0.5966,-2.1528,-2.9834,-0.7519,-1.0994,-4.2394,1.3662,-1.0075,-0.9021,1.2654,-3.5093,-0.8576,0.324,-0.9134,-2.4686,-0.5385,-2.3661,-2.7719,3.358,-3.9952,-0.5978,0.6258,-1.9041,-4.0194,-2.202,-1.9129,1.9802,-0.8173,-1.0471,-1.987,-0.9609,0.401,2.8986,-2.1261,1.0472,1.3105,-2.6152,-1.0596,-1.3009,1.6793,-1.1832
VENHQS1HMy1BM0NLOmxpaGNfdGNnYV9wYW5fY2FuX2F0bGFzXzIwMTg,-3.6228,-0.4316,-0.5381,0.3305,0.5662,2.6773,-0.6415,-1.7082,-1.0509,1.9051,-0.3657,-2.8389,0.7144,1.4168,1.1679,0.1429,-1.1896,-0.8333,-0.104,0.4309,1.6889,0.3401,2.2543,-0.4479,0.5701,1.9138,-1.7209,2.3766,2.1158,-1.3302,-0.7819,1.1569,1.3452,0.0573,2.3195,1.1327,-1.1154,-0.4235,-0.0728,0.0968,0.2314,-1.6902,2.8086,-0.3161,0.2779,0.725,-2.09,-3.3883,0.9286,-0.8607,-1.8479,2.795,-0.7062,0.3335,-1.2969,-3.7161,0.1794,2.029,-0.7782,1.1752,-2.2981,2.2652,0.8807,1.6602,0.9464,4.2321,-2.7303,0.3137,2.5882,-1.1159,2.666,1.7989,-1.2363,-2.9269,0.4709,1.306,0.1367,0.2096,0.0422,-0.0827,-0.8897,-0.9597,8.0587,-1.1712,1.1323,2.8059,-1.324,0.761,0.1084,3.0985,0.4681
VENHQS1HMy1BMjVTOmxpaGNfdGNnYV9wYW5fY2FuX2F0bGFzXzIwMTg,-8.6,-2.6727,-3.2573,0.3433,-1.5007,1.4187,-2.1184,-0.2893,-4.1467,3.7353,-0.151,1.022,1.4213,-5.331,-0.7768,-1.0432,-4.3352,-1.486,0.5481,-0.8303,3.0987,-2.8929,1.0829,-4.3992,2.2385,3.9561,0.4432,0.1286,-2.6457,-7.1727,-2.9144,-0.273,-3.5087,1.7444,4.2594,0.9549,-3.648,0.3535,5.1981,-0.2363,-0.198,-0.9078,4.6064,2.9011,2.596,2.9581,-4.4367,-4.1248,2.2575,0.9332,0.8249,-0.0331,3.6771,1.2316,0.0483,1.3063,3.0055,1.6424,0.3312,1.2818,-4.0116,1.9658,1.696,-4.1014,-1.821,-3.1914,-3.3988,-1.6007,-0.7949,-2.3569,1.2156,2.7819,-3.1536,-4.8754,-3.122,0.0676,1.1685,-0.0904,-6.5551,-0.9155,-2.1223,-1.183,5.3741,3.3124,-1.0881,-2.1227,-4.4494,-3.8386,0.4156,-1.4692,-1.0802
VENHQS1HMy1BMjVUOmxpaGNfdGNnYV9wYW5fY2FuX2F0bGFzXzIwMTg,-1.2888,2.8909,-2.6347,-0.782,0.0888,2.9984,-1.306,-0.8694,-1.432,5.0938,-1.0952,2.6332,2.6206,3.5548,-0.962,-0.2391,-2.5998,-2.2804,-0.602,1.5356,3.0901,-0.3263,1.8352,3.3921,-0.6283,0.1004,1.0914,1.6713,2.9954,-6.1297,-1.387,0.1473,-0.3791,4.8272,3.7515,2.5473,0.2506,0.1132,5.2684,0.3872,-1.7907,-0.7194,0.1853,5.4796,2.6267,1.0169,1.2436,2.9485,2.2323,2.337,1.2011,0.2009,3.523,2.7358,-0.8192,2.6263,1.9866,-2.736,0.5845,-1.9031,3.5002,-2.5686,5.6914,1.6573,-2.6556,-5.9192,0.9002,-1.1696,0.5622,-0.0947,-1.5426,-1.357,1.483,-0.108,-1.3076,-1.7814,-1.4815,-0.9472,-3.5868,-1.2225,0.0686,3.8381,-3.79,1.0563,-2.7493,0.7363,-1.1158,1.3744,1.77,-3.663,0.0684
VENHQS1HMy1BMjVVOmxpaGNfdGNnYV9wYW5fY2FuX2F0bGFzXzIwMTg,-3.5136,0.9566,-0.707,-2.7371,-3.0184,-4.6027,0.4009,-2.3508,-2.0015,4.2229,-0.0139,0.1039,2.8441,-1.4668,0.3988,2.2301,-3.4599,-1.4761,-0.8124,2.0375,4.1862,1.4431,1.4338,-1.6475,-2.262,-0.2365,-0.0506,2.0665,0.0588,-2.4176,-3.4024,0.0219,0.9437,-0.3595,-1.4781,5.338,-1.2932,0.8789,3.6184,-2.7141,2.5017,-2.3346,-0.0788,-1.4746,-0.2786,3.8415,-2.9908,-4.7239,4.377,-0.0134,-2.2256,-0.593,-2.4004,0.4332,-1.6311,2.1996,2.1029,1.6396,5.3376,2.1645,1.2311,1.849,-3.2003,1.885,-0.7403,-0.9882,-0.4011,-0.8247,-2.486,-2.6014,0.1683,-1.0972,0.6501,-1.8693,0.5645,2.0069,1.5232,0.5378,2.2605,-1.6666,-1.089,-1.0819,1.6374,-1.5704,-1.2578,2.1039,0.0603,2.6372,0.1057,-1.7391,-0.9364
VENHQS1HMy1BMjVWOmxpaGNfdGNnYV9wYW5fY2FuX2F0bGFzXzIwMTg,-0.2893,-0.4012,0.2496,2.1101,1.441,0.8827,-1.1154,-1.6559,1.5272,2.2241,0.9925,0.1468,1.865,-0.436,-0.4277,2.1056,-0.695,0.7164,-0.2911,-0.0284,1.2877,0.107,2.141,1.5737,0.8375,-0.0405,-0.2403,1.4022,2.3768,-2.8351,1.2093,1.0859,-0.3519,0.4505,0.1312,0.8534,-0.0645,1.1888,0.5906,0.9153,-1.6351,-0.3516,3.5321,0.5388,-0.1841,0.5357,1.5241,1.2512,0.4298,2.4786,0.3652,0.3093,0.0452,1.4746,0.0538,3.4144,1.2114,-0.6194,0.3343,-0.7883,0.8125,1.5525,0.0326,-0.1045,0.6711,-1.0629,1.2795,-0.6437,2.3241,-0.5435,1.5505,1.4598,-0.9409,1.0759,-1.5905,-0.3393,-0.3754,-0.5366,-1.9203,0.5523,2.2346,1.9693,8.1327,1.2369,0.3595,0.1999,-1.3974,-3.0256,0.2492,-0.5084,-0.4377
VENHQS1HMy1BMjVYOmxpaGNfdGNnYV9wYW5fY2FuX2F0bGFzXzIwMTg,-2.6728,-3.0299,-0.62,1.0258,1.5387,-0.3951,-4.1223,-1.5049,-1.2318,4.8194,0.7112,1.8774,0.1174,-0.6631,-2.048,-1.0403,-0.6975,0.4291,2.2578,2.7579,2.6322,-2.6155,3.7408,0.7992,2.8635,5.9955,-0.518,-1.2537,-0.7213,-5.9509,-0.0166,-0.729,-3.7565,2.0461,4.1191,3.2788,-1.5067,0.3404,3.1679,1.7407,-4.0443,-1.238,1.8979,3.5805,2.8993,4.9069,1.7227,2.6441,3.5327,2.4134,-0.7818,2.8828,3.1691,1.7364,-0.2445,4.6428,0.9549,-5.2585,2.5314,0.2934,-0.2835,-0.1465,4.2223,-0.3834,-3.9909,-10.9982,1.2267,-1.6778,0.8033,0.5378,-2.6006,1.3838,1.2907,-3.0945,-2.5382,-2.3758,0.6126,-1.2016,-4.7315,-0.0592,1.4004,2.6049,-1.3862,-0.6493,-1.5688,0.0103,-1.5345,0.9085,0.1316,-3.4742,-1.6491
VENHQS1HMy1BMjVZOmxpaGNfdGNnYV9wYW5fY2FuX2F0bGFzXzIwMTg,0.5452,0.7866,0.4301,3.0068,2.3559,-0.4587,-0.4954,-0.4617,1.6464,4.8778,1.2661,1.9619,1.2705,-1.6726,-0.1611,1.5809,-2.8331,0.5718,0.3513,1.374,4.012,2.1343,2.0684,2.516,0.0452,0.702,1.2004,0.8328,0.1329,-2.1796,-0.2254,0.051,-3.1415,1.394,5.4861,3.9538,-0.3346,1.0381,4.6161,1.2675,0.9296,0.7611,2.5276,1.718,-0.1773,5.5364,2.4269,1.9775,2.2355,2.0947,-0.6574,0.3854,5.2644,3.4598,-0.6259,7.1149,2.4901,1.4146,1.7541,-0.8024,2.9945,2.3623,0.9365,1.9658,-1.3468,-1.8407,2.5266,-0.7731,1.5674,2.5156,-1.029,1.043,2.7558,1.7948,0.899,1.0773,-1.6232,-0.4225,0.7573,-0.647,2.3141,1.3007,-0.5876,-0.0862,0.1806,-0.9078,-0.7864,1.6398,1.231,-0.6369,-0.1031
VENHQS1HMy1BMjVaOmxpaGNfdGNnYV9wYW5fY2FuX2F0bGFzXzIwMTg,-4.3965,0.5966,-1.1453,1.4383,-0.5721,0.2409,-1.5721,-3.0228,-0.0441,1.8265,0.0273,1.0772,-1.875,-0.077,-0.7744,1.4384,-0.9349,-0.3764,0.4684,1.4652,1.5546,-1.257,-2.1892,-0.4658,0.0999,2.5396,1.8385,-0.2425,-1.5534,-1.6143,-0.7175,0.2,-2.8536,-1.8222,2.9216,1.2196,-3.4968,0.3006,-1.3159,-0.2011,-0.6975,-0.594,3.6601,0.0195,0.6711,1.6728,1.0683,-0.9809,2.4327,0.8848,0.2943,2.3024,-0.3037,2.1165,-0.7555,0.9036,1.5175,-1.1382,-0.7281,-1.3915,-2.7907,-0.5037,1.8134,-0.1781,0.411,-0.913,-0.6979,-1.4119,-0.7484,-1.2884,1.6208,-1.0433,1.5624,-0.8975,0.0144,-0.0049,1.8361,-0.8512,-3.6124,-1.0769,-2.5981,0.9183,2.1749,-1.6755,0.1666,1.8424,-1.1568,-1.0966,-1.0911,-1.8948,-1.1279
VENHQS1HMy1BN001OmxpaGNfdGNnYV9wYW5fY2FuX2F0bGFzXzIwMTg,-8.6345,1.303,-2.469,0.1902,-2.7658,1.0881,-3.121,-1.67,-3.1519,1.7897,-2.5424,1.8894,3.0652,-0.6656,-0.5356,-2.6688,-3.9273,-0.4665,-0.5354,0.0681,2.3286,-0.8138,1.4531,-4.221,-0.6888,0.6022,-0.3723,0.5129,-2.2447,-3.872,-1.4806,-0.3295,-1.1096,0.3462,0.0932,-2.1815,-4.6405,-0.4503,2.1622,-0.7423,-1.3687,-0.9263,-1.1248,3.1086,0.154,0.7833,-3.2518,-3.0609,0.3992,-0.0618,-1.1714,-1.9123,2.6723,3.0347,-0.816,0.7365,4.6543,-1.2204,0.1146,-1.1593,7.6907,-0.6209,-2.0508,0.8826,1.15,-2.805,-3.9393,-1.3018,-1.3831,-0.8078,-0.831,0.835,-2.8576,-4.0177,-2.5251,0.8655,0.7497,0.4141,-7.6414,-1.6303,1.7642,-1.7068,-2.5316,0.1371,-1.46,-1.3531,-2.6062,-0.5146,1.203,-3.3807,-1.5804
VENHQS1HMy1BN002OmxpaGNfdGNnYV9wYW5fY2FuX2F0bGFzXzIwMTg,-0.5999,-2.4585,-1.1797,1.2839,2.6105,1.3887,-0.8432,1.0193,4.5306,3.9335,3.1227,1.1566,7.5313,0.018,0.3859,1.976,0.5738,1.9665,-1.2304,0.7585,2.6174,2.2323,2.7778,0.4155,2.5266,0.1031,0.0736,3.3515,-1.7994,-3.8244,0.2432,1.9884,-0.2473,1.952,5.6316,4.1365,1.2797,1.1298,4.5793,3.0655,-0.5974,-0.8071,2.9315,4.9113,-1.9828,3.3194,1.254,1.0189,2.0723,-1.6115,1.1679,0.4054,5.1558,2.6767,-0.4817,8.3557,3.1403,1.7285,2.5029,-0.0947,3.7461,6.575,-0.8485,0.8287,-0.4424,-1.1015,4.1059,-0.8322,0.9288,-0.5659,1.7787,1.1514,-0.5483,1.6301,0.6269,-1.6335,1.7035,0.3923,-4.4915,-1.2028,0.914,0.9641,-0.5273,6.0447,2.9355,4.2778,-1.1221,1.1731,2.3209,1.2211,0.3674
VENHQS1HMy1BN003OmxpaGNfdGNnYV9wYW5fY2FuX2F0bGFzXzIwMTg,-4.4094,0.9229,-3.1025,1.3759,-0.3751,-0.6938,-3.7658,-1.4131,-0.435,-0.001,-1.1282,-0.1635,1.9891,-1.3771,-1.2742,1.1957,-3.8669,-2.5874,1.5892,-0.6978,0.7163,-0.4124,-0.8551,-0.2535,0.7531,2.1609,0.7587,2.4165,-0.14,-4.0911,1.2958,1.6521,-0.5427,0.1744,-0.4071,-0.2246,-2.6326,0.9011,0.478,0.046,-0.9219,-1.3428,3.4186,1.4026,2.6859,0.3435,0.3376,-1.658,2.4429,1.0268,2.6243,1.9884,-3.6139,2.1064,0.2317,-0.8343,0.6099,-1.3638,-1.9648,-0.3948,-0.3505,2.2263,0.3693,-0.9137,0.1312,-2.0846,-0.6986,-1.2649,-0.4129,-1.7128,2.9419,-0.156,1.3065,-3.4553,-0.3398,-1.9081,0.7726,-0.9105,-0.8869,-2.8496,0.2329,0.5131,6.11,-1.1918,-1.1736,-1.5884,-2.3213,-1.2873,0.0141,-2.7807,1.1954
VENHQS1HMy1BN004OmxpaGNfdGNnYV9wYW5fY2FuX2F0bGFzXzIwMTg,-1.7066,1.2635,-0.9023,2.5535,-0.3545,0.8269,-2.3776,-0.5906,0.7638,1.8739,0.1187,-0.218,1.6509,2.5961,-0.8337,0.6134,-1.0522,-0.2819,2.5178,-0.0419,1.1474,-0.4745,1.6175,0.0901,1.8482,-0.5267,0.8312,2.4618,-3.0321,-2.9125,-1.127,1.1856,-3.2582,-0.8451,1.5047,1.6636,-1.9369,1.0474,1.2074,0.6704,-1.2541,-0.8197,1.6762,1.3582,0.5161,1.2923,-0.0138,-1.612,-0.4041,1.7589,-1.7247,0.6865,1.5459,2.2599,-1.276,-1.7168,2.0042,0.4416,-1.0938,0.7165,0.3856,1.3052,0.5258,0.7293,-0.052,0.0631,-0.1961,-0.6597,-0.3351,-0.7144,1.3872,1.5704,0.7618,0.1766,-1.7563,-0.8135,0.781,0.7705,-3.1716,-0.7269,0.1255,0.437,-1.4829,-0.5355,-2.5029,-0.2838,-2.1438,-0.8298,-0.214,-2.245,1.6512
VENHQS1HMy1BN005OmxpaGNfdGNnYV9wYW5fY2FuX2F0bGFzXzIwMTg,-2.5267,2.3308,0.204,3.6916,1.396,2.8625,-2.3257,2.3128,-0.806,4.7963,3.7498,2.8402,3.8746,-3.5273,1.188,-1.6858,-2.3993,-1.1531,-0.1988,3.0535,4.9854,0.0453,6.2275,1.5811,1.0932,0.5252,0.6361,2.6356,-2.2556,-5.0341,0.7526,0.242,-2.0004,1.0291,7.199,5.4129,0.914,2.8235,4.407,3.0615,1.8156,0.0489,1.8804,2.8001,-0.5219,3.9239,-0.2436,2.6879,2.6388,-1.2523,0.0024,-0.3032,8.3756,2.1148,-0.8376,6.6937,2.6608,2.0088,1.8864,-1.2561,2.1638,7.9992,1.001,0.9677,-0.8572,-1.4483,0.487,0.09,0.9105,-0.3944,0.4841,-0.5439,2.3643,-0.3383,-1.2244,0.6441,-0.2398,-0.205,-1.0539,-1.8596,2.6853,1.0592,1.5728,2.0547,1.1692,4.3903,0.6049,1.1515,3.4629,0.2742,0.8197
VENHQS1HMy1BNVNJOmxpaGNfdGNnYV9wYW5fY2FuX2F0bGFzXzIwMTg,-5.6508,1.8241,-4.1898,-1.2285,-2.6351,-4.5491,-0.9699,-1.9616,-0.8304,5.3238,-1.5502,-2.1858,-0.2117,-4.7485,0.1332,1.463,-4.2398,-2.466,1.3776,1.9385,4.7231,-3.4249,1.1574,-1.0796,-3.3807,1.1068,0.4861,-0.3532,0.2065,-1.5277,-1.119,0.0087,-4.0187,1.1461,5.8064,3.7186,-4.0098,0.0859,5.7162,-1.3074,1.3309,-2.3077,1.9598,1.8185,-4.0342,3.0566,-0.6043,-3.4242,4.025,-0.0011,0.5163,-0.9725,2.2294,0.9216,-3.6515,2.2268,1.0277,0.1742,-0.8605,-0.944,0.4301,1.0535,0.5141,0.6103,-1.5716,-3.1075,-2.3975,-1.489,-2.1021,-3.2376,-0.0136,0.9947,1.9329,-2.9927,-2.4602,1.8435,1.9969,-0.9332,1.3278,-1.9035,-1.149,0.088,1.1483,-1.1997,-1.2988,-1.7403,-0.4235,2.1808,0.9087,-6.3643,-0.6801
VENHQS1HMy1BNVNKOmxpaGNfdGNnYV9wYW5fY2FuX2F0bGFzXzIwMTg,-3.2429,-1.524,-0.1467,-0.48,1.2715,2.4181,-3.5704,-1.5359,-1.2942,4.0504,0.8128,3.8525,1.4435,-0.9892,0.5439,-0.5929,0.5416,0.813,-2.787,3.1758,2.3266,0.9664,1.7234,1.5017,0.807,0.3785,-0.3126,2.5161,3.9351,-5.38,-1.7957,1.1755,1.1451,2.2741,5.3292,3.4748,1.7724,0.8392,3.4715,0.5408,-1.4269,-0.1668,2.5452,4.1328,-0.9734,3.1093,-0.2442,0.1037,1.0545,1.4863,1.2071,0.3443,3.1916,1.2857,-1.3414,7.388,1.5189,-1.7791,0.6766,-0.9897,-0.1527,2.0935,-0.651,1.1263,-0.9409,-1.4964,0.1284,-0.6624,2.7161,-1.007,-1.0277,1.718,1.7396,1.3072,-1.3857,1.229,5.2893,-0.1465,-2.6994,0.6977,2.0144,0.7304,1.8329,2.5426,2.3851,2.8298,0.0518,1.5172,0.4476,0.7158,-2.0242
VENHQS1HMy1BNVNLOmxpaGNfdGNnYV9wYW5fY2FuX2F0bGFzXzIwMTg,-1.8343,0.4581,-0.532,1.0029,-1.1455,-0.9879,0.2356,-1.0382,-1.3291,-0.2664,-0.7445,-0.5107,0.934,-0.8274,0.6464,-0.4916,-2.5687,-1.2396,1.6686,1.3278,-0.6757,-0.8566,-1.143,-1.7696,-1.8464,1.3157,-0.4823,0.3836,1.0382,-1.3805,0.9059,1.2341,0.0339,-0.2775,0.5349,0.4725,-1.6047,-0.9976,-2.6025,-0.289,0.3285,0.2032,1.2174,-1.6618,-2.3125,-1.5661,-1.2742,-1.5522,2.3523,1.0245,0.8618,2.0801,-2.5333,1.7644,0.9683,-1.0931,-1.3055,1.2362,-1.0242,-2.8901,-3.1913,-2.832,-1.2698,0.5801,-0.2182,-0.5555,-5.5384,-1.3701,-0.8661,-1.3234,0.0843,-1.2894,-1.5131,-0.8208,-1.5108,0.2106,0.574,0.5324,-1.0735,-0.5137,-0.7389,-0.714,1.3863,-0.7294,0.8134,0.9557,-0.5397,1.1622,0.2456,-3.0089,-1.5815
VENHQS1HMy1BNVNMOmxpaGNfdGNnYV9wYW5fY2FuX2F0bGFzXzIwMTg,-2.8841,1.2113,-3.3739,-0.8861,-2.2414,4.0696,-1.9317,0.1369,-0.891,1.0827,-1.8535,1.3621,-0.2219,-0.0481,0.3165,2.4222,-0.898,0.9066,-1.3347,-1.1642,1.4052,-0.5662,-0.2701,-0.1772,-0.0894,0.8467,0.8291,0.6576,-0.7383,-0.4443,-0.5207,-0.669,2.2927,0.0595,2.8038,0.3673,-0.1669,0.3687,1.0588,-1.2654,1.6973,-0.2759,0.774,0.9407,0.8082,1.7618,-1.6878,-2.0551,1.4414,1.2123,0.3614,2.6707,5.1186,1.4863,-1.777,-5.0098,1.5522,0.4702,-2.5962,3.8476,-2.8969,1.3309,-2.9795,-1.3869,0.0574,-0.2985,-1.0808,-1.3416,1.8151,-3.0301,1.6419,-0.3877,-1.5039,-1.0291,0.191,1.5572,0.2706,0.5404,-5.3601,-1.8172,-1.429,0.5456,3.2572,-0.8201,-1.0577,0.3982,-1.1687,1.2067,1.2859,2.0242,0.0908
VENHQS1HMy1BNVNNOmxpaGNfdGNnYV9wYW5fY2FuX2F0bGFzXzIwMTg,0.5221,-0.2142,0.1213,1.9268,0.9171,0.9307,0.028,-1.9353,1.6823,3.855,1.5048,0.0542,2.5227,0.4155,0.0398,3.0468,-2.4009,-0.3764,1.5323,1.5531,0.3823,-1.7132,1.9702,3.685,1.3548,3.0148,0.752,3.3106,-0.6647,-3.1123,1.568,0.1902,-3.1026,0.8706,2.4729,2.3095,0.7975,0.9849,1.9168,0.7599,-0.5362,-1.1924,3.4646,2.0289,-0.7685,1.8925,2.873,1.4617,1.8175,3.0241,0.2393,2.6659,-0.9098,2.4188,-0.5444,1.8112,1.723,0.5464,0.9805,-0.0478,0.3648,1.2199,1.7125,0.1947,0.8574,-0.1372,-0.2555,-0.376,0.5016,-1.5505,2.2555,-1.2313,-0.2586,2.5845,-1.3281,0.5669,-0.2416,1.5332,-1.5414,-0.4358,2.652,1.3748,6.7168,0.7259,-0.2358,-0.7651,-0.8021,-0.4344,0.2345,-2.7295,0.8003
VENHQS1HMy1BNlVDOmxpaGNfdGNnYV9wYW5fY2FuX2F0bGFzXzIwMTg,-10.0413,0.091,-1.421,-0.6556,-1.7383,3.3903,-0.5248,1.5067,-1.4934,1.3006,-3.3141,0.9317,1.2091,0.4283,-0.0104,0.33,-1.6984,-1.2545,-0.4852,-0.8641,2.8314,1.8941,-1.7762,-3.4498,-2.9508,-1.2212,2.2057,3.2795,0.0711,-1.7762,-1.9256,0.1453,0.9739,0.1738,2.4161,2.1105,-3.1395,-1.6432,2.1762,-1.2133,1.1669,-1.1621,1.1921,-1.5176,-0.8291,0.5912,-3.7803,-0.9515,1.599,-1.0131,-2.4699,-4.9349,4.5012,2.6738,-2.5085,-4.1451,1.8379,2.0349,-1.4764,3.1355,-0.3982,0.8396,-2.9377,-1.1073,0.2226,1.2624,-0.5879,-1.0621,0.5869,-1.7056,-1.1536,-1.1139,-2.2184,-2.3669,1.0315,0.9273,0.5699,0.8321,-5.3706,-2.1188,-1.1564,-1.5165,0.942,1.4025,1.7111,1.2175,-2.4983,1.0059,1.9443,4.161,2.0269
VENHQS1HMy1BQVVaOmxpaGNfdGNnYV9wYW5fY2FuX2F0bGFzXzIwMTg,-1.8386,-1.3575,-1.2543,-2.6788,-2.1226,-4.7172,-3.4909,-2.8032,-0.4306,4.4631,0.3047,0.7206,2.5236,-2.5338,-1.103,0.5813,-1.7506,-0.5919,2.2625,0.5833,4.221,-2.4422,1.3733,-0.8309,-1.2525,2.969,-0.0103,-2.6335,-0.9026,-3.5879,-2.8873,0.4899,-2.5113,0.2055,4.7483,3.8829,-5.5192,0.4696,4.3923,-1.523,-1.8929,-0.7493,0.8708,2.6756,1.5512,3.9656,0.5125,0.5369,1.7338,-0.734,0.2191,-1.2675,-0.5883,1.414,-0.2108,1.8351,0.9052,-2.4858,2.4345,1.9576,-0.7392,-1.5364,2.9557,-1.6034,-2.9703,-3.8229,0.0496,-2.3234,-0.4956,-2.3713,-0.6023,0.4252,-1.9819,-3.8908,-2.5545,-3.2163,1.6572,-0.2306,-0.2077,-0.7485,1.246,0.9526,-0.979,0.291,-3.2478,-0.9191,-2.6715,1.1014,-0.8954,-1.5266,-1.4943
VENHQS1HMy1BQVY0OmxpaGNfdGNnYV9wYW5fY2FuX2F0bGFzXzIwMTg,-4.7599,1.4837,-2.3459,-1.5792,-0.315,3.3627,-3.9907,0.4119,-1.6192,1.9668,-2.7366,2.1357,0.8971,2.5257,-0.2559,-0.2603,-1.8536,-2.2533,-0.348,0.8217,2.2772,-0.5525,2.3075,-3.5159,-2.6535,-0.5809,1.1558,0.3743,-3.4048,-6.0603,-1.2757,-1.9218,5.4205,1.6268,4.0162,1.6142,-1.8746,-1.4947,1.2276,-0.9747,1.7804,0.1135,2.0334,2.1201,-1.018,1.4067,-2.8522,-2.4118,1.7514,-0.2279,-4.5571,1.3361,2.2411,1.1701,-1.1775,-7.2257,1.0224,1.4166,-1.1326,1.0135,1.0137,3.4132,-2.0071,2.232,-1.3423,0.7835,-1.2094,-1.3692,-1.7005,-3.0063,-5.539,2.0755,-2.8113,-3.6886,1.2338,2.4989,2.422,1.451,-4.8407,-1.4098,-0.7951,-0.55,3.4139,-1.3614,0.789,2.0523,-0.924,1.1954,1.448,5.2619,-2.0159
VENHQS1HMy1BQVY1OmxpaGNfdGNnYV9wYW5fY2FuX2F0bGFzXzIwMTg,-6.2824,-1.5824,-3.4235,0.5833,-1.1741,3.2036,-4.8713,-2.7214,-1.982,2.8287,-2.2184,-3.3039,-0.0564,1.2836,-0.0963,-1.6592,-3.215,-2.1044,0.5132,-0.3459,1.4912,-2.6932,1.9249,-4.3225,-2.2303,1.4917,0.2467,0.7004,0.3877,-7.156,-1.1563,1.141,-1.2824,1.4965,3.7151,1.9109,-2.0381,1.0795,2.4179,1.4975,-0.735,-0.2644,4.4771,0.8966,1.0021,2.1174,-3.8235,-1.9499,0.4656,1.3986,-0.7484,2.0628,0.7065,1.3908,-0.465,-8.5121,4.2774,-0.408,-1.1943,-0.2326,-1.766,2.3314,2.5377,-1.5985,-0.8933,-1.0318,1.2202,-1.3621,1.6167,0.3194,2.7514,-0.0353,0.704,-3.8716,-1.8003,1.666,2.7933,-0.5763,-5.7454,-1.4429,-0.8931,-1.8147,8.945,-2.5086,-0.7549,1.6128,-1.6866,-0.8019,-0.6605,0.4783,-2.4135
VENHQS1HMy1BQVY2OmxpaGNfdGNnYV9wYW5fY2FuX2F0bGFzXzIwMTg,-3.1248,-3.972,-2.7396,5.9172,-0.0084,3.6924,-4.325,-2.5851,-1.519,5.0092,1.5991,0.6273,4.0106,-2.1056,-1.1259,-1.6953,-2.8972,-0.4902,1.0386,1.5452,4.1265,-0.9951,2.3617,0.2946,1.161,2.1253,-0.5082,0.8923,-0.4886,-2.6926,0.2782,-0.9715,-0.5747,0.5958,6.8004,3.8463,-0.1811,-1.1348,5.8167,1.2786,-0.1949,-1.3147,2.1475,4.1728,1.4258,4.3966,0.6242,-0.2208,2.8249,-2.5492,-2.0663,-1.8058,4.0155,3.2719,-1.7621,6.4457,1.519,-4.1199,1.9782,-1.3237,1.4581,1.0037,1.2647,1.4646,-1.1563,-5.9358,-0.964,-1.1704,1.7692,2.4079,-1.3802,2.4796,1.4466,-1.8406,-4.4401,-0.3398,-2.135,-1.1008,-7.3092,-2.156,1.2298,0.6304,-1.5449,3.2128,-0.9317,1.7787,-1.7732,-1.6705,2.6551,1.9277,0.2608
VENHQS1HMy1BQVY3OmxpaGNfdGNnYV9wYW5fY2FuX2F0bGFzXzIwMTg,-2.8823,1.4726,0.4136,2.2595,2.3042,2.2936,-0.5698,1.0232,0.3961,5.0204,1.2722,1.1899,2.1446,-2.9569,0.3446,-1.8371,-2.8258,-0.2571,1.0943,4.7718,3.2681,-1.7159,0.8625,2.2668,4.6964,3.2634,0.2884,2.5068,-0.9289,-5.0491,-0.3652,0.2181,-2.0518,1.0787,7.5075,5.5497,-0.1243,2.4544,5.28,0.72,2.5375,-0.8017,4.5579,3.1166,-0.8607,3.7579,0.5235,0.3876,2.0413,2.1614,0.6337,1.3854,-0.0609,1.8246,-0.9439,2.5256,0.6611,4.1146,1.5955,-0.5855,-0.5406,5.2537,-0.1877,1.2375,-3.0826,-0.6204,1.4801,0.4964,0.6798,-0.7029,1.7006,2.0964,2.3253,-0.156,-1.6901,0.1405,2.4233,0.1929,-4.3301,-2.13,0.8346,4.2669,3.6287,2.2106,0.4352,-0.5779,-0.0901,1.74,0.0829,0.3811,0.9677
VENHQS1HMy1BQVYwOmxpaGNfdGNnYV9wYW5fY2FuX2F0bGFzXzIwMTg,-3.6785,-3.3672,-1.7835,1.0809,-2.8759,-0.5123,-2.0976,-3.4488,-0.3028,2.0733,-2.0582,1.6151,7.2511,-2.8395,-0.8824,-0.7727,-1.4449,-0.5424,5.9923,0.582,2.6363,-2.895,0.4304,-2.7118,-3.0961,1.7222,1.0813,3.3273,-5.6794,-3.7409,0.8521,-1.6143,-4.7067,-0.4549,1.0536,0.9502,-3.8174,-0.4272,5.2576,-1.31,-2.4884,-1.7448,-1.7273,4.8152,-0.4212,2.0418,-1.4243,-0.9041,0.3613,0.8632,-1.3586,-0.8742,0.3977,2.0175,-1.5539,4.2222,1.7182,-0.6128,-0.8451,0.2516,0.3863,0.8665,0.6516,3.4365,-2.1832,-2.1814,0.4896,-2.3019,-0.3056,0.2042,-0.0699,-1.4286,-2.5445,-3.2142,-1.5141,-1.0549,1.1412,0.4731,-6.282,-2.4089,-0.2908,-0.0527,-3.0235,-1.3219,-3.1975,1.1981,-1.9113,0.492,0.0975,-3.9302,0.834
VENHQS1HMy1BQVYxOmxpaGNfdGNnYV9wYW5fY2FuX2F0bGFzXzIwMTg,-2.034,-0.2717,-2.7864,-0.4139,1.312,-0.5566,2.0053,-1.0328,0.6816,1.6846,1.5077,-1.2852,0.7951,2.6494,2.0905,1.4735,-1.9254,-1.0343,-1.8061,0.4637,1.4535,-0.0497,3.523,1.2792,0.4244,-0.2236,-0.0682,2.7741,2.3781,-3.6633,-1.5408,0.5496,1.171,1.9051,3.2931,2.7746,-0.9453,0.5099,0.7115,-0.041,1.7889,-1.4532,4.1796,-1.5704,-0.1356,1.5864,-0.4823,-1.8357,-0.2876,1.1817,-0.12,3.3224,0.4119,1.7274,-0.9483,-5.0616,1.3653,2.1746,-1.4556,0.0907,-1.2534,4.2945,2.0319,-1.2892,2.0612,3.4346,-1.3328,0.9284,0.3881,-1.4018,-0.3005,3.4422,0.5727,-2.2133,1.2107,2.9676,-1.4592,0.8028,-4.583,-1.263,-2.472,0.3801,8.9857,-0.8369,1.062,1.8422,-0.5853,-1.0129,1.6393,4.4611,-0.092
VENHQS1HMy1BQVYyOmxpaGNfdGNnYV9wYW5fY2FuX2F0bGFzXzIwMTg,-6.7409,-0.688,-2.7011,0.6548,-0.0815,3.8026,-1.3951,-1.0593,-0.2003,0.6348,-0.3223,0.9564,3.7718,2.2825,0.8143,1.2042,-1.662,-0.8754,0.716,0.4013,2.4618,0.1388,0.9128,-2.6733,-1.7864,1.251,0.2549,2.2392,-1.6966,-2.9513,0.2611,-1.615,0.0037,2.3862,0.2354,2.2272,-1.0332,0.9846,0.9403,-0.3613,-0.9928,-1.2654,1.3887,0.2957,1.8806,2.4603,-1.6729,-3.0676,1.893,-3.1843,-2.8694,1.0031,1.0102,-1.0468,-2.446,-1.1478,2.4779,-0.0897,-0.4344,1.1239,-0.0233,7.5839,-1.2175,3.8518,-0.712,0.1647,-0.9126,-2.8356,2.0336,-1.5825,-1.223,1.0076,-1.2335,-4.1314,-0.7967,-0.038,1.0742,0.4838,-1.9687,-2.0747,2.3027,-0.5696,-0.0449,-1.0444,-0.6392,1.4255,-1.0534,0.7271,2.6459,4.7628,0.859
VENHQS1HMy1BQVYzOmxpaGNfdGNnYV9wYW5fY2FuX2F0bGFzXzIwMTg,-2.5304,-0.3383,0.3864,0.7034,2.2149,0.9032,-3.6639,-0.4552,0.5619,4.153,0.4887,0.3051,3.0528,4.6138,0.6528,-0.3594,-2.3349,-0.7195,0.7991,0.6312,3.1812,-0.6475,4.4568,1.0441,0.9977,1.5442,-0.8923,3.4186,-1.9934,-2.867,0.3263,0.0846,2.3552,1.6196,4.9313,2.9102,-1.1292,-0.0891,3.1142,1.4017,-0.8581,-2.9334,3.2733,0.8802,-1.8516,1.676,-0.2114,0.6102,0.3041,-0.7833,-2.0147,2.9902,3.4722,0.7792,-2.0858,-1.5451,1.2405,1.5079,0.7755,1.7691,-2.8826,3.8091,2.2723,3.5466,0.2706,0.1404,-0.7774,0.2788,2.5312,-0.3342,0.9396,2.0503,0.2081,-0.8367,-0.1837,-0.2964,0.8479,0.085,-3.0694,1.0447,0.3937,1.0745,6.2317,-1.1818,-1.251,-0.2046,-0.9917,-0.6639,3.3675,2.4725,0.1367
VENHQS1HSi1BM09VOmxpaGNfdGNnYV9wYW5fY2FuX2F0bGFzXzIwMTg,1.5733,-1.8295,2.1592,1.0993,4.4528,0.435,-2.191,-0.3118,1.979,3.1122,2.164,1.7707,2.1828,-0.4738,0.1076,3.733,-2.2083,0.1298,0.6634,2.3288,1.6699,-1.133,0.5852,4.4908,3.7066,0.8279,0.6701,1.2979,0.7115,-3.2036,-1.0897,-0.1567,-2.2579,2.3585,3.1327,2.6092,0.7101,2.2868,0.9305,3.2282,-1.2862,-0.6886,2.3269,2.4722,-2.2598,1.8758,2.9359,3.5119,-0.4448,0.8723,2.6273,3.1411,-1.0193,2.347,-0.9797,2.0856,0.9853,0.5751,3.8015,-1.6716,0.0114,3.5617,3.9826,0.4927,-0.0969,-1.9597,0.8252,-0.0044,1.3954,0.1143,2.1786,2.9639,1.8812,2.687,-1.2084,0.3759,-0.3308,0.0756,0.4365,3.3829,2.75,3.2863,5.7605,1.1689,-1.0244,0.9413,-0.1942,-0.5881,0.6294,-2.6476,1.246
VENHQS1HSi1BNkMwOmxpaGNfdGNnYV9wYW5fY2FuX2F0bGFzXzIwMTg,-3.0293,-1.099,-1.9581,-1.0103,2.567,0.9491,-1.8546,-1.8284,-0.3516,4.0274,2.4498,3.0601,2.7439,-1.3257,0.3871,-0.4724,-1.7973,-0.312,1.4666,0.9056,2.863,-0.0306,-0.3437,0.688,2.0342,2.7739,-0.3435,-1.2934,-2.4327,-1.1192,-1.0695,1.0834,2.4206,0.4104,5.263,2.9669,-1.7737,0.2862,2.74,1.3255,0.7372,-0.5469,2.7195,0.8907,-0.9252,2.9498,-0.7123,-1.8222,2.9217,1.5854,1.0321,1.468,-1.36,1.608,0.3618,7.474,0.713,2.6779,2.4465,-1.2635,0.1906,4.6209,3.0757,2.0652,-0.133,1.6217,0.1995,0.5445,0.7211,-0.3289,1.4927,1.3418,-0.8913,-0.6281,-1.3157,0.6611,0.5828,1.116,-2.0743,0.5314,2.2149,0.2791,3.3898,-1.6127,1.3362,-0.4539,-2.3301,1.4894,2.321,-1.7433,-1.0453
VENHQS1HSi1BOURCOmxpaGNfdGNnYV9wYW5fY2FuX2F0bGFzXzIwMTg,-1.2425,-0.1389,-0.9197,-1.8854,0.5818,0.0961,1.4072,-1.6438,0.2138,2.8534,2.7943,3.8957,2.546,-1.9362,1.1448,1.5593,-1.3707,-0.3502,0.0694,0.4817,2.7532,0.731,3.1481,1.3355,2.2403,0.341,1.0466,4.2515,0.8759,-2.9781,-0.9631,-0.5912,-2.6634,1.1219,4.3802,2.5782,1.0711,1.239,3.382,1.0589,1.6526,-0.8868,1.4018,2.504,-0.1914,2.9284,1.5082,2.0772,3.3779,1.7635,-0.4494,0.0522,4.4745,3.1383,-0.6752,3.4619,3.651,2.3511,2.0171,0.2842,1.163,4.5886,1.7073,-0.267,0.1964,2.2038,-0.1487,0.2838,-0.0595,-0.2408,2.9593,1.1059,-0.7409,2.6184,0.5279,1.8075,-0.4065,-0.115,-3.0485,-1.2599,3.9202,0.4343,2.1002,-0.9922,1.8477,0.3212,-1.3176,1.9258,1.7771,-1.4172,0.9437
VENHQS1IUC1BNU1aOmxpaGNfdGNnYV9wYW5fY2FuX2F0bGFzXzIwMTg,-0.096,-2.2815,0.6846,1.1167,1.6561,-0.5564,-1.7215,-1.3757,2.129,2.0083,1.6579,2.0287,1.098,-0.9027,0.2706,4.292,-0.5931,0.9205,1.6772,0.863,1.0188,-0.6339,0.253,3.8139,2.4394,1.5703,0.2651,2.74,0.9323,-2.5984,0.094,0.5524,-1.7134,1.3226,2.1515,0.4309,0.5949,0.3586,-0.428,2.1803,-0.5912,-0.5395,2.8518,0.9801,-0.8225,0.4325,2.7973,2.5987,0.003,1.4922,1.869,2.7875,-0.1197,2.5903,-0.123,2.1987,1.9096,-0.7481,1.5882,-1.8054,0.1312,0.5384,3.6439,0.6291,-1.0123,-1.7579,0.0228,0.0115,1.3582,-0.637,2.4921,0.3188,0.3346,2.7984,-2.318,1.0093,0.9344,1.0341,-1.8946,0.6093,1.3272,1.7878,6.979,0.0969,-1.1133,0.3836,-1.3551,-0.5106,0.5045,-1.42,0.2981
VENHQS1IUC1BNU4wOmxpaGNfdGNnYV9wYW5fY2FuX2F0bGFzXzIwMTg,1.2416,-1.4354,0.0538,-2.1805,-0.1537,0.096,-1.2401,-1.2538,1.7462,0.0691,1.026,1.3222,-0.0742,-0.8963,-0.0421,3.1108,0.2056,1.0881,-0.339,0.6654,1.1801,-0.4245,-0.6175,1.8996,0.3892,0.5277,-0.3699,2.0224,-0.9302,-2.5744,-0.1469,-1.097,-0.0442,0.816,0.9649,-0.8061,-1.5811,0.2013,1.4161,0.9845,0.4029,-1.7518,1.1391,-0.3414,-0.878,0.7482,1.8644,1.6626,1.7634,-0.2016,-1.3913,1.2224,5.0542,1.8188,-1.3695,4.5294,2.0676,-0.3483,-1.0791,-0.7555,1.044,-0.3449,-0.4932,2.7014,0.2438,-3.7349,0.6293,-1.5245,3.0253,-1.3935,-2.425,-0.5008,0.0993,1.5429,-1.2193,0.1278,-0.3311,1.8446,-1.3108,-0.2674,-0.0363,2.1442,1.4471,1.1353,-1.4355,-0.513,-1.7658,0.5682,-0.0348,-3.1158,-0.2839
VENHQS1LNy1BNVJGOmxpaGNfdGNnYV9wYW5fY2FuX2F0bGFzXzIwMTg,0.9204,0.4311,0.615,0.7967,1.2961,2.2516,-1.6499,0.5304,1.1767,1.7282,1.5317,2.0339,0.4862,0.5052,-0.1898,0.5541,0.5386,0.5911,-0.2015,1.1576,1.006,0.045,1.1865,0.5493,0.9693,-0.3213,1.6521,0.2458,-0.5743,-0.8183,0.3978,0.6131,-0.3294,1.4162,0.3059,0.3296,0.0319,1.0816,0.1829,1.0194,-0.8633,0.7668,0.8873,1.0403,0.1056,0.7716,1.8978,1.7603,0.7916,1.0961,-0.2989,0.6029,1.8575,0.7347,-0.4217,1.969,0.9846,0.0062,0.6053,-0.8423,0.7492,0.2259,1.6367,0.4319,0.3434,0.7088,0.9001,0.2144,0.9821,0.7726,0.3651,-0.2836,0.6122,1.7931,-0.0594,-0.6425,-0.942,-0.6677,-0.3889,0.5197,0.4399,1.3914,0.273,0.1092,0.1482,0.5564,-0.9276,0.1821,0.8668,0.1196,0.8052
VENHQS1LNy1BNVJHOmxpaGNfdGNnYV9wYW5fY2FuX2F0bGFzXzIwMTg,-1.4212,0.5144,3.2338,0.8202,1.6789,-0.5555,0.8454,-0.3379,1.3712,5.0506,2.3424,1.4,2.5143,-0.7544,1.3067,2.2161,-2.1294,-0.3033,-0.3524,2.511,3.3531,0.8322,4.2552,0.0498,0.202,-0.4351,0.2568,3.1522,-0.0674,-5.1729,-0.8751,-1.5314,-1.7786,2.5648,5.8311,3.8743,0.5412,1.0279,3.6683,1.8268,0.9104,-1.8542,1.8322,-0.2658,-4.5854,3.2504,0.416,2.2652,2.9462,0.3348,1.5136,1.4136,-1.0491,0.562,-1.1451,0.0712,1.0702,2.1194,2.6808,-0.4351,-1.667,4.0562,0.821,2.3012,1.6199,-0.4865,-1.0649,0.2094,1.6261,-1.346,1.5121,1.1029,1.45,1.2102,-0.2679,1.8781,1.669,-0.1932,-1.1145,2.2625,2.8574,1.2026,7.6213,2.5352,2.2937,1.7387,1.0747,1.1273,3.086,-4.7017,0.7125
VENHQS1LNy1BNkc1OmxpaGNfdGNnYV9wYW5fY2FuX2F0bGFzXzIwMTg,-1.7468,-1.1743,-1.1402,1.5218,-0.6538,-0.3037,-2.7937,-2.3935,-0.9813,2.7308,-1.4045,0.6567,0.3431,-1.3627,0.0359,0.1845,-1.2192,0.2979,0.706,-2.1437,0.9415,-0.6782,-1.4906,0.3538,0.1698,1.6702,1.2181,0.8329,-0.5293,-4.0666,0.8975,1.0755,-0.0894,0.6596,2.1388,0.4896,-1.3164,0.4589,1.2985,-0.4037,-2.0108,0.0616,2.1123,2.3516,0.3889,1.2538,0.4923,0.0844,1.0182,1.7365,2.4224,0.4853,-2.1203,2.3206,-0.0499,3.3061,0.4058,-1.1046,1.0401,-1.2507,-0.6709,0.8464,-0.4859,-0.7208,0.1134,-2.3334,-0.2355,-0.6716,3.0774,-1.9455,1.8412,0.9956,0.4934,-2.1829,-1.8188,-1.1998,-0.0414,-0.7248,-2.7588,-0.1979,0.6363,-0.1846,3.7818,-0.6813,-2.2049,-2.0939,-2.0582,-1.728,-0.2798,-1.138,0.357
VENHQS1LNy1BQVU3OmxpaGNfdGNnYV9wYW5fY2FuX2F0bGFzXzIwMTg,1.4424,-0.0043,-0.1615,1.1719,3.0428,0.0166,-1.306,0.4506,0.4428,3.7471,1.5037,2.353,3.9751,1.547,1.1093,0.5045,-0.6867,0.123,-0.4608,0.5041,2.5248,1.9567,2.8128,4.656,1.9167,0.3711,0.922,2.6949,1.7612,-5.2808,-1.1921,1.3295,-0.5114,1.7849,5.212,3.5301,1.1626,1.9702,1.8067,1.4083,-0.3001,-0.3037,4.8967,4.8472,-2.5225,0.7394,2.4688,2.9353,1.7571,0.4516,2.1672,2.4459,3.2566,2.204,-0.9415,3.2799,2.1714,1.3227,-0.5272,-1.3874,1.9675,4.7197,0.7115,1.7377,0.1108,-0.2283,1.4473,0.4501,2.2144,-0.5645,1.2969,0.5647,3.2089,3.2154,0.7167,0.6628,1.4702,-0.9406,-1.409,-0.2408,2.6311,4.1619,7.1265,1.0798,1.6234,3.4133,-0.6726,1.7313,1.8862,-1.465,-0.0048
VENHQS1LUi1BN0s3OmxpaGNfdGNnYV9wYW5fY2FuX2F0bGFzXzIwMTg,-6.9119,-4.6959,0.6871,1.824,0.4796,-1.7387,-6.0319,-1.3876,-2.6032,5.2254,-0.1081,0.9513,4.2807,1.8076,-1.7408,-3.5021,-3.0688,-1.6502,2.7749,-1.5857,3.8544,-1.2666,0.4312,-1.6996,-0.2953,5.3507,0.3231,-1.6717,-3.6087,-4.1476,-0.9297,-2.205,-1.0261,1.7454,4.9134,2.3389,-0.7078,-0.4609,3.8873,-0.417,-2.8051,-0.9727,3.2716,2.3072,3.174,4.4,-3.1745,-3.4982,0.767,-0.1686,-0.416,2.2149,1.8576,1.9252,-0.0173,0.5494,2.0236,-2.9428,1.4228,-0.2858,-2.2152,4.385,4.0714,0.0803,-1.2792,-1.2816,-1.4757,-1.5415,2.7761,-0.2734,-1.3676,3.5992,1.4879,-4.0813,-2.8972,-1.4882,2.5678,-0.842,-5.1233,-0.8342,0.0796,-0.9204,4.7418,1.6111,-2.0621,0.2821,-1.1959,-2.7793,2.2995,0.8987,0.9088
VENHQS1LUi1BN0s4OmxpaGNfdGNnYV9wYW5fY2FuX2F0bGFzXzIwMTg,-2.8684,-5.7514,0.7687,0.2948,0.4355,-2.3378,-0.9294,0.0297,0.3612,4.3273,-0.0041,-0.9928,0.8674,1.3558,-0.9937,-0.7002,-1.7978,-0.2889,-0.3192,1.2182,3.8078,-0.406,-0.1898,1.3854,-0.5341,0.5379,-0.4789,2.004,-0.2918,-0.9659,0.2506,-0.0969,-1.4912,2.6468,3.3108,2.9856,-1.6882,0.9519,2.5474,1.5891,-1.0702,-0.1345,2.9837,0.9222,-1.5619,2.8616,-0.6129,0.8009,3.2352,2.6883,-0.1515,-0.1343,2.4085,2.3,-0.9804,3.4598,1.2934,4.6911,2.1995,-0.3777,-0.2227,3.6911,1.3403,4.2035,-2.9662,-0.543,0.8765,-0.3979,1.8597,-0.0375,-2.2619,1.5614,-0.5217,-1.9776,-1.4685,-1.2872,3.0575,-1.2365,-2.9483,0.4602,0.3088,1.9489,3.947,-0.6127,0.6744,-2.5921,-1.7478,0.6763,-0.2069,-4.1846,-0.1825
VENHQS1LUi1BN0swOmxpaGNfdGNnYV9wYW5fY2FuX2F0bGFzXzIwMTg,-2.1403,-2.3979,-1.4468,1.4854,0.166,2.1185,-2.7085,-1.6132,0.0269,2.011,-0.6766,-1.1901,3.477,4.9781,-0.7453,1.3641,-0.3527,-0.5701,0.9053,-1.9614,1.0813,0.2943,2.7096,0.1587,-0.6508,1.122,0.8707,2.0298,0.189,-1.6461,0.8776,-0.0373,2.069,-0.2485,2.8669,1.5663,0.9008,-0.3944,0.1386,0.5323,-0.7551,0.0128,3.9677,0.9606,-0.3826,0.62,0.635,1.4153,-0.3304,0.9173,-2.2266,3.8882,-0.0737,1.5645,0.2164,-1.771,2.8391,1.578,-1.0094,-0.8334,-0.5028,3.8781,0.6016,-0.4285,-0.7091,1.5834,0.0371,-1.049,2.3921,-1.0594,1.0738,2.3104,0.7906,-1.1985,-0.4439,0.3572,0.9145,-0.5807,-0.1188,-1.8105,1.4231,0.5598,9.1439,-0.874,1.063,1.0767,-0.7974,-1.2435,-0.0475,4.7458,-0.6439
VENHQS1LUi1BN0syOmxpaGNfdGNnYV9wYW5fY2FuX2F0bGFzXzIwMTg,-2.9594,-2.1733,-1.2061,0.5975,0.3189,-1.137,-3.0398,-1.7669,-0.5006,3.5958,0.1201,1.196,4.6385,-0.1558,-0.9926,1.2496,-2.7972,-0.4101,3.0388,0.2184,2.3255,-0.4869,1.0728,1.9514,-0.8292,1.8983,0.1043,1.8062,-3.4991,-2.8933,-0.8121,-0.7497,-5.0053,1.4599,3.0112,2.7158,-1.7639,-0.8754,1.8843,0.1777,-2.2404,-1.1667,0.5048,3.1245,-1.4296,0.3331,1.4029,1.0514,1.2745,0.2188,-0.5323,0.5413,3.3812,4.1682,-1.4583,5.0042,3.7256,-0.7667,1.0039,0.4039,1.8158,-0.1675,0.835,0.5748,-1.2803,-4.7081,0.6169,-2.1648,1.3075,-0.7241,-0.4534,0.1649,0.8765,-0.6006,-1.4808,-0.9439,0.6255,0.5324,2.6089,-2.9389,2.2458,0.8195,-2.2642,1.2228,-0.8568,-0.0087,-0.7167,0.6574,0.659,-3.3583,0.4256
VENHQS1MRy1BNkdHOmxpaGNfdGNnYV9wYW5fY2FuX2F0bGFzXzIwMTg,-6.055,-0.2754,-0.3596,0.6301,-1.3616,1.5321,0.7958,-1.4996,-1.2904,2.2315,2.4222,0.1498,2.0604,-6.4707,1.5889,0.6867,-3.4606,-1.8145,2.4347,-0.7181,1.1443,-0.4579,-0.1247,-1.4643,1.6524,1.5546,1.1102,1.1108,-0.7284,-2.7658,0.297,0.8352,-2.8049,0.6205,3.2018,1.3435,0.3239,-1.3569,2.3241,-1.0384,0.8586,-0.1232,3.5546,-0.6451,-2.2445,2.0895,-1.0092,-4.2159,3.3166,0.7061,0.7414,1.6019,1.267,1.2735,-1.4202,0.9417,2.3639,3.6061,-0.7993,-1.5739,-1.149,4.3267,0.0372,-1.2532,3.7382,0.8451,-0.5054,-1.0087,-1.0341,0.2186,0.5711,1.3356,0.5533,-2.8547,1.4217,1.9811,1.6896,0.2893,-3.642,-2.5128,1.2956,0.001,3.8443,-2.0578,2.0988,1.0826,-0.6193,0.1206,1.6034,-1.8123,-1.2229
VENHQS1MRy1BOVFDOmxpaGNfdGNnYV9wYW5fY2FuX2F0bGFzXzIwMTg,-3.7936,-0.0738,-2.9184,0.357,-0.4821,0.3962,-6.2502,-2.0814,-0.6828,1.7104,-1.5732,0.0696,4.5665,-5.2739,0.0218,0.9006,-1.8478,-0.4405,-0.6555,-0.606,2.5264,0.1272,-0.7935,1.0507,-3.1409,-3.9757,1.884,3.0574,-1.0371,-2.8217,-1.5376,-0.6558,1.9195,2.8016,2.1251,2.0611,0.9309,-0.6185,1.7537,-1.3427,-0.4129,0.9683,3.7254,1.329,-0.7096,0.6457,-0.7952,-1.1519,3.1189,1.4446,-1.7546,-1.8373,2.0205,0.8722,0.0479,-4.8167,2.0316,3.5228,-2.7862,2.3988,1.8829,-2.0471,-2.6278,-1.0133,0.8452,1.4905,3.4316,-0.4006,0.6939,-1.9739,-11.8689,2.5558,0.9983,-2.6892,0.109,1.5112,-0.7172,0.6076,-3.4978,-3.5306,-1.2464,0.0699,4.215,-1.8191,1.6325,0.4132,-0.2019,0.1705,0.4494,5.5093,0.9659
VENHQS1MRy1BOVFEOmxpaGNfdGNnYV9wYW5fY2FuX2F0bGFzXzIwMTg,-2.9456,-0.8738,-0.4114,1.1007,-0.2144,0.0744,-0.6683,-3.1644,-1.1361,-0.6775,-0.6856,2.7607,1.5816,0.3999,-1.2358,-0.48,-0.0301,0.1931,1.511,0.8188,0.3167,-1.3036,-0.1261,-1.0101,-1.3872,1.8859,-0.0864,0.6092,-1.6601,-3.4261,1.1583,0.1912,-2.67,-0.9885,-0.0278,0.983,-1.196,0.4909,0.1813,0.1665,-0.4388,-1.0971,0.5535,1.3937,2.0426,0.621,-1.0191,-1.0998,0.0638,0.4325,1.1864,1.3779,-0.7953,1.8798,0.8281,-0.4905,0.6608,-0.46,-0.5568,0.4754,-1.28,-0.3473,-0.4389,1.0476,-0.8044,-4.734,-1.6566,-1.7878,1.7459,-0.695,1.2543,-0.1464,0.2299,-3.169,-0.7352,-1.9283,0.3176,0.9783,-2.3629,-2.077,1.4666,-0.2593,-0.4117,-1.3428,0.7512,0.8673,-1.6636,0.4094,0.0623,-1.4453,1.4321
VENHQS1NSS1BNzVDOmxpaGNfdGNnYV9wYW5fY2FuX2F0bGFzXzIwMTg,4.2984,-2.3144,-1.2176,1.6216,1.4615,1.2751,-3.848,-2.8871,-2.0945,2.6468,-1.9399,0.0457,2.9845,0.1859,-0.9062,-3.88,-2.6493,-1.2659,2.1323,0.1578,-0.1599,0.393,0.8436,-4.3711,-2.474,2.8652,0.283,-1.0665,0.8399,-6.3181,-1.5669,0.6395,-2.7199,0.4031,4.0325,1.5159,-5.5192,0.9688,2.1455,-0.664,-2.4016,0.7037,3.6878,1.1241,2.6504,2.8629,-5.2476,-2.415,2.8719,0.8668,0.4795,1.5785,-0.4065,2.0545,0.135,0.7629,1.575,0.3304,-0.7276,-1.746,-2.8517,3.1325,-1.4761,0.6336,-1.8398,-2.3254,2.3442,-1.9884,2.7277,-0.7751,1.2964,1.787,1.7145,-4.0939,-2.3195,-0.8044,2.4323,-0.204,-1.9216,-2.0103,1.223,-1.3169,9.618,-3.3642,-0.4752,0.2479,-1.5921,-1.1523,-0.4219,0.5689,0.9599
VENHQS1NSS1BNzVFOmxpaGNfdGNnYV9wYW5fY2FuX2F0bGFzXzIwMTg,0.1944,0.1594,0.3008,0.1481,0.3982,-0.6085,-2.6138,-2.1535,1.3328,2.616,0.2553,-0.2074,1.9773,0.5454,-0.2492,1.2385,-1.8713,-0.7612,1.4738,1.6541,1.6416,-1.2716,0.5244,2.2414,-0.5955,1.4723,0.5914,1.1111,-0.0474,-2.9815,-0.9897,1.4085,-2.7345,0.5934,2.6625,1.3747,-1.7018,0.3432,0.4808,0.3904,-1.983,-1.4119,2.6515,1.2775,-0.3634,1.4129,1.8439,2.4184,1.3059,0.9538,0.0642,1.5482,-0.0953,2.0347,-0.0278,3.3531,0.963,0.1911,-0.2334,-0.0567,0.4216,1.643,2.4396,1.0612,0.3103,-2.1503,0.8732,-1.4661,1.8827,-0.1207,0.9066,0.3936,0.5826,1.0782,-1.0453,-0.168,2.1624,-0.1154,-3.8779,-0.7613,1.357,2.6644,5.7601,-0.3634,-0.1405,-0.8314,-1.679,-1.2384,0.8399,-1.8732,-0.5042
VENHQS1NSS1BNzVHOmxpaGNfdGNnYV9wYW5fY2FuX2F0bGFzXzIwMTg,-6.1476,-1.4157,-3.3543,0.931,-1.5308,1.9594,1.2911,-2.1912,-1.9844,1.8329,-1.4297,-2.2284,3.3108,1.4633,-0.3264,0.1617,-2.1525,-1.5747,2.5251,0.9706,1.8379,-0.7058,-1.1835,-1.8469,-1.1515,1.7958,1.5287,-0.7629,-0.1717,-3.2583,-2.1961,-1.1839,0.6307,0.5004,1.5398,0.9739,-0.7973,2.1407,1.2012,-1.9057,0.1848,-0.5955,1.1695,1.2028,-1.3877,1.2886,-2.6433,-3.2815,1.4226,1.2571,0.4546,1.2218,0.8994,2.3316,-1.2066,0.3002,1.8924,0.745,-1.7173,-0.6381,-0.3071,3.3458,-2.3542,-1.4863,-0.2486,-1.6718,-2.0219,-1.1522,0.685,-1.3109,0.8507,1.4827,0.7129,-2.2346,-0.5286,0.8774,2.0952,-0.8393,-4.6221,-2.8941,-0.3082,-0.3776,1.0113,-2.0101,0.4276,0.2049,-1.5807,-1.3444,1.347,0.6169,-0.3734
VENHQS1NSS1BNzVIOmxpaGNfdGNnYV9wYW5fY2FuX2F0bGFzXzIwMTg,-4.971,-1.7304,-0.2081,-1.2623,-0.8252,-1.3922,-3.7711,-1.4469,0.9021,2.9271,-0.3416,-0.6529,2.4414,1.2756,-0.4796,2.2167,-1.0604,0.035,1.6537,-0.6999,1.6986,-1.2528,0.6179,-0.4666,-2.5659,1.0241,0.3127,0.2725,-1.3202,-1.0114,-1.4357,-0.517,-0.1893,0.1541,0.5189,2.2981,-1.7913,0.374,1.4207,0.3333,0.6072,-2.2043,1.8965,4.5643,0.5883,2.9946,-1.2261,-1.8392,-0.0031,-1.1779,-2.0209,3.0791,4.8852,-0.663,-2.0807,-5.5501,1.7114,-0.1165,-0.0249,3.6512,-1.1209,2.8446,0.973,2.4569,-0.6237,-0.6845,-1.3297,-2.4885,0.453,-1.672,0.876,1.1369,-1.3977,-2.059,-0.2457,1.1526,2.5674,-0.2455,-3.6094,0.1732,-0.4872,0.8889,4.9377,1.8139,-0.9278,0.3174,-1.6975,1.2153,0.4895,3.5327,0.1693
VENHQS1NSS1BNzVJOmxpaGNfdGNnYV9wYW5fY2FuX2F0bGFzXzIwMTg,-6.5291,0.8804,-0.0766,-0.6846,0.1948,3.4561,-0.7045,0.0611,-1.3503,3.3905,-1.1126,4.307,1.4504,-1.7124,-0.0192,-1.1258,-1.8902,-0.2714,1.0263,0.8361,2.3382,-0.3933,0.7241,-2.1293,2.4426,1.8341,0.078,0.8014,-2.8243,-3.1612,-1.1258,0.0042,-2.1474,2.003,4.7564,0.9474,-5.5192,1.9555,3.1432,-1.0038,0.9931,-1.5438,3.1722,3.1098,-2.6526,0.6263,-1.802,-2.879,3.5984,1.7046,2.824,0.139,3.4076,-2.0276,-2.2405,1.1095,2.7152,1.9758,1.3747,2.2624,1.5098,5.449,0.7417,-0.4975,0.5938,-2.0577,-2.5143,-0.2656,0.6415,-1.8802,1.8738,0.5118,1.2393,2.1506,-0.1508,1.9844,1.4726,-0.0637,-7.3819,-1.4267,3.8896,0.0172,5.1485,-0.9796,0.4528,0.0951,-2.3549,1.0226,2.4563,-1.9658,-1.2046
VENHQS1NUi1BNTIwOmxpaGNfdGNnYV9wYW5fY2FuX2F0bGFzXzIwMTg,-3.2416,2.2233,-1.5852,1.0233,-2.2101,-0.7904,-1.4189,-0.9653,-1.1495,-0.0675,-0.7438,1.6447,-1.2782,0.787,0.3323,-0.1845,-3.1549,-1.3136,0.0214,0.4299,0.6036,0.0272,0.2705,-1.4496,3.2933,-0.6271,0.8613,1.2637,-2.5902,-1.7756,-0.4706,1.2825,-1.4668,-1.1307,1.3122,-0.0052,-2.2228,1.0795,0.0003,-0.7225,-0.0091,-2.8388,-0.6071,0.6274,-0.3255,0.5472,-1.2174,-2.5749,3.0377,1.9785,-1.578,0.4637,-0.5498,0.5739,-0.413,0.0167,0.3826,0.9559,-1.3831,0.8451,-3.0965,-1.0649,-2.3336,1.0629,0.1733,-0.1564,-1.2228,-0.4718,-1.2171,-3.5677,0.6766,-1.8128,-0.4226,-0.2938,0.9042,-1.1678,-1.7948,0.4155,-6.2038,-1.2168,1.3218,-1.3529,-0.4561,-1.3498,0.051,-0.3972,-2.0059,-0.4792,-0.5865,-2.5674,1.9553
VENHQS1NUi1BOEpPOmxpaGNfdGNnYV9wYW5fY2FuX2F0bGFzXzIwMTg,0.8144,-3.5862,1.0747,2.7237,1.1563,-2.2053,-3.6459,-0.3076,3.9025,2.7423,2.2528,1.9836,2.3871,0.9946,-0.3807,3.9515,-0.1876,0.6651,1.5168,1.8782,0.8741,0.1507,0.655,5.8643,4.2429,2.6073,0.0739,4.2296,1.0479,-2.1765,-0.4402,2.4182,-4.4549,1.2785,2.7602,2.3069,0.6938,1.9576,0.1228,3.0331,-1.5599,-0.9188,2.1626,1.7452,-0.4271,0.3823,2.6057,5.2978,-1.3982,0.1985,0.8285,2.3952,2.0778,3.518,-0.3903,4.7442,1.9282,0.3664,1.226,0.329,2.9845,0.8564,1.2288,0.3476,0.6778,-0.3619,0.7572,0.3244,1.8388,-0.2351,-0.6894,1.025,2.411,2.3122,-1.1117,0.7991,6.5198,-0.3729,-0.6683,0.1405,0.278,3.4424,1.966,2.7619,-0.8151,1.8678,-0.4512,1.7651,0.4784,-3.4821,1.5802
VENHQS1OSS1BNFUyOmxpaGNfdGNnYV9wYW5fY2FuX2F0bGFzXzIwMTg,-2.6641,2.6391,-1.7435,0.742,0.4309,-3.031,0.0027,-2.1435,0.3106,0.0846,1.148,1.1641,1.199,1.105,-1.2813,1.7085,-1.9679,-0.1314,0.3696,1.1845,0.9409,-1.5014,-0.8207,1.7355,-1.1321,0.1986,1.2254,1.5861,0.976,-1.9575,-0.0509,1.0029,0.1456,-1.8932,1.9793,1.2758,-0.1094,-0.7009,-1.2295,0.0615,0.1793,-2.0062,0.4986,-0.0298,-1.5176,-0.8502,-1.0028,-1.8551,3.8351,2.9476,-0.8014,1.4724,-1.9732,0.9257,-1.5789,1.173,1.55,1.0452,0.0008,-2.3433,-1.5881,-2.3515,-2.4124,4.2548,-0.1674,0.7568,-2.6345,-1.0753,-1.6019,-2.8796,-0.4104,-0.6433,1.133,-1.1805,-0.5123,-0.1931,0.0954,-0.0757,-4.6339,-0.7731,-1.6714,0.7215,1.4755,0.5105,0.0509,-0.5355,-2.0061,0.2913,-1.3732,-6.9698,-1.7003
VENHQS1OSS1BOExGOmxpaGNfdGNnYV9wYW5fY2FuX2F0bGFzXzIwMTg,-1.1635,-1.5572,-2.0208,0.2064,0.8817,-1.4987,1.3054,0.2573,0.6605,1.277,1.2345,2.3781,3.0012,3.7275,-0.4583,0.8138,-0.8647,0.031,-0.8386,-0.3269,0.2832,-0.322,1.8493,1.6423,-1.2046,0.4717,1.3548,3.4552,2.5334,-1.9378,-0.8402,-3.723,1.1128,0.6072,1.7295,1.5701,-1.0218,-0.0327,0.5589,0.1562,1.3448,-0.3957,2.7676,0.5288,-0.0155,-0.807,1.2823,0.3826,1.4108,1.5633,-2.4163,2.2422,2.095,2.9655,-0.7026,0.3917,3.2673,1.4443,1.176,0.446,-2.6137,3.5798,2.2903,0.2261,-0.5541,2.1559,-0.3927,-0.0319,1.366,-1.8218,1.461,0.7735,-0.5947,-0.0324,-0.2427,1.2228,1.5076,0.9853,-3.7096,-3.5401,-3.5318,1.5007,2.7515,-0.3629,0.413,-2.8659,-1.7526,-0.2551,1.5865,2.3743,-0.5509
VENHQS1POC1BNzVWOmxpaGNfdGNnYV9wYW5fY2FuX2F0bGFzXzIwMTg,-0.6616,-1.7009,-0.3963,1.495,0.434,0.1238,-3.6339,-1.126,0.689,2.8082,-0.3443,1.5761,2.0155,-1.2425,-0.4157,0.254,-2.6117,-0.8856,0.8513,-0.8024,2.1913,-0.1533,1.6789,1.5327,2.0231,3.4076,1.0577,2.4232,-1.0446,-4.5492,-0.5562,0.6857,-1.0552,1.9153,3.2164,0.8801,-2.6577,0.4489,2.2435,1.0667,-2.0956,-1.3746,3.1017,1.7425,-1.1409,2.3976,1.5514,0.4907,-0.0024,1.7445,1.0267,0.9037,1.9569,2.8734,-0.5149,0.4619,1.8563,-0.7924,0.4533,1.8712,-1.2899,3.328,1.9725,-0.3549,-0.2293,-2.4001,-0.5956,-2.6385,2.2383,-1.2762,2.3002,1.8227,0.1596,0.3826,-0.9521,-0.3292,0.9638,0.0215,-3.5588,0.1299,-0.0361,1.4983,4.1404,0.5373,-1.0536,-1.7629,-1.5338,-0.5656,0.7737,0.2531,-0.8098
VENHQS1QRC1BNURGOmxpaGNfdGNnYV9wYW5fY2FuX2F0bGFzXzIwMTg,0.1854,-1.8044,-0.4468,1.8512,1.7087,-0.8992,-0.6554,-3.008,0.616,3.6248,0.5194,2.1023,1.8439,-1.3643,-0.1389,1.7068,-2.4752,0.2924,0.3335,0.5527,2.8956,0.1545,2.6728,4.3132,0.1038,0.3289,0.3909,1.5445,-0.527,-0.8482,0.7391,0.4682,-3.4475,-0.5609,5.2662,2.7465,1.5056,-0.0551,3.2756,0.6754,-0.6923,-0.9661,0.6137,2.1125,-2.4404,2.6657,1.6498,2.2249,1.129,2.4333,0.8211,1.8601,1.2768,1.7235,-1.3017,3.2363,0.8662,0.6983,2.0749,-2.1316,-0.616,0.8147,2.4217,1.1232,-0.7257,-2.0816,-0.4261,-0.7143,0.9679,-0.9839,0.3911,1.2087,1.1906,2.2173,-1.5431,0.2345,0.508,-0.5929,-3.1836,-0.4277,3.4147,2.2558,2.3147,-0.8597,-2.7623,0.2968,-1.8079,1.4438,-0.3457,-2.1397,-0.3069
VENHQS1RQS1BN0I3OmxpaGNfdGNnYV9wYW5fY2FuX2F0bGFzXzIwMTg,-4.8096,-0.0209,0.4473,1.5894,-0.1598,2.4897,1.7413,-0.7382,-0.6894,6.1901,0.8992,2.594,2.91,-7.3996,0.8675,-0.9221,-4.1537,-1.3587,1.5221,4.1809,5.5685,0.2187,2.6707,-0.0312,-3.1679,0.0359,-1.4235,2.6182,0.2111,-3.6239,0.1527,1.0093,-2.8444,0.8345,7.6303,5.6508,-0.636,1.7964,5.7875,-2.3801,-0.1966,-3.6053,0.933,1.4938,-5.318,4.0233,-2.1321,-4.5983,-0.0756,-1.3469,-2.1314,-0.2559,3.0961,-1.4862,-3.3945,-0.8523,3.9636,3.3742,2.1783,-0.6301,-2.7873,8.6437,1.6579,5.274,1.0402,1.2223,-1.1713,-0.5157,-1.0418,0.2358,0.542,-0.0394,-0.8242,-1.3734,-2.6199,2.75,1.479,1.4718,-6.2208,-2.6834,1.6457,0.2491,0.9192,-2.097,2.6759,0.2303,-0.7937,0.1251,2.4336,-3.5073,-0.11
VENHQS1SQy1BN1M5OmxpaGNfdGNnYV9wYW5fY2FuX2F0bGFzXzIwMTg,-7.9788,-2.5337,-1.739,2.0065,-0.2823,-1.4023,-4.5407,-1.7788,-0.1492,6.3315,2.6347,-3.7035,3.2603,-5.2263,-0.7427,-0.3551,-3.7566,-0.9694,4.8843,3.4316,5.2404,-0.7169,1.7237,-3.8662,-3.1393,0.8186,-1.9168,1.9697,-2.3586,-3.6092,-0.6941,2.2552,-1.159,0.8298,5.245,3.8636,-3.375,-0.6419,4.0544,-0.536,-0.1224,-1.9025,0.056,4.583,0.0776,3.7867,-2.6262,-2.8741,-1.4648,-1.348,-1.2169,-0.1962,5.6409,-1.6787,-1.0697,4.8644,2.6801,-0.853,-0.6377,-0.0467,0.9794,1.5145,2.5544,0.0883,0.0146,-6.1461,-0.4116,-1.7947,2.2303,-0.5346,-1.7404,3.0361,3.8562,-4.8754,-1.0737,-0.5752,2.381,-1.2464,-0.9607,-0.744,0.0365,-1.2259,-2.348,-1.7641,-0.6352,-0.4442,-0.9314,0.517,0.3263,-3.703,1.2762
VENHQS1SQy1BN1NCOmxpaGNfdGNnYV9wYW5fY2FuX2F0bGFzXzIwMTg,-4.4785,1.8519,-2.9644,-2.4363,0.3602,2.2807,-0.6336,-2.1285,0.0207,3.2835,2.1015,3.6264,2.9329,2.2899,0.9778,0.0986,-1.8408,0.1047,1.3641,4.4532,2.881,0.1608,1.421,-0.9488,-1.794,1.5734,1.3131,1.5731,-0.1654,-0.7803,0.5948,-0.9442,-0.2428,0.2519,3.7387,1.5458,-0.4721,0.4693,2.6383,-0.0214,1.7853,-0.6514,0.4787,4.5994,-0.9464,2.3963,-1.3809,-2.36,4.2276,0.9693,-1.3664,-0.916,1.5972,0.7551,-1.0307,1.2544,1.4688,4.8952,2.8078,1.4451,1.1654,3.8939,2.037,-0.2104,0.2398,1.1757,-3.4076,-1.2703,0.6948,-1.9166,1.0571,0.5555,-0.8837,-0.1719,0.5024,0.5142,2.1783,-0.4518,-4.9164,-1.4575,2.4331,-0.7838,1.3662,-1.6304,1.4603,0.793,-1.0618,1.0459,0.559,-0.5112,-1.3688
VENHQS1SQy1BN1NGOmxpaGNfdGNnYV9wYW5fY2FuX2F0bGFzXzIwMTg,-4.9589,-6.4349,-1.3064,0.6691,-1.9278,-0.2855,-0.6491,-2.8233,-1.2171,3.341,-1.6316,2.34,4.4449,0.2663,-1.1635,-0.5838,-2.174,0.4744,-0.1557,-0.2095,2.8158,0.0155,0.0531,0.965,1.4149,1.3589,0.2563,2.8832,-0.658,-3.2189,-1.6998,0.5508,-0.9907,1.5855,2.7558,1.6487,-3.065,0.1878,4.4749,-0.1899,-0.5732,-0.7899,0.9956,1.1722,-0.5584,2.9734,-1.0573,-1.8496,-0.6065,0.5392,3.0443,1.2248,0.1601,1.238,-1.2297,2.1828,2.561,8.6972,1.5338,0.1103,0.3429,5.236,3.6116,1.7543,0.4264,-1.0485,-1.7535,-1.9929,1.6548,-0.1538,2.6167,-0.3454,-2.0355,-2.2061,-0.7479,1.3632,2.2077,-1.5489,-3.0988,-1.8443,0.4541,0.2366,5.1145,-1.0028,-0.6088,-0.2436,-1.0458,-0.4944,1.3882,-0.7991,-0.1518
VENHQS1SQy1BN1NIOmxpaGNfdGNnYV9wYW5fY2FuX2F0bGFzXzIwMTg,-5.3485,-3.9158,-0.0102,3.4055,-1.5055,-0.8878,-0.4027,-0.957,-1.0734,4.6512,-1.1191,-1.1823,7.7691,-2.7632,-1.2204,-1.1637,-4.1835,-0.8187,1.7683,-1.592,3.4477,1.0886,-0.745,0.489,-2.687,1.9875,2.5064,-0.0162,-4.6826,-4.5408,-0.1722,-4.1717,-5.4929,2.0398,4.6308,3.578,-1.7845,1.0276,4.3278,-0.7893,-1.372,-0.2791,1.1742,4.9623,-1.4161,2.4147,0.5843,0.6193,0.4583,0.2668,-0.5928,-1.2099,2.3328,3.5515,-0.7354,6.1938,3.374,1.2832,-0.4338,1.3896,-0.1417,6.7978,1.5028,2.6251,-3.1954,-1.5601,1.4548,-2.2569,0.2776,0.0691,1.9775,-2.6141,1.0638,-4.1313,-2.1849,0.6784,-1.7008,-0.6166,-0.1743,-4.5051,-0.2865,-0.2395,-1.024,-2.6572,-1.0386,-4.3905,0.3055,0.4262,2.3538,-0.2143,0.2722
VENHQS1SQy1BN1NLOmxpaGNfdGNnYV9wYW5fY2FuX2F0bGFzXzIwMTg,-2.8367,-0.1192,-3.7336,-3.6679,-1.6352,1.182,0.3297,-1.7827,-0.26,2.1707,0.8119,1.7691,1.5846,-0.8039,-1.0148,0.0076,-3.0825,-1.4968,0.7605,-1.4661,2.1831,0.6428,0.4398,-1.1138,-0.2846,0.7804,1.1049,4.3473,0.1877,-4.9086,-1.5161,-1.0301,-1.6083,0.4239,1.3891,3.516,-2.2046,-0.6368,2.249,-1.9846,0.6079,-2.5192,2.1476,2.6035,-1.9437,3.2841,0.2151,-0.546,3.7286,1.4424,0.8429,-0.3184,2.0589,2.6907,-1.6019,0.723,3.8368,-0.4529,2.0742,0.5084,0.1992,3.1906,1.8124,-0.0476,1.029,-0.6812,-1.6874,-2.1246,-1.2518,-1.3134,2.1141,1.0705,-2.3304,-1.1673,0.4087,0.5019,-1.0962,-1.6666,-6.3802,-3.936,0.6726,-0.4749,4.741,-0.6339,0.6341,-1.0428,-0.6875,1.069,0.8713,-1.5618,-2.1607
VENHQS1SQy1BNk00OmxpaGNfdGNnYV9wYW5fY2FuX2F0bGFzXzIwMTg,-5.9455,-0.0988,-2.65,-0.9257,-1.3823,0.2095,-1.5235,-1.027,-2.2213,4.0689,-4.2776,2.7827,-0.7032,0.3189,0.1035,-2.7586,-1.4906,-2.6557,-1.0891,-1.0041,2.1302,-0.2182,-0.7633,-3.4655,-3.1063,0.3664,0.1774,1.714,-0.285,-0.9574,-1.6579,0.5583,2.531,0.9048,4.615,2.1475,-5.5192,-1.9589,2.8742,-1.4074,-0.8113,-1.3341,3.9866,0.2179,1.5119,2.9328,-3.226,-2.771,2.7944,2.3128,-1.6952,1.4079,1.9008,1.7864,-0.9866,-7.2479,1.7454,-0.1586,-0.9989,1.2872,-0.9838,3.1938,-0.5185,-1.9067,0.2509,0.0476,1.0248,-1.3988,2.513,-4.6646,-1.2676,0.3039,-0.3462,-4.2201,0.5363,0.2989,1.9271,1.577,-4.3868,-2.8113,-0.7604,-1.0186,3.093,-2.6193,0.8079,0.8217,-2.9402,0.8337,1.7692,4.732,-1.4136
VENHQS1SQy1BNk01OmxpaGNfdGNnYV9wYW5fY2FuX2F0bGFzXzIwMTg,0.3651,-2.3183,-1.0513,4.8706,-0.7395,-0.827,-2.8706,0.5214,3.1551,0.7559,2.7392,1.4255,1.866,-0.274,-0.0193,4.1073,-0.7987,0.9799,2.3214,1.2793,0.9164,0.0278,0.3055,5.5058,3.1443,0.0492,0.3509,2.3954,1.6733,-2.7244,0.3449,2.7712,-4.1691,2.0415,0.8565,0.7175,1.165,0.1508,-0.5683,0.1441,-1.5932,-0.8392,2.7842,2.9902,-1.0262,-0.6518,3.925,3.1283,-0.6898,0.0625,-0.6655,2.3895,1.0608,3.1133,-0.2489,3.8323,1.1398,0.2808,-0.3054,-0.7715,0.3898,0.8374,0.0694,0.4833,0.5523,-0.999,-0.7771,-0.5128,0.0115,1.4366,-1.6396,-1.7906,3.9182,4.4013,0.7839,-0.7982,3.6794,0.3933,1.4126,-1.1339,-2.8444,2.1025,1.8063,0.5503,0.8946,0.8643,-1.0785,1.037,0.6321,-2.7642,2.1506
VENHQS1SQy1BNk02OmxpaGNfdGNnYV9wYW5fY2FuX2F0bGFzXzIwMTg,-3.6382,-0.2577,-0.9546,2.359,1.7553,1.4929,-1.0904,-0.8485,-2.4293,2.8631,2.7322,-1.9123,0.1872,-0.463,0.8967,-2.7486,-3.4107,-0.9598,0.1607,1.1623,2.741,-0.3054,3.2704,0.1291,0.1653,0.3339,0.4531,1.3101,-1.4559,-4.9171,1.4254,1.3877,-3.5483,2.1734,6.5455,2.8643,1.352,3.2144,1.1191,0.4586,-0.619,0.2425,5.8237,4.0926,1.1496,3.8382,-1.3648,-0.1484,4.0324,2.0685,4.1382,2.61,5.3783,1.8423,-0.5496,1.3329,1.891,0.5724,0.4164,-1.1617,1.7072,8.3971,1.5834,-0.8221,0.3173,-2.6618,-1.0246,-0.3019,0.9599,1.6781,1.0457,-0.2478,2.366,-1.7179,0.3056,0.2569,-1.5914,-0.4848,-6.9854,-1.2844,3.3433,0.3186,9.4357,-1.8835,1.8479,1.0843,-1.1831,-0.6687,3.2019,-1.2479,0.2766
VENHQS1SQy1BNk0zOmxpaGNfdGNnYV9wYW5fY2FuX2F0bGFzXzIwMTg,-5.727,0.8557,-1.2657,4.776,1.2025,1.2899,-2.9524,0.1499,-0.9726,3.507,1.5445,0.6804,4.715,2.6449,-1.3997,-2.0211,0.1683,-0.7337,0.6564,0.8804,4.479,-0.0846,0.9175,-0.2334,1.0874,2.5747,0.4644,4.4034,0.9975,-6.7845,-1.217,1.616,-4.7823,2.4215,5.5352,4.2381,-0.626,3.3071,4.1068,0.2458,-1.9665,-1.2169,2.4717,6.5577,-0.3711,3.0011,-1.6598,-0.7501,1.7601,-0.7142,2.6956,-0.1355,2.9807,2.2816,-0.4769,4.7635,4.0641,-1.476,0.19,-1.7069,1.9678,3.1288,-1.0744,0.9645,-3.4872,-0.7952,-0.9167,-0.1164,0.1898,-1.093,-0.249,-0.2285,3.9031,-0.7783,-2.2698,0.4548,4.1709,-1.9853,-1.9078,-2.1138,-0.6274,-0.9375,1.2276,-2.5374,-0.9565,3.3313,1.6422,1.3317,0.6253,-4.6272,-0.2385
VENHQS1SRy1BN0Q0OmxpaGNfdGNnYV9wYW5fY2FuX2F0bGFzXzIwMTg,-6.0872,1.8739,1.1134,1.6296,0.3149,1.7589,-0.5393,0.5689,-2.4438,4.286,1.6598,2.6507,0.9314,-1.2056,-0.2021,-2.1169,-2.6175,-0.2994,-0.7855,0.8742,2.7337,-0.8446,1.9967,-2.6509,-1.4736,0.5999,-0.3097,1.6794,-2.0775,-3.2325,-0.2697,-1.5965,1.2643,3.8377,6.6955,3.5706,-0.312,-0.0994,4.9073,-0.4065,0.9198,-1.187,4.0471,0.0445,-1.9378,3.9757,-2.194,-3.1381,1.6566,0.4517,0.0669,1.8803,5.4575,1.9688,-1.362,1.3671,2.0195,0.1327,1.9824,0.3925,-1.1649,5.3037,2.2008,1.0674,-0.476,-0.5026,-2.1177,-0.5971,1.3542,-2.2614,-1.3246,3.7815,1.1966,-2.5441,-1.8454,1.4935,2.2965,0.0946,-4.216,0.2777,1.7632,0.3419,4.3655,-0.8775,-0.8702,0.9698,0.7719,-1.7272,3.4356,3.3728,-0.8627
VENHQS1VQi1BN01BOmxpaGNfdGNnYV9wYW5fY2FuX2F0bGFzXzIwMTg,-1.6148,-4.2876,-1.4732,2.0617,2.5976,0.1158,-1.5565,0.3245,0.6155,4.7549,2.9237,3.0037,-1.0716,-2.7888,-0.0622,-0.5002,-1.1189,2.2704,-1.584,1.8315,3.6485,1.0041,1.3418,0.891,2.3184,2.5864,1.497,2.2182,0.3369,-3.2352,-0.4275,0.7655,-1.202,2.5075,6.092,3.8576,0.3144,0.4271,2.2993,0.8675,-0.426,-0.3334,2.3899,-0.9376,-0.0441,3.9368,0.3682,1.9188,3.4836,2.9055,-1.5193,0.6649,6.0646,2.488,-1.5559,8.2833,2.2349,-0.9706,1.2769,-0.9873,-1.2404,3.4476,2.0441,0.9211,-1.9799,-2.959,1.9638,-0.3396,0.1403,-0.4207,0.7255,2.6027,2.0019,-0.4469,1.8483,-0.5796,-0.6501,0.83,-5.2056,-1.1133,-0.4955,6.1168,1.6161,2.6702,3.1964,4.467,-0.7111,2.1659,1.5258,-0.9119,2.0328
VENHQS1VQi1BN01COmxpaGNfdGNnYV9wYW5fY2FuX2F0bGFzXzIwMTg,-5.2168,-2.2061,-3.2882,1.9888,-4.0919,-2.3302,0.5962,0.3192,-2.113,5.5628,3.6361,0.8455,5.2718,-3.101,0.5641,-1.4202,-2.7173,-0.6009,1.8653,2.9738,5.0177,1.5294,3.4429,-0.9458,2.1644,0.722,0.8548,2.6346,-0.0296,-3.3868,-2.1306,0.124,0.5756,2.0031,6.8562,4.8142,-2.8334,1.5397,5.2154,-1.3279,1.3798,-1.6093,0.3969,2.3859,-0.482,5.6149,-3.3872,-3.638,4.3939,1.1706,-1.9087,1.8017,-0.6422,0.7525,-2.9156,6.0217,3.7861,2.5633,2.6081,1.981,0.4722,4.3799,1.0759,0.62,-0.8823,0.4807,0.6787,-0.5836,-2.0108,-0.9363,-2.1111,0.951,2.0741,-0.6931,1.2504,0.4329,-0.1671,-0.5578,-5.3205,-2.2975,0.9983,-1.1513,1.0765,-3.1462,1.1304,0.3159,1.3017,2.2895,1.3557,-0.22,1.252
VENHQS1VQi1BN01DOmxpaGNfdGNnYV9wYW5fY2FuX2F0bGFzXzIwMTg,-3.9935,-3.5926,-2.7971,-1.1532,-1.384,-1.0539,-1.9938,0.8102,-1.1593,4.6224,0.3918,-1.8819,2.6891,3.6451,1.7966,0.376,-2.2351,-2.7464,-2.9857,3.2567,4.1715,1.1826,1.6933,-0.3602,-2.9672,-1.003,0.9126,1.4831,2.2272,-3.0727,-0.4261,-0.5686,2.5142,0.9677,0.2805,5.3455,0.1955,0.4214,4.2869,-0.6879,4.0131,-0.5316,4.5793,0.1361,-3.252,3.4635,-2.6174,-2.8491,-1.408,0.7123,-1.6277,0.4592,-0.8473,2.0163,-2.048,-1.0629,3.0399,1.6383,-1.7554,-1.2179,-0.2554,2.1613,-2.5328,-0.0297,2.091,4.1038,-2.1355,0.7117,1.7568,-3.3674,-0.3353,1.4477,2.1273,-1.8382,1.5883,1.8416,0.0948,1.5363,-0.4703,-1.2377,-0.5959,-1.8118,7.8437,-1.2696,1.4913,1.7159,3.1051,0.4491,1.4214,3.3964,1.4572
VENHQS1VQi1BN01EOmxpaGNfdGNnYV9wYW5fY2FuX2F0bGFzXzIwMTg,-0.2157,-0.0097,0.1459,-0.3819,0.466,-1.1665,-3.4157,-0.9821,0.3766,3.0408,0.4029,0.2444,4.4968,0.3255,-0.178,1.7498,-0.5194,-0.2452,0.5914,0.6791,3.1284,0.0598,3.0577,1.1574,-0.2712,1.3544,1.2651,0.0969,1.5826,-2.3108,-0.3965,0.3519,-1.3861,1.3461,3.513,2.2639,0.8905,1.0814,-0.0251,1.4409,1.2026,0.5517,4.4608,2.0638,-1.6827,1.3566,0.4339,-0.5025,0.1603,1.9855,0.837,2.3652,0.3711,0.8879,0.7466,-2.1101,0.9529,1.5566,0.232,-1.7648,0.2302,3.4909,-0.2755,1.2856,1.3475,2.5957,-0.2584,-0.4185,1.7439,0.3048,1.1903,2.0401,-0.0219,0.4379,0.6043,1.3356,1.0266,-0.2713,-3.1158,-0.243,2.4451,0.9286,9.6186,0.7567,-0.1809,0.5016,-0.5201,-4.3456,-1.0379,4.472,-1.2999
VENHQS1VQi1BN01FOmxpaGNfdGNnYV9wYW5fY2FuX2F0bGFzXzIwMTg,-0.4711,-1.1799,0.3261,2.0442,1.4847,-0.2595,1.9786,-0.6351,1.0732,2.9022,1.7607,1.1065,3.4148,-3.8772,1.3964,1.4247,-1.1265,0.4708,1.5611,1.3988,2.6132,-0.2469,2.2274,2.2069,-1.2469,-0.5068,0.9718,3.2753,-0.9525,-0.6651,1.3575,-5.1655,-3.2127,3.4774,4.7684,2.4276,-0.3828,0.3539,4.7823,0.6824,-4.3514,-0.9456,0.1812,2.2369,-0.5967,2.2758,1.5772,1.7898,2.2094,1.5832,-0.3382,-0.1085,5.4234,3.9327,-1.9924,4.4441,3.7416,2.328,1.9703,-0.4759,1.8201,5.3304,3.0071,1.4472,-1.3761,-3.4458,-1.4352,-1.3807,1.6584,-1.9823,0.3178,2.7179,0.4852,0.8064,-0.4228,-0.1084,-0.3231,0.8819,-0.109,-0.0292,1.5563,1.9422,-1.7991,-0.1743,-2.7629,-0.5648,-0.9152,0.7954,1.5485,-1.4877,0.3227
VENHQS1VQi1BN01GOmxpaGNfdGNnYV9wYW5fY2FuX2F0bGFzXzIwMTg,-2.8571,0.1674,0.8917,2.0223,0.6879,-0.3524,-2.439,-1.4691,-0.4115,5.4449,2.5479,5.4825,3.5067,-5.5844,-1.0007,-3.3585,-2.7501,-1.4507,1.2889,1.8553,3.6523,0.4807,1.2855,-0.4177,-0.6355,1.7349,0.2205,1.189,-2.2913,-4.6007,0.572,-0.0115,-5.4758,2.7775,4.037,2.9934,-2.4781,0.1663,3.774,1.2073,-1.7038,-0.8393,1.8516,3.9078,-0.102,4.4261,-2.2165,-2.2921,0.26,2.3798,-2.5715,0.4445,4.5385,1.6955,0.0939,8.3243,3.4141,-0.3836,2.83,0.0912,-0.4407,0.6253,3.2743,2.0996,-0.6469,-9.9049,0.0099,-1.1441,0.2334,-2.2389,-3.844,3.7203,0.9379,-2.6703,-1.5524,-1.8745,-2.1021,0.3032,4.4376,0.7986,-0.1738,-0.3184,1.4959,-0.7924,-2.4941,-2.8934,-1.4508,0.5027,2.5053,-2.9107,1.0511
VENHQS1VQi1BQTBVOmxpaGNfdGNnYV9wYW5fY2FuX2F0bGFzXzIwMTg,1.6338,-1.5374,-0.9878,1.6898,1.2693,-3.2136,0.0679,0.4209,1.237,4.7906,1.131,0.4488,0.3338,-0.3147,0.1196,2.743,-0.9835,0.544,-1.5662,1.6685,2.8515,0.4669,0.4133,3.3765,-0.0357,-0.2828,-0.3825,2.0763,0.7105,-0.3832,-0.0842,0.9957,-2.1017,1.976,5.6091,3.5771,-0.7024,0.327,3.907,0.541,1.2517,-0.9494,2.4693,1.0469,-0.9974,4.1778,1.7618,1.285,1.2826,0.7239,1.3758,1.652,4.5374,1.9836,-1.5082,3.5377,2.6658,1.8378,0.0782,0.659,0.8065,1.1722,-1.0225,0.6847,1.6865,-1.9571,0.1344,-0.0692,1.173,-0.834,1.5532,2.8105,-0.5843,2.8256,0.7122,0.4785,-1.1793,-1.0124,-0.4549,0.225,2.6656,1.1385,1.7901,2.8862,-0.08,0.7457,-0.599,1.5153,1.1413,-0.4156,0.0912
VENHQS1VQi1BQTBWOmxpaGNfdGNnYV9wYW5fY2FuX2F0bGFzXzIwMTg,1.259,-0.2121,-0.4306,1.1786,1.4808,0.1152,0.2467,0.8963,2.5445,0.3686,1.6,-0.1314,-0.1279,0.6795,0.9814,2.7541,-0.0399,0.8694,-1.5136,1.1076,1.1458,0.9997,0.6052,1.4254,0.6728,-1.2396,1.3929,2.3009,0.8816,-1.2729,-0.0467,0.5675,0.9226,0.6402,-0.1028,0.9257,0.9444,0.6017,1.288,0.7541,0.5707,-0.2476,1.2344,-1.5051,-0.4099,1.415,1.6343,1.5797,-0.129,-0.2881,-1.1782,1.4073,0.4933,1.3948,-1.7261,1.1438,0.803,0.9874,0.0118,0.8731,0.9586,-0.1323,0.1187,1.2014,0.0819,0.6907,1.7196,0.2701,1.6606,0.5641,0.2687,0.0148,1.1146,2.1344,1.0129,1.0116,-0.1973,0.7596,0.3274,0.1869,0.0171,1.7321,0.0525,0.1124,0.3844,1.7854,-0.6921,1.3904,0.2359,1.4098,1.435
VENHQS1XSi1BODZMOmxpaGNfdGNnYV9wYW5fY2FuX2F0bGFzXzIwMTg,-6.8156,-3.6551,0.5678,1.7734,-0.9081,-0.9698,0.1535,-0.5777,-0.3384,3.9002,1.4527,3.2689,5.5975,-2.8788,0.2918,-3.001,-3.1699,-1.0504,1.4044,2.4737,2.4351,0.4156,0.844,-2.6158,-1.9294,2.4586,1.1244,3.8274,-0.1357,-3.5625,1.6519,0.3102,-3.5228,1.1956,4.4314,5.2634,-4.2104,0.8492,2.0217,-1.5406,1.221,-1.6892,3.8403,3.1425,-2.2964,1.4832,-3.187,-2.1559,1.68,0.1816,0.9419,0.3437,2.2202,2.2052,-1.2514,2.39,4.7759,3.0443,2.8916,-0.2516,0.0194,2.6251,3.0884,3.395,-0.3242,1.1123,-0.0035,0.2275,-0.1676,-1.5855,3.014,-0.5307,-1.8268,-1.5614,-0.1338,-0.3459,0.3122,0.4052,0.1911,-1.2437,3.6578,-2.6879,2.5395,-3.4997,1.0194,2.0284,-1.793,2.4741,-0.0665,0.3827,0.0514
VENHQS1XUS1BOUc3OmxpaGNfdGNnYV9wYW5fY2FuX2F0bGFzXzIwMTg,-3.7358,-0.9631,0.7282,1.5399,1.3163,2.3815,-2.0415,-0.4134,1.5464,5.042,-0.3515,-0.2656,2.8155,-0.6275,-1.5194,-1.5265,-1.4987,-0.9354,2.8146,0.1471,3.0537,-0.4562,0.5399,1.3768,2.5498,1.1473,2.3935,1.269,-3.6851,-6.0141,-0.6401,-0.2915,-5.5875,0.8936,4.5295,2.4879,0.0125,1.3138,5.0072,-0.4896,-2.2294,0.1782,3.082,5.4917,1.1056,1.8392,-1.1882,-0.262,0.8683,-0.3539,0.2325,-2.1277,2.2023,4.3298,0.6609,5.521,3.4849,2.8361,1.5565,0.0903,0.0561,5.2272,3.948,2.5592,-3.4257,-3.4077,1.6303,-2.1676,0.8401,2.1284,1.2775,-1.3183,2.4464,-1.6533,0.3741,-0.0223,-0.5538,0.3269,-4.5737,-2.4175,1.2124,1.5804,-2.4323,0.0818,-0.8268,-3.0071,0.4386,0.1837,2.1544,-0.2941,1.8651
VENHQS1XUS1BQjRCOmxpaGNfdGNnYV9wYW5fY2FuX2F0bGFzXzIwMTg,-2.5741,-3.151,-1.1616,2.3808,0.5947,-0.7428,-2.6225,-2.6987,0.4111,2.3555,-0.907,0.2827,3.6824,-2.2259,-1.5714,1.3958,-2.2232,-1.3876,3.0508,-0.6754,1.5479,-0.4451,0.7317,1.7587,0.6423,2.5511,1.1754,0.5128,-1.2956,-5.1359,-1.3167,-0.6579,-4.6578,0.2457,2.0355,1.6041,-1.9311,0.1969,0.8137,0.8679,-2.8113,-0.7299,1.2877,0.7556,1.2939,-1.0704,1.5261,1.9813,1.6897,2.2232,1.3745,0.711,-1.6154,3.8001,-0.6788,1.7961,2.918,-0.9588,-0.7145,-1.4939,-2.4648,-1.6973,4.228,-0.5409,-1.3144,-3.2665,-1.0332,-2.0665,0.4389,0.0844,1.9128,0.1407,0.211,-4.8754,-2.7026,-2.2658,2.2305,-0.235,-3.0188,-2.4942,-0.7121,0.8364,2.2594,-1.4005,-1.5262,-1.2407,-1.4829,-0.0142,-1.135,-2.2958,-0.0805
VENHQS1XWC1BQTQ0OmxpaGNfdGNnYV9wYW5fY2FuX2F0bGFzXzIwMTg,-3.4425,-4.7037,-0.6627,1.6247,0.8761,-2.0365,-1.7672,0.4276,0.3651,5.0026,0.6236,1.3786,2.9036,-1.3437,-1.3428,-0.1429,-2.7469,-0.2719,1.9475,1.8088,2.8213,0.0354,0.7189,-0.0532,0.2713,1.307,0.7416,-0.0413,0.4487,-3.8275,-0.5299,0.0963,-3.145,0.8401,4.5926,2.2336,-1.1712,0.4433,2.2026,-0.448,0.659,-0.1254,3.1456,4.0361,-0.4087,3.2275,0.0273,0.4798,-1.3871,-0.6958,-0.3221,0.9088,3.3688,2.7166,-0.4507,4.4066,2.5491,1.9066,2.0424,0.7995,0.1884,1.853,2.5584,0.7788,-2.3245,-2.7389,2.4462,-1.7364,0.8645,-0.3122,1.2398,2.0834,1.6589,-0.6313,-1.7969,-0.4949,0.7885,-0.1256,-4.7331,-1.9614,1.4429,0.5135,6.6041,1.2752,-0.1261,0.0352,-0.6258,1.7427,1.4132,-1.3317,0.7673
VENHQS1XWC1BQTQ2OmxpaGNfdGNnYV9wYW5fY2FuX2F0bGFzXzIwMTg,0.0298,-0.1997,-1.1344,-0.2294,0.1284,1.5942,-0.2542,-0.044,1.5051,0.3744,-0.4777,-1.8278,-0.1425,1.2307,0.5309,1.1753,0.9102,0.8794,0.3736,0.4046,0.3133,0.4664,-1.2211,-0.1529,-0.3958,-0.1909,1.6083,1.3431,0.7587,0.0487,-0.5396,-0.2318,0.3035,-1.0366,0.4637,-0.7303,1.5833,0.8869,1.4865,0.0155,1.4451,0.6697,0.0426,-1.5604,0.4108,0.4314,-0.9528,-0.5136,0.5248,-0.1521,-0.8714,0.8173,-0.8154,1.268,-0.6156,-1.5931,1.1655,1.4892,-0.2712,1.3747,0.2681,-0.1752,-0.8283,-0.3263,0.1369,0.5489,1.7101,0.4849,1.4477,0.0609,0.5306,-0.0976,0.8957,-0.6344,0.8495,1.218,0.9876,0.4451,1.6414,-0.7161,-0.5335,0.1107,0.9114,0.0159,-0.5865,0.3059,0.1365,0.6863,-0.7383,0.8188,-0.2321
VENHQS1XWC1BQTQ3OmxpaGNfdGNnYV9wYW5fY2FuX2F0bGFzXzIwMTg,-8.6393,-6.8892,-1.3751,4.1879,0.1715,-3.5931,-6.5468,-2.517,-0.0326,4.2769,-0.2452,-1.1511,2.2864,-4.4952,-1.0128,-2.2969,-2.4963,-4.0787,6.4707,0.1565,1.1808,0.3813,1.8008,-0.213,0.5975,4.476,-0.7849,1.1362,-2.2421,-4.261,0.6364,1.5377,-4.495,-0.3577,2.5573,2.788,-2.1207,0.4964,-0.6344,-1.7519,-1.6433,-1.2094,1.9966,4.4476,2.39,0.8043,-2.6731,-3.0956,-0.2416,-0.2821,-2.1642,0.3426,3.4502,4.5286,2.5445,3.6142,2.5508,1.8002,-3.5391,1.5269,-1.6202,0.3374,1.9888,0.7846,0.0437,-1.4151,-5.2421,-0.98,0.6735,1.2948,-0.3802,1.6084,2.6978,-2.6284,-1.3778,0.9197,4.785,-1.8832,1.3442,-4.5051,-1.6351,-0.9749,0.5482,-2.3361,-0.6288,-0.261,-2.8498,-0.2207,-0.008,1.5052,1.7922
VENHQS1YUi1BOFREOmxpaGNfdGNnYV9wYW5fY2FuX2F0bGFzXzIwMTg,1.3783,0.0238,1.4175,-0.6782,1.3535,-1.9285,-1.4005,-1.0718,1.0016,4.0738,0.982,2.2325,3.864,-0.9142,-0.9786,2.5313,0.0662,1.1028,-1.3015,2.886,3.6869,-1.4191,2.0586,3.7762,-0.1309,1.2413,0.0369,2.897,-0.1675,-0.6787,-0.655,0.381,-4.0949,1.1572,5.0369,3.6002,0.9612,3.0102,4.0162,2.2661,0.6186,-0.7703,0.8946,2.2676,-3.2117,2.3101,1.3813,1.899,1.5155,1.6543,0.9999,1.3916,2.9793,1.8778,-1.2077,3.7117,3.9988,0.6166,3.2679,-2.8975,-0.4318,1.6127,3.4558,1.1138,-0.8523,3.4216,0.1539,0.9735,0.7721,-0.0046,-0.0738,0.4242,0.4419,1.091,0.228,0.9767,1.7524,-0.951,-2.2033,1.0393,2.6133,1.2138,1.2426,0.0888,0.5285,0.0083,-1.2063,0.7193,-0.138,-4.0868,-0.0713
VENHQS1YUi1BOFRFOmxpaGNfdGNnYV9wYW5fY2FuX2F0bGFzXzIwMTg,0.0561,-2.3063,-2.4064,1.0883,-1.6603,2.5719,-4.2915,-0.2114,0.1068,-0.2302,1.3286,0.0721,2.2995,2.8311,1.2933,0.499,-1.3234,0.0977,-2.8454,-1.397,0.1003,1.8574,2.6243,1.8762,-2.5795,-1.7541,0.8893,2.8161,-2.9009,-8.4183,-0.6233,-2.5448,2.8166,2.2863,2.0168,2.259,1.5691,-0.2028,0.7326,-1.1908,0.127,0.8541,3.7233,0.1258,-1.1264,-0.4451,0.7452,1.5549,-2.7017,-0.4285,-2.8681,1.6819,7.2048,4.0597,-0.6387,-0.3983,2.8125,2.9103,-1.0719,-6.5244,-0.4424,4.6735,-3.2018,0.7398,1.4591,4.6111,-3.2888,0.8548,-0.7806,2.1467,-11.0537,2.9087,1.5873,0.3371,0.5789,1.3983,-1.1521,-1.0656,-7.3127,-1.6243,-1.9345,-1.7717,2.0937,-2.2574,-0.0533,2.2898,2.996,1.6901,1.6154,5.3721,-0.5758
VENHQS1YUi1BOFRGOmxpaGNfdGNnYV9wYW5fY2FuX2F0bGFzXzIwMTg,-5.318,0.7034,-1.657,0.4805,-2.7556,-1.2853,2.9644,-1.04,-0.9597,1.7072,2.2652,-3.2332,2.9422,3.6257,0.5499,-0.4479,-2.8172,-2.164,-1.1364,-0.219,2.0394,-0.0925,-1.1771,-1.956,-3.214,1.6288,1.0687,1.4,-2.551,-0.3182,0.9605,-2.6057,-4.4046,1.3377,4.0575,1.587,-0.0665,0.8041,2.3045,-1.0714,3.7025,-0.5461,2.2533,-0.3684,1.3604,1.9941,-2.2083,-4.0676,3.9032,1.0939,-1.7413,-0.0555,2.3564,-2.2771,-2.5512,-0.2551,3.1116,-0.2078,0.7733,-2.2635,-0.1729,1.7219,-2.5854,-2.0402,-1.4387,1.8273,-2.7507,-1.2033,2.1832,-4.2144,-1.411,-0.5446,-0.7537,-3.5875,-0.0315,3.3104,-1.0557,-0.7166,-4.549,-1.4388,-3.3629,-0.6527,4.0979,-0.7413,1.9045,2.0145,-0.4019,1.7017,0.2162,-0.9581,0.7155
VENHQS1YUi1BOFRHOmxpaGNfdGNnYV9wYW5fY2FuX2F0bGFzXzIwMTg,-1.527,-0.4355,-0.2456,0.4399,-0.4487,-0.9434,1.6995,-1.7304,0.0725,3.6074,2.5974,2.0675,3.2969,-4.4542,1.2312,0.6841,0.436,0.8577,0.813,0.0867,4.0565,2.1907,-0.2067,2.7772,-0.7888,0.8505,1.7476,3.1556,-0.5,-2.5247,-1.4422,1.5017,-2.9805,2.0664,5.9204,3.8198,1.5079,0.5742,4.3547,-1.4644,-0.0412,1.1166,4.0987,-2.1362,-3.7497,4.0209,0.6294,0.4506,3.9113,0.2429,-0.1386,2.5277,5.016,1.7932,-0.0674,1.5586,1.4862,2.7785,0.3129,-0.7649,0.4039,1.3486,-0.6426,-0.5906,0.7756,1.9076,0.005,0.0882,1.0211,-0.8735,1.505,1.2129,0.2299,1.7846,1.3578,1.0664,-0.3756,0.2533,4.209,-1.7056,1.9457,1.6582,4.2503,0.7848,2.9496,0.7369,0.6796,2.0511,0.2057,-1.7998,-0.6378
VENHQS1ZQS1BOFM3OmxpaGNfdGNnYV9wYW5fY2FuX2F0bGFzXzIwMTg,-1.5128,-3.9683,0.6262,1.9256,3.4851,1.4779,0.1956,1.2067,1.2079,5.3674,2.003,2.7017,4.9461,2.714,-0.6344,-0.4102,-1.9345,-0.711,1.0267,1.9534,3.534,0.6166,2.7232,4.3428,3.6734,1.4239,-0.0931,2.9075,1.5328,-3.0344,-0.2104,-1.2499,-3.8646,3.6324,6.0266,4.2591,1.9322,3.1457,2.4778,3.9673,0.0357,-0.6942,3.5688,5.2778,-0.4492,3.5035,2.6986,-0.1009,-0.6289,1.5042,0.3591,1.5607,-0.4184,1.6303,0.3651,5.8443,2.2656,1.5402,3.1536,-0.2173,1.8955,6.2158,1.762,-0.5754,-0.5649,-0.682,3.0937,-1.1645,0.2918,1.4096,-0.2869,1.6753,2.4783,1.015,-2.6649,0.4282,2.9584,0.2267,-0.609,1.0664,3.1292,1.8733,7.9407,1.4897,-1.4768,2.7353,0.2065,2.0517,1.1572,-0.1,0.6671
VENHQS1aUC1BOUNWOmxpaGNfdGNnYV9wYW5fY2FuX2F0bGFzXzIwMTg,-0.5341,0.6374,-0.276,-0.2973,0.6034,2.1025,-0.0684,-0.9233,0.4326,2.0199,0.3631,-1.1277,2.5223,-3.4447,-0.4828,2.0607,-2.1623,-0.8552,0.7231,1.2447,2.2158,0.7466,0.8965,1.0088,-0.111,0.9018,1.0653,0.8264,0.5586,-3.9109,-1.1245,1.5269,-1.4222,3.2615,2.663,1.8835,-2.5926,1.4611,1.2019,-0.2677,0.7418,-0.5389,3.6337,1.1006,-0.4975,0.1163,1.1112,-0.9121,1.0803,1.6147,1.6234,0.5632,1.5909,2.5655,-0.1536,1.2121,0.9998,1.5226,-1.4626,-1.0771,-1.0632,1.2482,-0.8372,1.2078,1.2727,-1.858,-0.707,-0.8537,1.8255,-0.9861,2.3019,0.3446,-0.6942,0.6127,0.2221,0.2961,-0.6384,1.095,0.1845,0.0169,2.1001,0.0252,6.2776,-0.5991,-0.6972,-0.6486,-1.5743,0.8809,0.2497,0.0539,2.8673
VENHQS1aUC1BOUNZOmxpaGNfdGNnYV9wYW5fY2FuX2F0bGFzXzIwMTg,-0.2031,-0.3139,0.1136,0.5126,-0.3301,-0.0246,0.4493,-0.8328,1.0922,1.7448,0.7675,0.7522,1.6249,-0.605,0.461,1.8457,-2.3605,-0.1187,0.2666,1.1005,1.0657,0.5926,0.2671,0.5386,0.6201,-0.1124,0.6325,1.4837,0.2742,-2.4144,0.8273,1.007,-0.8373,0.8493,0.701,1.998,0.3894,-0.3666,1.635,0.5072,-0.0743,-1.5222,0.9665,1.4965,-0.7337,0.712,0.7694,0.2156,0.9763,1.5126,-0.0182,1.624,1.2263,2.09,-1.1233,1.8244,1.4215,0.682,0.0335,0.0064,-0.716,1.4563,-0.9181,0.8486,1.3084,-0.7924,0.0625,-0.3759,2.0103,-1.6448,1.8428,0.742,-1.3983,0.6649,1.1376,-0.0865,-0.2346,1.076,1.1968,-0.0774,1.8303,0.882,2.7503,-0.1303,0.7239,0.7928,-1.3318,0.7895,0.6259,-0.7835,1.1468
VENHQS1aUC1BOUNaOmxpaGNfdGNnYV9wYW5fY2FuX2F0bGFzXzIwMTg,-3.4452,1.3335,-0.5478,0.1001,1.2898,0.5259,-0.2735,-2.0292,0.7916,5.1327,4.2088,-0.0924,0.8862,-5.4062,-0.2821,0.906,-1.1273,0.0147,0.4653,2.711,4.6411,-1.1158,2.3937,1.0596,0.8963,2.0043,-1.1439,2.0257,-0.2962,-2.9254,-2.441,-0.0157,-3.1635,2.0694,6.4134,3.3346,-2.9276,0.6758,5.2828,0.3647,1.6586,-1.7487,2.3272,1.3262,-1.4466,4.1656,0.8308,-0.1077,1.8588,1.1082,-0.8769,1.2022,1.7499,1.4733,-1.4686,3.0305,2.1602,1.3695,2.8805,-0.6336,1.57,2.6377,2.75,-0.2431,-1.1215,-2.1951,-0.0438,-0.3967,0.4336,-1.1043,0.1787,3.5102,2.081,-0.1616,-0.4131,0.3947,-1.8432,0.4561,3.0573,0.2152,1.9189,0.9159,2.6813,0.1211,-1.8086,-1.5108,-0.0649,0.7932,2.1523,-1.4227,1.7726
VENHQS1aUC1BOUQ0OmxpaGNfdGNnYV9wYW5fY2FuX2F0bGFzXzIwMTg,-5.3044,-0.3959,-2.6056,-0.5683,-0.8863,1.0066,0.1838,-1.4303,-0.9385,2.6786,-0.1856,-2.197,3.8862,-0.0733,1.4655,1.5437,-2.3902,-1.5679,-2.1567,0.6389,2.0277,1.5505,1.8696,-0.7711,-0.9248,0.2168,-0.4025,2.1162,0.6764,-0.9775,-0.2785,0.6852,2.4895,-2.5449,2.4627,3.6776,-2.8765,0.1392,0.5053,-0.6312,-0.1429,-2.9688,3.4033,-1.8784,-1.2837,1.6493,-2.6363,-2.8289,2.2598,1.1847,-1.1811,-3.0081,0.2883,-0.5192,-1.7342,-1.6032,2.4589,3.2574,-1.8826,0.8247,-0.7218,3.677,0.7034,0.4877,0.0845,3.1419,-0.1262,0.4104,3.2042,-3.1921,2.1293,-1.5437,-2.5056,-2.0147,0.596,1.5491,1.5552,1.6729,-2.7663,-1.5197,-0.1142,-1.3829,7.9222,-2.0502,1.1451,2.1357,-1.7435,0.4442,0.093,5.8125,-1.2216
VENHQS1aUC1BOUQwOmxpaGNfdGNnYV9wYW5fY2FuX2F0bGFzXzIwMTg,-1.3944,2.0239,-1.6339,-1.9719,-0.2326,2.628,2.4213,-1.2207,0.1846,1.6484,1.4532,-0.9826,2.0738,-4.2584,0.1962,1.3044,-3.2777,-1.9142,-0.1236,-0.6335,1.9032,0.4979,2.6255,0.4918,-1.9497,1.079,0.3522,3.8021,-1.2478,-3.415,1.3362,1.9542,-2.2304,0.8594,0.5614,0.8171,-0.1054,-2.3388,1.896,-0.3651,2.4101,-1.2338,0.1745,0.7935,0.4772,-0.1562,-0.678,-1.0681,1.6575,-2.4351,-0.3687,-1.0826,2.4588,2.0616,-0.0131,0.3896,1.9135,1.6085,-2.6812,-0.3684,-1.6316,-2.814,-2.3276,-0.9713,2.2498,-2.719,-1.2441,-0.622,0.8892,-0.8446,-0.2241,-1.1168,2.1951,1.4022,2.6,0.245,-2.5396,1.3439,3.7183,-1.0256,-1.1487,-0.7961,1.3575,-0.9552,-0.0075,-2.6357,-0.4263,-2.2448,1.6966,-0.2439,1.5035
VENHQS1aUC1BOUQxOmxpaGNfdGNnYV9wYW5fY2FuX2F0bGFzXzIwMTg,-0.9663,1.3686,0.663,1.6928,0.1106,-0.5983,-0.1983,-1.3242,0.9624,0.8253,1.2559,-1.2583,6.5788,-1.9633,1.9875,2.9913,-2.0182,-0.7535,0.6888,0.6268,1.2811,0.5198,0.4994,3.5805,1.5263,1.5475,1.8046,2.686,-0.5648,-0.2795,0.1762,0.5743,-2.7351,1.6093,1.6603,1.1324,0.7815,-0.4797,1.2561,-0.0534,0.1532,0.6552,3.7047,-1.5951,-1.6009,-0.4746,1.023,0.218,2.3563,1.39,0.8619,2.5049,0.2479,2.813,-0.5336,2.1171,1.9225,1.592,-0.2213,-1.0064,0.6336,1.3805,-0.2122,1.632,3.0077,-0.9753,1.6836,-0.2448,0.7144,-0.2642,1.2928,0.7818,2.3415,2.113,1.5736,2.3455,0.2223,1.6065,0.2727,-1.0652,3.2615,1.0604,5.4324,-0.4464,0.6464,0.4275,0.0152,-0.5159,0.3157,-3.3963,1.3763
VENHQS1aUC1BOUQyOmxpaGNfdGNnYV9wYW5fY2FuX2F0bGFzXzIwMTg,1.1999,-0.5615,-1.8658,2.2317,2.1454,4.4174,1.1297,0.6115,3.0649,3.7796,3.2223,1.6714,1.4059,-1.5909,2.1398,1.789,-1.9784,1.1019,0.8147,4.4767,2.1606,0.1705,3.2507,2.5084,5.1041,-0.0665,0.0498,3.3293,1.8394,-5.071,-0.1685,-0.4237,-1.6478,0.577,1.123,3.6791,0.9006,0.5075,2.7304,0.5958,2.2715,-1.4102,2.9068,3.0672,-2.0592,1.0013,1.1428,0.8905,3.6358,1.3887,0.3521,1.7034,1.0458,3.0526,-1.4293,5.2751,0.8746,2.8332,0.0898,0.5938,-1.6314,2.5987,2.7672,0.7157,1.6185,-0.1992,-0.5111,1.1084,0.8676,-2.5064,3.1583,3.5332,2.1029,1.7091,1.3107,1.1338,0.1725,1.6815,-4.6416,-0.5708,-0.5872,3.1789,4.2941,3.0343,2.0122,4.6822,0.3288,1.9454,0.9762,-0.6668,-0.2821
VENHQS1aUy1BOUNEOmxpaGNfdGNnYV9wYW5fY2FuX2F0bGFzXzIwMTg,-1.8302,-1.0948,-0.7008,0.9876,-1.1663,-1.0666,-1.253,-1.3932,0.4202,0.8116,-0.1381,-0.4005,2.3395,-1.4567,-0.9119,1.7392,-1.3973,-0.809,0.9395,-0.9264,0.6436,-0.2272,-0.2794,2.3055,1.1848,3.0134,1.1762,0.7187,-0.4313,-3.0606,-0.1095,-0.0372,-2.5634,1.0122,0.6322,0.0157,0.9666,0.1005,-0.3979,0.6579,-1.0311,0.5364,2.9573,1.675,1.2032,0.605,1.2718,0.7525,0.8524,1.5471,0.9883,2.0338,-0.162,2.6811,0.3735,2.2582,1.091,-0.0769,-1.3632,-2.1869,-1.4818,2.1091,2.0709,-0.1697,-0.3778,0.6286,0.4049,-1.2194,0.8108,0.5855,1.5677,0.3656,0.6649,0.4151,-1.0591,-0.7028,0.9052,-0.648,-2.4331,-1.1107,1.0292,0.023,6.271,-1.7099,-1.129,-0.391,-1.0916,0.5511,0.3176,-2.2897,0.0302
VENHQS1aUy1BOUNFOmxpaGNfdGNnYV9wYW5fY2FuX2F0bGFzXzIwMTg,-6.1991,-1.1978,-1.7682,0.1135,-3.3199,-1.4915,-2.5665,-1.8245,-1.199,1.921,-2.2136,2.1508,2.0965,-1.9726,0.4887,-0.631,-3.3155,-1.6123,-0.2783,-0.4986,2.0388,0.8801,-1.7351,-3.5002,-4.2034,2.0039,0.1524,2.4077,-1.0269,-4.2145,0.1367,-1.0159,-1.2747,0.0085,-2.02,2.5107,-3.2705,-0.4221,2.6373,-2.8606,-0.3212,-2.1334,0.1608,1.274,-0.4741,2.0465,-2.1035,-2.1854,0.8329,0.2932,-0.7879,-1.8054,0.5112,2.8159,-1.2533,1.2205,2.5538,0.308,-3.1075,1.2529,-2.0675,-1.6715,-1.0747,5.2094,1.3413,-2.0241,-1.0768,-1.5764,1.3984,-1.1965,0.7655,-2.6826,-3.0634,-3.4098,-1.2859,1.9065,2.5235,0.9494,-6.0452,-3.9954,0.2771,-1.6829,1.274,-0.518,-0.8371,0.6275,-3.3074,0.8581,0.1967,-0.6648,-0.6826
VENHQS1aUy1BOUNGOmxpaGNfdGNnYV9wYW5fY2FuX2F0bGFzXzIwMTg,-4.9998,-0.5447,-0.2796,-3.1716,0.0127,0.598,0.9101,-1.6377,-0.1477,5.1142,2.797,0.8178,0.1284,-4.3276,1.0095,1.64,-2.4304,-2.9643,2.0544,-1.9805,3.4879,-0.6151,-0.9557,0.9801,-1.2333,-0.6665,-0.7264,2.3729,3.6453,-1.0165,-2.0665,1.1462,-2.2873,-0.414,6.6155,4.3936,0.8698,-1.9724,2.3448,-0.3297,0.754,-1.3775,1.187,-3.4233,-6.1945,3.4259,-2.1431,-3.419,-0.0019,-2.4918,0.1359,-1.1841,5.4092,1.9223,-1.6578,2.8998,2.6454,3.5307,0.0184,-1.1242,-0.0702,1.4412,-2.3512,-0.6798,0.4712,-3.8025,-0.6422,0.5482,-0.6143,-3.5038,3.3307,-0.1084,-2.0727,-1.515,-0.2948,1.318,1.4645,2.2508,1.5783,-0.7718,0.08,-0.1492,0.3723,3.268,-0.3691,-2.6447,-2.5039,2.7105,1.037,-3.6226,-1.0464
VENHQS1aUy1BOUNHOmxpaGNfdGNnYV9wYW5fY2FuX2F0bGFzXzIwMTg,-4.7113,-2.2965,-1.1556,-0.0171,-0.5763,2.5175,-0.2322,0.2438,-3.4233,0.2546,-1.6203,2.9904,2.6837,1.7291,1.6744,-0.2893,-0.7129,-1.2712,-0.5494,0.0959,0.9735,0.1074,-0.6936,-0.6145,0.4488,2.1529,0.5365,1.1339,-0.0376,-1.1658,-1.0834,2.0652,2.2739,1.2409,-0.0542,1.9639,0.4754,0.3597,1.1462,-0.8494,0.0859,0.1282,1.1176,2.483,1.2642,1.6112,-2.4341,-3.0092,1.3017,-0.3799,-1.8581,1.3031,-0.0644,-0.7742,-1.9948,-0.2574,1.4103,1.0372,-0.4661,-0.8295,-1.8488,1.7031,-2.0278,-0.0475,-0.7927,1.2606,-0.1174,-0.2158,1.6599,-1.1041,-1.9487,0.1547,-0.3149,-2.8839,0.974,0.3131,0.6617,0.4758,-0.4338,-2.204,-2.0283,-1.1168,0.4876,-1.2209,-0.6092,2.5862,-1.2868,0.9491,1.7117,4.4336,0.0055
